timestamp	steps	distance_m	activity_level	sleep	room	cercania_distance_bedroom	cercania_distance_toilet	cercania_distance_living_room	cercania_distance_kitchen	pir_bedroom	pir_toilet	pir_living_room	pir_kitchen	fridge_open	toilet_tap_on	kitchen_tap_on	toilet_humidity_pct	kitchen_cabinet_open	tv_power_w	toilet_lux
2026-09-16T00:00:00+02:00	0	0.0	sleep	1	bedroom	0.881	0.288	0.375	0.081	0	0	0	0	0	0	0	47.0	0	0.6	0.1
2026-09-16T00:01:00+02:00	0	0.0	sleep	1	bedroom	0.883	0.292	0.322	0.082	0	0	0	0	0	0	0	47.2	0	0.6	0.3
2026-09-16T00:02:00+02:00	0	0.0	sleep	1	bedroom	0.861	0.273	0.333	0.078	0	0	0	0	0	0	0	46.9	0	0.6	0.5
2026-09-16T00:03:00+02:00	0	0.0	sleep	1	bedroom	0.871	0.232	0.388	0.110	0	0	0	0	0	0	0	47.4	0	0.6	0.3
2026-09-16T00:04:00+02:00	0	0.0	sleep	1	bedroom	0.853	0.255	0.348	0.099	0	0	0	0	0	0	0	46.8	0	0.6	0.4
2026-09-16T00:05:00+02:00	0	0.0	sleep	1	bedroom	0.859	0.231	0.308	0.098	0	0	0	0	0	0	0	47.2	0	0.5	0.4
2026-09-16T00:06:00+02:00	0	0.0	sleep	1	bedroom	0.874	0.298	0.309	0.071	0	0	0	0	0	0	0	47.2	0	0.6	0.3
2026-09-16T00:07:00+02:00	0	0.0	sleep	1	bedroom	0.891	0.299	0.329	0.137	0	0	0	0	0	0	0	47.1	0	0.6	0.2
2026-09-16T00:08:00+02:00	0	0.0	sleep	1	bedroom	0.879	0.247	0.331	0.097	0	0	0	0	0	0	0	46.8	0	0.6	0.1
2026-09-16T00:09:00+02:00	0	0.0	sleep	1	bedroom	0.914	0.295	0.400	0.106	0	0	0	0	0	0	0	46.7	0	0.6	0.2
2026-09-16T00:10:00+02:00	0	0.0	sleep	1	bedroom	0.907	0.253	0.386	0.101	0	0	0	0	0	0	0	46.9	0	0.6	0.2
2026-09-16T00:11:00+02:00	0	0.0	sleep	1	bedroom	0.902	0.284	0.388	0.101	0	0	0	0	0	0	0	46.9	0	0.6	0.3
2026-09-16T00:12:00+02:00	0	0.0	sleep	1	bedroom	0.903	0.244	0.360	0.076	0	0	0	0	0	0	0	47.2	0	0.6	0.3
2026-09-16T00:13:00+02:00	0	0.0	sleep	1	bedroom	0.897	0.268	0.324	0.098	0	0	0	0	0	0	0	46.7	0	0.6	0.5
2026-09-16T00:14:00+02:00	0	0.0	sleep	1	bedroom	0.852	0.284	0.308	0.116	0	0	0	0	0	0	0	46.7	0	0.6	0.2
2026-09-16T00:15:00+02:00	0	0.0	sleep	1	bedroom	0.895	0.268	0.375	0.057	0	0	0	0	0	0	0	47.4	0	0.6	0.5
2026-09-16T00:16:00+02:00	0	0.0	sleep	1	bedroom	0.917	0.236	0.303	0.136	0	0	0	0	0	0	0	46.9	0	0.6	0.2
2026-09-16T00:17:00+02:00	0	0.0	sleep	1	bedroom	0.925	0.285	0.390	0.117	0	0	0	0	0	0	0	47.1	0	0.7	0.4
2026-09-16T00:18:00+02:00	0	0.0	sleep	1	bedroom	0.914	0.235	0.396	0.118	0	0	0	0	0	0	0	47.0	0	0.5	0.3
2026-09-16T00:19:00+02:00	0	0.0	sleep	1	bedroom	0.916	0.263	0.317	0.108	0	0	0	0	0	0	0	46.9	0	0.5	0.1
2026-09-16T00:20:00+02:00	0	0.0	sleep	1	bedroom	0.882	0.222	0.331	0.104	0	0	0	0	0	0	0	47.5	0	0.6	0.4
2026-09-16T00:21:00+02:00	0	0.0	sleep	1	bedroom	0.858	0.248	0.367	0.079	0	0	0	0	0	0	0	47.0	0	0.6	0.3
2026-09-16T00:22:00+02:00	0	0.0	sleep	1	bedroom	0.859	0.256	0.349	0.071	0	0	0	0	0	0	0	46.8	0	0.6	0.3
2026-09-16T00:23:00+02:00	0	0.0	sleep	1	bedroom	0.865	0.240	0.309	0.065	0	0	0	0	0	0	0	47.4	0	0.6	0.2
2026-09-16T00:24:00+02:00	0	0.0	sleep	1	bedroom	0.885	0.261	0.328	0.066	0	0	0	0	0	0	0	47.0	0	0.6	0.3
2026-09-16T00:25:00+02:00	0	0.0	sleep	1	bedroom	0.898	0.266	0.392	0.074	0	0	0	0	0	0	0	46.7	0	0.6	0.5
2026-09-16T00:26:00+02:00	0	0.0	sleep	1	bedroom	0.882	0.232	0.357	0.072	0	0	0	0	0	0	0	46.9	0	0.6	0.3
2026-09-16T00:27:00+02:00	0	0.0	sleep	1	bedroom	0.895	0.255	0.304	0.116	0	0	0	0	0	0	0	46.8	0	0.6	0.1
2026-09-16T00:28:00+02:00	0	0.0	sleep	1	bedroom	0.865	0.222	0.305	0.087	0	0	0	0	0	0	0	46.7	0	0.6	0.2
2026-09-16T00:29:00+02:00	0	0.0	sleep	1	bedroom	0.906	0.222	0.302	0.114	0	0	0	0	0	0	0	47.5	0	0.6	0.5
2026-09-16T00:30:00+02:00	0	0.0	sleep	1	bedroom	0.883	0.249	0.317	0.114	0	0	0	0	0	0	0	47.0	0	0.6	0.5
2026-09-16T00:31:00+02:00	0	0.0	sleep	1	bedroom	0.883	0.237	0.345	0.106	0	0	0	0	0	0	0	47.3	0	0.6	0.3
2026-09-16T00:32:00+02:00	0	0.0	sleep	1	bedroom	0.929	0.235	0.378	0.110	0	0	0	0	0	0	0	47.4	0	0.6	0.1
2026-09-16T00:33:00+02:00	0	0.0	sleep	1	bedroom	0.855	0.221	0.384	0.147	0	0	0	0	0	0	0	47.0	0	0.6	0.4
2026-09-16T00:34:00+02:00	0	0.0	sleep	1	bedroom	0.898	0.273	0.351	0.072	0	0	0	0	0	0	0	47.1	0	0.6	0.5
2026-09-16T00:35:00+02:00	0	0.0	sleep	1	bedroom	0.892	0.277	0.398	0.106	0	0	0	0	0	0	0	46.9	0	0.6	0.4
2026-09-16T00:36:00+02:00	0	0.0	sleep	1	bedroom	0.908	0.241	0.321	0.083	0	0	0	0	0	0	0	47.3	0	0.6	0.2
2026-09-16T00:37:00+02:00	0	0.0	sleep	1	bedroom	0.929	0.225	0.381	0.064	0	0	0	0	0	0	0	47.0	0	0.7	0.2
2026-09-16T00:38:00+02:00	0	0.0	sleep	1	bedroom	0.878	0.248	0.384	0.101	0	0	0	0	0	0	0	46.9	0	0.6	0.2
2026-09-16T00:39:00+02:00	0	0.0	sleep	1	bedroom	0.889	0.299	0.324	0.109	0	0	0	0	0	0	0	47.0	0	0.5	0.4
2026-09-16T00:40:00+02:00	0	0.0	sleep	1	bedroom	0.882	0.262	0.301	0.149	0	0	0	0	0	0	0	47.0	0	0.6	0.2
2026-09-16T00:41:00+02:00	0	0.0	sleep	1	bedroom	0.918	0.261	0.398	0.078	0	0	0	0	0	0	0	46.9	0	0.6	0.3
2026-09-16T00:42:00+02:00	0	0.0	sleep	1	bedroom	0.919	0.280	0.307	0.112	0	0	0	0	0	0	0	47.6	0	0.6	0.4
2026-09-16T00:43:00+02:00	1	0.7	sleep	1	bedroom	0.856	0.236	0.331	0.069	1	0	0	0	0	0	0	46.9	0	0.6	0.2
2026-09-16T00:44:00+02:00	0	0.0	sleep	1	bedroom	0.920	0.275	0.344	0.100	0	0	0	0	0	0	0	47.6	0	0.7	0.3
2026-09-16T00:45:00+02:00	0	0.0	sleep	1	bedroom	0.910	0.223	0.385	0.068	0	0	0	0	0	0	0	47.6	0	0.7	0.2
2026-09-16T00:46:00+02:00	0	0.0	sleep	1	bedroom	0.929	0.268	0.309	0.139	0	0	0	0	0	0	0	47.1	0	0.6	0.3
2026-09-16T00:47:00+02:00	0	0.0	sleep	1	bedroom	0.917	0.232	0.325	0.098	0	0	0	0	0	0	0	47.3	0	0.6	0.3
2026-09-16T00:48:00+02:00	0	0.0	sleep	1	bedroom	0.890	0.260	0.398	0.068	0	0	0	0	0	0	0	47.6	0	0.6	0.2
2026-09-16T00:49:00+02:00	0	0.0	sleep	1	bedroom	0.915	0.231	0.342	0.085	0	0	0	0	0	0	0	47.3	0	0.6	0.4
2026-09-16T00:50:00+02:00	0	0.0	sleep	1	bedroom	0.910	0.295	0.326	0.121	0	0	0	0	0	0	0	47.5	0	0.5	0.5
2026-09-16T00:51:00+02:00	0	0.0	sleep	1	bedroom	0.917	0.282	0.316	0.141	0	0	0	0	0	0	0	47.4	0	0.5	0.3
2026-09-16T00:52:00+02:00	0	0.0	sleep	1	bedroom	0.892	0.261	0.324	0.104	0	0	0	0	0	0	0	47.1	0	0.6	0.2
2026-09-16T00:53:00+02:00	0	0.0	sleep	1	bedroom	0.869	0.298	0.333	0.133	0	0	0	0	0	0	0	47.4	0	0.6	0.2
2026-09-16T00:54:00+02:00	0	0.0	sleep	1	bedroom	0.926	0.293	0.386	0.087	0	0	0	0	0	0	0	47.0	0	0.6	0.5
2026-09-16T00:55:00+02:00	0	0.0	sleep	1	bedroom	0.903	0.299	0.313	0.137	0	0	0	0	0	0	0	47.4	0	0.6	0.3
2026-09-16T00:56:00+02:00	0	0.0	sleep	1	bedroom	0.903	0.230	0.348	0.117	0	0	0	0	0	0	0	47.4	0	0.6	0.1
2026-09-16T00:57:00+02:00	0	0.0	sleep	1	bedroom	0.904	0.273	0.392	0.147	0	0	0	0	0	0	0	47.2	0	0.6	0.4
2026-09-16T00:58:00+02:00	0	0.0	sleep	1	bedroom	0.855	0.277	0.354	0.057	0	0	0	0	0	0	0	47.2	0	0.6	0.2
2026-09-16T00:59:00+02:00	0	0.0	sleep	1	bedroom	0.861	0.258	0.372	0.095	0	0	0	0	0	0	0	46.9	0	0.7	0.2
2026-09-16T01:00:00+02:00	0	0.0	sleep	1	bedroom	0.889	0.241	0.307	0.094	0	0	0	0	0	0	0	47.5	0	0.6	0.3
2026-09-16T01:01:00+02:00	0	0.0	sleep	1	bedroom	0.880	0.226	0.311	0.086	0	0	0	0	0	0	0	47.1	0	0.6	0.2
2026-09-16T01:02:00+02:00	0	0.0	sleep	1	bedroom	0.911	0.299	0.384	0.126	0	0	0	0	0	0	0	47.2	0	0.6	0.4
2026-09-16T01:03:00+02:00	0	0.0	sleep	1	bedroom	0.880	0.225	0.311	0.084	0	0	0	0	0	0	0	47.4	0	0.6	0.4
2026-09-16T01:04:00+02:00	0	0.0	sleep	1	bedroom	0.915	0.244	0.328	0.090	0	0	0	0	0	0	0	47.3	0	0.6	0.3
2026-09-16T01:05:00+02:00	0	0.0	sleep	1	bedroom	0.898	0.285	0.356	0.128	0	0	0	0	0	0	0	47.1	0	0.6	0.4
2026-09-16T01:06:00+02:00	0	0.0	sleep	1	bedroom	0.862	0.278	0.370	0.069	0	0	0	0	0	0	0	47.0	0	0.6	0.5
2026-09-16T01:07:00+02:00	0	0.0	sleep	1	bedroom	0.918	0.248	0.389	0.111	0	0	0	0	0	0	0	47.0	0	0.7	0.5
2026-09-16T01:08:00+02:00	0	0.0	sleep	1	bedroom	0.876	0.259	0.352	0.117	0	0	0	0	0	0	0	47.7	0	0.6	0.2
2026-09-16T01:09:00+02:00	0	0.0	sleep	1	bedroom	0.904	0.231	0.359	0.084	0	0	0	0	0	0	0	47.4	0	0.6	0.4
2026-09-16T01:10:00+02:00	0	0.0	sleep	1	bedroom	0.895	0.271	0.345	0.135	0	0	0	0	0	0	0	47.7	0	0.6	0.3
2026-09-16T01:11:00+02:00	0	0.0	sleep	1	bedroom	0.901	0.247	0.312	0.098	0	0	0	0	0	0	0	47.4	0	0.6	0.1
2026-09-16T01:12:00+02:00	0	0.0	sleep	1	bedroom	0.875	0.229	0.383	0.072	0	0	0	0	0	0	0	47.1	0	0.6	0.4
2026-09-16T01:13:00+02:00	0	0.0	sleep	1	bedroom	0.874	0.236	0.371	0.139	0	0	0	0	0	0	0	47.4	0	0.6	0.2
2026-09-16T01:14:00+02:00	0	0.0	sleep	1	bedroom	0.912	0.248	0.394	0.068	0	0	0	0	0	0	0	47.2	0	0.6	0.3
2026-09-16T01:15:00+02:00	0	0.0	sleep	1	bedroom	0.912	0.293	0.380	0.097	0	0	0	0	0	0	0	47.4	0	0.6	0.3
2026-09-16T01:16:00+02:00	0	0.0	sleep	1	bedroom	0.876	0.228	0.307	0.117	0	0	0	0	0	0	0	47.4	0	0.6	0.4
2026-09-16T01:17:00+02:00	0	0.0	sleep	1	bedroom	0.853	0.274	0.335	0.121	0	0	0	0	0	0	0	47.7	0	0.6	0.1
2026-09-16T01:18:00+02:00	0	0.0	sleep	1	bedroom	0.864	0.263	0.322	0.143	0	0	0	0	0	0	0	47.1	0	0.7	0.4
2026-09-16T01:19:00+02:00	0	0.0	sleep	1	bedroom	0.859	0.242	0.373	0.083	0	0	0	0	0	0	0	47.6	0	0.6	0.2
2026-09-16T01:20:00+02:00	0	0.0	sleep	1	bedroom	0.853	0.253	0.327	0.091	0	0	0	0	0	0	0	47.4	0	0.7	0.3
2026-09-16T01:21:00+02:00	0	0.0	sleep	1	bedroom	0.876	0.260	0.317	0.053	0	0	0	0	0	0	0	47.1	0	0.6	0.2
2026-09-16T01:22:00+02:00	0	0.0	sleep	1	bedroom	0.871	0.285	0.308	0.107	0	0	0	0	0	0	0	47.1	0	0.6	0.3
2026-09-16T01:23:00+02:00	0	0.0	sleep	1	bedroom	0.878	0.224	0.363	0.110	0	0	0	0	0	0	0	47.7	0	0.6	0.4
2026-09-16T01:24:00+02:00	0	0.0	sleep	1	bedroom	0.896	0.273	0.396	0.121	0	0	0	0	0	0	0	47.5	0	0.6	0.2
2026-09-16T01:25:00+02:00	0	0.0	sleep	1	bedroom	0.889	0.251	0.300	0.143	0	0	0	0	0	0	0	47.6	0	0.5	0.2
2026-09-16T01:26:00+02:00	0	0.0	sleep	1	bedroom	0.872	0.220	0.306	0.144	0	0	0	0	0	0	0	47.6	0	0.7	0.3
2026-09-16T01:27:00+02:00	0	0.0	sleep	1	bedroom	0.855	0.242	0.375	0.142	0	0	0	0	0	0	0	47.1	0	0.6	0.2
2026-09-16T01:28:00+02:00	0	0.0	sleep	1	bedroom	0.862	0.283	0.356	0.057	0	0	0	0	0	0	0	47.7	0	0.6	0.3
2026-09-16T01:29:00+02:00	0	0.0	sleep	1	bedroom	0.882	0.242	0.341	0.121	0	0	0	0	0	0	0	47.2	0	0.6	0.1
2026-09-16T01:30:00+02:00	2	1.5	sleep	1	bedroom	0.873	0.222	0.375	0.099	1	0	0	0	0	0	0	47.2	0	0.6	0.4
2026-09-16T01:31:00+02:00	0	0.0	sleep	1	bedroom	0.903	0.258	0.329	0.110	0	0	0	0	0	0	0	47.8	0	0.6	0.4
2026-09-16T01:32:00+02:00	0	0.0	sleep	1	bedroom	0.897	0.231	0.315	0.116	0	0	0	0	0	0	0	47.6	0	0.6	0.2
2026-09-16T01:33:00+02:00	0	0.0	sleep	1	bedroom	0.921	0.246	0.373	0.148	0	0	0	0	0	0	0	47.5	0	0.6	0.2
2026-09-16T01:34:00+02:00	0	0.0	sleep	1	bedroom	0.854	0.243	0.354	0.100	0	0	0	0	0	0	0	47.1	0	0.6	0.3
2026-09-16T01:35:00+02:00	0	0.0	sleep	1	bedroom	0.924	0.279	0.390	0.108	0	0	0	0	0	0	0	47.4	0	0.6	0.4
2026-09-16T01:36:00+02:00	0	0.0	sleep	1	bedroom	0.894	0.293	0.380	0.096	0	0	0	0	0	0	0	47.6	0	0.6	0.4
2026-09-16T01:37:00+02:00	0	0.0	sleep	1	bedroom	0.857	0.239	0.321	0.119	0	0	0	0	0	0	0	47.7	0	0.5	0.3
2026-09-16T01:38:00+02:00	0	0.0	sleep	1	bedroom	0.897	0.286	0.319	0.081	0	0	0	0	0	0	0	47.3	0	0.6	0.2
2026-09-16T01:39:00+02:00	0	0.0	sleep	1	bedroom	0.923	0.221	0.319	0.136	0	0	0	0	0	0	0	47.6	0	0.6	0.4
2026-09-16T01:40:00+02:00	0	0.0	sleep	1	bedroom	0.877	0.266	0.316	0.059	0	0	0	0	0	0	0	47.2	0	0.6	0.2
2026-09-16T01:41:00+02:00	0	0.0	sleep	1	bedroom	0.900	0.297	0.371	0.123	0	0	0	0	0	0	0	47.8	0	0.6	0.3
2026-09-16T01:42:00+02:00	0	0.0	sleep	1	bedroom	0.854	0.242	0.311	0.068	0	0	0	0	0	0	0	47.1	0	0.6	0.1
2026-09-16T01:43:00+02:00	0	0.0	sleep	1	bedroom	0.920	0.256	0.344	0.148	0	0	0	0	0	0	0	47.4	0	0.6	0.3
2026-09-16T01:44:00+02:00	0	0.0	sleep	1	bedroom	0.902	0.241	0.390	0.086	0	0	0	0	0	0	0	47.6	0	0.6	0.1
2026-09-16T01:45:00+02:00	0	0.0	sleep	1	bedroom	0.904	0.295	0.312	0.075	0	0	0	0	0	0	0	47.6	0	0.6	0.5
2026-09-16T01:46:00+02:00	0	0.0	sleep	1	bedroom	0.865	0.258	0.371	0.149	0	0	0	0	0	0	0	47.3	0	0.6	0.2
2026-09-16T01:47:00+02:00	0	0.0	sleep	1	bedroom	0.867	0.237	0.391	0.087	0	0	0	0	0	0	0	47.4	0	0.6	0.4
2026-09-16T01:48:00+02:00	0	0.0	sleep	1	bedroom	0.893	0.265	0.389	0.145	0	0	0	0	0	0	0	47.9	0	0.6	0.2
2026-09-16T01:49:00+02:00	0	0.0	sleep	1	bedroom	0.925	0.263	0.344	0.110	0	0	0	0	0	0	0	47.3	0	0.6	0.3
2026-09-16T01:50:00+02:00	0	0.0	sleep	1	bedroom	0.911	0.294	0.374	0.139	0	0	0	0	0	0	0	47.4	0	0.6	0.2
2026-09-16T01:51:00+02:00	0	0.0	sleep	1	bedroom	0.880	0.239	0.328	0.126	0	0	0	0	0	0	0	47.2	0	0.6	0.3
2026-09-16T01:52:00+02:00	0	0.0	sleep	1	bedroom	0.882	0.225	0.304	0.089	0	0	0	0	0	0	0	47.3	0	0.6	0.1
2026-09-16T01:53:00+02:00	0	0.0	sleep	1	bedroom	0.885	0.289	0.365	0.084	0	0	0	0	0	0	0	47.4	0	0.6	0.3
2026-09-16T01:54:00+02:00	0	0.0	sleep	1	bedroom	0.911	0.253	0.365	0.071	0	0	0	0	0	0	0	47.5	0	0.6	0.1
2026-09-16T01:55:00+02:00	0	0.0	sleep	1	bedroom	0.920	0.293	0.301	0.114	0	0	0	0	0	0	0	47.8	0	0.5	0.4
2026-09-16T01:56:00+02:00	0	0.0	sleep	1	bedroom	0.930	0.247	0.304	0.091	0	0	0	0	0	0	0	47.5	0	0.7	0.4
2026-09-16T01:57:00+02:00	0	0.0	sleep	1	bedroom	0.876	0.229	0.342	0.133	0	0	0	0	0	0	0	48.0	0	0.6	0.1
2026-09-16T01:58:00+02:00	0	0.0	sleep	1	bedroom	0.911	0.272	0.307	0.100	0	0	0	0	0	0	0	47.2	0	0.6	0.5
2026-09-16T01:59:00+02:00	0	0.0	sleep	1	bedroom	0.895	0.249	0.394	0.130	0	0	0	0	0	0	0	47.8	0	0.5	0.5
2026-09-16T02:00:00+02:00	0	0.0	sleep	1	bedroom	0.881	0.236	0.325	0.085	0	0	0	0	0	0	0	47.7	0	0.6	0.3
2026-09-16T02:01:00+02:00	0	0.0	sleep	1	bedroom	0.852	0.248	0.361	0.105	0	0	0	0	0	0	0	47.6	0	0.7	0.3
2026-09-16T02:02:00+02:00	0	0.0	sleep	1	bedroom	0.855	0.271	0.396	0.065	0	0	0	0	0	0	0	47.4	0	0.6	0.2
2026-09-16T02:03:00+02:00	0	0.0	sleep	1	bedroom	0.891	0.251	0.302	0.086	0	0	0	0	0	0	0	47.3	0	0.6	0.2
2026-09-16T02:04:00+02:00	0	0.0	sleep	1	bedroom	0.906	0.289	0.391	0.144	0	0	0	0	0	0	0	47.3	0	0.6	0.3
2026-09-16T02:05:00+02:00	0	0.0	sleep	1	bedroom	0.923	0.239	0.360	0.077	0	0	0	0	0	0	0	48.0	0	0.6	0.5
2026-09-16T02:06:00+02:00	0	0.0	sleep	1	bedroom	0.881	0.233	0.315	0.051	0	0	0	0	0	0	0	47.3	0	0.6	0.4
2026-09-16T02:07:00+02:00	0	0.0	sleep	1	bedroom	0.882	0.241	0.318	0.126	0	0	0	0	0	0	0	47.8	0	0.6	0.1
2026-09-16T02:08:00+02:00	0	0.0	sleep	1	bedroom	0.852	0.230	0.348	0.130	0	0	0	0	0	0	0	47.6	0	0.6	0.1
2026-09-16T02:09:00+02:00	0	0.0	sleep	1	bedroom	0.859	0.239	0.306	0.129	0	0	0	0	0	0	0	47.3	0	0.6	0.2
2026-09-16T02:10:00+02:00	0	0.0	sleep	1	bedroom	0.878	0.267	0.325	0.149	0	0	0	0	0	0	0	48.0	0	0.6	0.2
2026-09-16T02:11:00+02:00	0	0.0	sleep	1	bedroom	0.929	0.287	0.373	0.139	0	0	0	0	0	0	0	47.4	0	0.6	0.5
2026-09-16T02:12:00+02:00	0	0.0	sleep	1	bedroom	0.910	0.284	0.384	0.090	0	0	0	0	0	0	0	47.5	0	0.6	0.4
2026-09-16T02:13:00+02:00	0	0.0	sleep	1	bedroom	0.859	0.242	0.364	0.111	0	0	0	0	0	0	0	47.5	0	0.6	0.3
2026-09-16T02:14:00+02:00	0	0.0	sleep	1	bedroom	0.852	0.293	0.318	0.092	0	0	0	0	0	0	0	47.6	0	0.6	0.2
2026-09-16T02:15:00+02:00	0	0.0	sleep	1	bedroom	0.872	0.281	0.361	0.051	0	0	0	0	0	0	0	47.5	0	0.5	0.4
2026-09-16T02:16:00+02:00	0	0.0	sleep	1	bedroom	0.875	0.228	0.349	0.075	0	0	0	0	0	0	0	47.9	0	0.6	0.4
2026-09-16T02:17:00+02:00	0	0.0	sleep	1	bedroom	0.885	0.276	0.367	0.140	0	0	0	0	0	0	0	48.1	0	0.6	0.3
2026-09-16T02:18:00+02:00	0	0.0	sleep	1	bedroom	0.863	0.274	0.379	0.124	0	0	0	0	0	0	0	47.6	0	0.6	0.4
2026-09-16T02:19:00+02:00	0	0.0	sleep	1	bedroom	0.868	0.282	0.365	0.079	0	0	0	0	0	0	0	47.3	0	0.7	0.4
2026-09-16T02:20:00+02:00	0	0.0	sleep	1	bedroom	0.864	0.266	0.313	0.128	0	0	0	0	0	0	0	47.8	0	0.6	0.2
2026-09-16T02:21:00+02:00	0	0.0	sleep	1	bedroom	0.885	0.244	0.388	0.121	0	0	0	0	0	0	0	47.5	0	0.6	0.1
2026-09-16T02:22:00+02:00	0	0.0	sleep	1	bedroom	0.928	0.239	0.325	0.137	0	0	0	0	0	0	0	47.6	0	0.5	0.5
2026-09-16T02:23:00+02:00	0	0.0	sleep	1	bedroom	0.879	0.237	0.347	0.065	0	0	0	0	0	0	0	48.1	0	0.5	0.3
2026-09-16T02:24:00+02:00	0	0.0	sleep	1	bedroom	0.876	0.281	0.325	0.145	0	0	0	0	0	0	0	47.8	0	0.6	0.4
2026-09-16T02:25:00+02:00	0	0.0	sleep	1	bedroom	0.927	0.264	0.375	0.059	0	0	0	0	0	0	0	47.7	0	0.6	0.2
2026-09-16T02:26:00+02:00	0	0.0	sleep	1	bedroom	0.897	0.260	0.340	0.067	0	0	0	0	0	0	0	48.1	0	0.7	0.3
2026-09-16T02:27:00+02:00	0	0.0	sleep	1	bedroom	0.894	0.253	0.368	0.116	0	0	0	0	0	0	0	48.0	0	0.6	0.2
2026-09-16T02:28:00+02:00	0	0.0	sleep	1	bedroom	0.911	0.286	0.341	0.117	0	0	0	0	0	0	0	48.0	0	0.6	0.4
2026-09-16T02:29:00+02:00	0	0.0	sleep	1	bedroom	0.893	0.249	0.394	0.127	0	0	0	0	0	0	0	48.1	0	0.6	0.2
2026-09-16T02:30:00+02:00	0	0.0	sleep	1	bedroom	0.895	0.231	0.393	0.146	0	0	0	0	0	0	0	47.9	0	0.6	0.4
2026-09-16T02:31:00+02:00	0	0.0	sleep	1	bedroom	0.900	0.262	0.366	0.129	0	0	0	0	0	0	0	47.8	0	0.6	0.1
2026-09-16T02:32:00+02:00	0	0.0	sleep	1	bedroom	0.912	0.280	0.373	0.100	0	0	0	0	0	0	0	48.1	0	0.6	0.2
2026-09-16T02:33:00+02:00	0	0.0	sleep	1	bedroom	0.869	0.222	0.397	0.088	0	0	0	0	0	0	0	47.5	0	0.6	0.1
2026-09-16T02:34:00+02:00	0	0.0	sleep	1	bedroom	0.925	0.283	0.333	0.147	0	0	0	0	0	0	0	47.9	0	0.6	0.2
2026-09-16T02:35:00+02:00	0	0.0	sleep	1	bedroom	0.919	0.294	0.391	0.054	0	0	0	0	0	0	0	47.8	0	0.6	0.3
2026-09-16T02:36:00+02:00	0	0.0	sleep	1	bedroom	0.914	0.286	0.337	0.086	0	0	0	0	0	0	0	47.9	0	0.7	0.1
2026-09-16T02:37:00+02:00	0	0.0	sleep	1	bedroom	0.882	0.235	0.306	0.098	0	0	0	0	0	0	0	48.1	0	0.6	0.2
2026-09-16T02:38:00+02:00	0	0.0	sleep	1	bedroom	0.921	0.287	0.388	0.071	0	0	0	0	0	0	0	47.4	0	0.6	0.5
2026-09-16T02:39:00+02:00	0	0.0	sleep	1	bedroom	0.886	0.241	0.387	0.147	0	0	0	0	0	0	0	47.4	0	0.6	0.3
2026-09-16T02:40:00+02:00	0	0.0	sleep	1	bedroom	0.886	0.267	0.319	0.052	0	0	0	0	0	0	0	48.0	0	0.6	0.4
2026-09-16T02:41:00+02:00	0	0.0	sleep	1	bedroom	0.924	0.295	0.380	0.143	0	0	0	0	0	0	0	47.6	0	0.6	0.4
2026-09-16T02:42:00+02:00	0	0.0	sleep	1	bedroom	0.920	0.295	0.306	0.058	0	0	0	0	0	0	0	47.7	0	0.5	0.2
2026-09-16T02:43:00+02:00	0	0.0	sleep	1	bedroom	0.878	0.281	0.364	0.114	0	0	0	0	0	0	0	48.0	0	0.6	0.3
2026-09-16T02:44:00+02:00	0	0.0	sleep	1	bedroom	0.907	0.242	0.399	0.119	0	0	0	0	0	0	0	47.7	0	0.5	0.4
2026-09-16T02:45:00+02:00	1	0.7	sleep	1	bedroom	0.879	0.228	0.311	0.075	1	0	0	0	0	0	0	47.5	0	0.6	0.4
2026-09-16T02:46:00+02:00	0	0.0	sleep	1	bedroom	0.926	0.247	0.376	0.079	0	0	0	0	0	0	0	47.4	0	0.6	0.3
2026-09-16T02:47:00+02:00	0	0.0	sleep	1	bedroom	0.891	0.299	0.380	0.128	0	0	0	0	0	0	0	48.0	0	0.6	0.3
2026-09-16T02:48:00+02:00	0	0.0	sleep	1	bedroom	0.908	0.284	0.308	0.143	0	0	0	0	0	0	0	47.4	0	0.6	0.2
2026-09-16T02:49:00+02:00	0	0.0	sleep	1	bedroom	0.874	0.265	0.336	0.097	0	0	0	0	0	0	0	48.0	0	0.6	0.4
2026-09-16T02:50:00+02:00	0	0.0	sleep	1	bedroom	0.880	0.221	0.321	0.104	0	0	0	0	0	0	0	47.5	0	0.6	0.2
2026-09-16T02:51:00+02:00	0	0.0	sleep	1	bedroom	0.905	0.270	0.357	0.083	0	0	0	0	0	0	0	47.6	0	0.6	0.2
2026-09-16T02:52:00+02:00	0	0.0	sleep	1	bedroom	0.858	0.238	0.354	0.118	0	0	0	0	0	0	0	47.9	0	0.6	0.4
2026-09-16T02:53:00+02:00	0	0.0	sleep	1	bedroom	0.922	0.237	0.347	0.109	0	0	0	0	0	0	0	47.9	0	0.7	0.5
2026-09-16T02:54:00+02:00	0	0.0	sleep	1	bedroom	0.877	0.269	0.322	0.087	0	0	0	0	0	0	0	48.1	0	0.6	0.1
2026-09-16T02:55:00+02:00	0	0.0	sleep	1	bedroom	0.917	0.270	0.373	0.136	0	0	0	0	0	0	0	47.6	0	0.6	0.3
2026-09-16T02:56:00+02:00	2	1.3	sleep	1	bedroom	0.916	0.245	0.378	0.144	1	0	0	0	0	0	0	47.5	0	0.6	0.3
2026-09-16T02:57:00+02:00	0	0.0	sleep	1	bedroom	0.871	0.299	0.349	0.071	0	0	0	0	0	0	0	47.6	0	0.7	0.5
2026-09-16T02:58:00+02:00	0	0.0	sleep	1	bedroom	0.868	0.263	0.328	0.055	0	0	0	0	0	0	0	47.9	0	0.7	0.2
2026-09-16T02:59:00+02:00	0	0.0	sleep	1	bedroom	0.885	0.222	0.306	0.131	0	0	0	0	0	0	0	47.6	0	0.6	0.2
2026-09-16T03:00:00+02:00	0	0.0	sleep	1	bedroom	0.854	0.300	0.381	0.079	0	0	0	0	0	0	0	48.2	0	0.6	0.3
2026-09-16T03:01:00+02:00	0	0.0	sleep	1	bedroom	0.872	0.294	0.381	0.063	0	0	0	0	0	0	0	47.7	0	0.6	0.3
2026-09-16T03:02:00+02:00	0	0.0	sleep	1	bedroom	0.884	0.279	0.370	0.062	0	0	0	0	0	0	0	47.6	0	0.6	0.4
2026-09-16T03:03:00+02:00	0	0.0	sleep	1	bedroom	0.920	0.229	0.351	0.052	0	0	0	0	0	0	0	48.2	0	0.6	0.4
2026-09-16T03:04:00+02:00	0	0.0	sleep	1	bedroom	0.861	0.274	0.385	0.072	0	0	0	0	0	0	0	47.8	0	0.6	0.4
2026-09-16T03:05:00+02:00	0	0.0	sleep	1	bedroom	0.853	0.297	0.381	0.071	0	0	0	0	0	0	0	47.8	0	0.6	0.3
2026-09-16T03:06:00+02:00	0	0.0	sleep	1	bedroom	0.927	0.271	0.311	0.081	0	0	0	0	0	0	0	47.9	0	0.6	0.4
2026-09-16T03:07:00+02:00	0	0.0	sleep	1	bedroom	0.855	0.288	0.379	0.083	0	0	0	0	0	0	0	47.8	0	0.6	0.4
2026-09-16T03:08:00+02:00	0	0.0	sleep	1	bedroom	0.853	0.244	0.333	0.051	0	0	0	0	0	0	0	48.2	0	0.5	0.1
2026-09-16T03:09:00+02:00	0	0.0	sleep	1	bedroom	0.921	0.240	0.394	0.090	0	0	0	0	0	0	0	47.8	0	0.5	0.4
2026-09-16T03:10:00+02:00	0	0.0	sleep	1	bedroom	0.870	0.238	0.362	0.073	0	0	0	0	0	0	0	47.9	0	0.6	0.3
2026-09-16T03:11:00+02:00	0	0.0	sleep	1	bedroom	0.867	0.245	0.303	0.103	0	0	0	0	0	0	0	47.6	0	0.6	0.4
2026-09-16T03:12:00+02:00	0	0.0	sleep	1	bedroom	0.871	0.255	0.331	0.052	0	0	0	0	0	0	0	48.1	0	0.6	0.4
2026-09-16T03:13:00+02:00	0	0.0	sleep	1	bedroom	0.877	0.254	0.335	0.103	0	0	0	0	0	0	0	47.7	0	0.6	0.5
2026-09-16T03:14:00+02:00	0	0.0	sleep	1	bedroom	0.872	0.262	0.360	0.133	0	0	0	0	0	0	0	47.7	0	0.6	0.5
2026-09-16T03:15:00+02:00	0	0.0	sleep	1	bedroom	0.903	0.265	0.348	0.101	0	0	0	0	0	0	0	47.6	0	0.5	0.1
2026-09-16T03:16:00+02:00	0	0.0	sleep	1	bedroom	0.873	0.247	0.393	0.132	0	0	0	0	0	0	0	48.1	0	0.6	0.1
2026-09-16T03:17:00+02:00	0	0.0	sleep	1	bedroom	0.867	0.258	0.309	0.100	0	0	0	0	0	0	0	48.1	0	0.6	0.1
2026-09-16T03:18:00+02:00	0	0.0	sleep	1	bedroom	0.899	0.283	0.383	0.099	0	0	0	0	0	0	0	47.8	0	0.6	0.3
2026-09-16T03:19:00+02:00	0	0.0	sleep	1	bedroom	0.901	0.233	0.320	0.089	0	0	0	0	0	0	0	47.9	0	0.6	0.3
2026-09-16T03:20:00+02:00	0	0.0	sleep	1	bedroom	0.912	0.289	0.301	0.051	0	0	0	0	0	0	0	48.2	0	0.6	0.1
2026-09-16T03:21:00+02:00	0	0.0	sleep	1	bedroom	0.910	0.261	0.355	0.082	0	0	0	0	0	0	0	48.2	0	0.6	0.5
2026-09-16T03:22:00+02:00	0	0.0	sleep	1	bedroom	0.888	0.297	0.311	0.117	0	0	0	0	0	0	0	47.7	0	0.7	0.4
2026-09-16T03:23:00+02:00	0	0.0	sleep	1	bedroom	0.896	0.287	0.370	0.135	0	0	0	0	0	0	0	47.7	0	0.6	0.2
2026-09-16T03:24:00+02:00	0	0.0	sleep	1	bedroom	0.917	0.296	0.304	0.092	0	0	0	0	0	0	0	47.8	0	0.6	0.1
2026-09-16T03:25:00+02:00	0	0.0	sleep	1	bedroom	0.875	0.269	0.338	0.083	0	0	0	0	0	0	0	47.6	0	0.6	0.3
2026-09-16T03:26:00+02:00	0	0.0	sleep	1	bedroom	0.868	0.248	0.337	0.107	0	0	0	0	0	0	0	48.3	0	0.6	0.2
2026-09-16T03:27:00+02:00	0	0.0	sleep	1	bedroom	0.930	0.293	0.345	0.056	0	0	0	0	0	0	0	47.7	0	0.6	0.4
2026-09-16T03:28:00+02:00	0	0.0	sleep	1	bedroom	0.863	0.261	0.305	0.091	0	0	0	0	0	0	0	47.7	0	0.6	0.3
2026-09-16T03:29:00+02:00	0	0.0	sleep	1	bedroom	0.894	0.246	0.312	0.117	0	0	0	0	0	0	0	48.0	0	0.6	0.4
2026-09-16T03:30:00+02:00	0	0.0	sleep	1	bedroom	0.892	0.291	0.375	0.093	0	0	0	0	0	0	0	48.3	0	0.6	0.4
2026-09-16T03:31:00+02:00	0	0.0	sleep	1	bedroom	0.881	0.251	0.336	0.056	0	0	0	0	0	0	0	47.6	0	0.6	0.3
2026-09-16T03:32:00+02:00	0	0.0	sleep	1	bedroom	0.893	0.289	0.308	0.078	0	0	0	0	0	0	0	48.2	0	0.6	0.1
2026-09-16T03:33:00+02:00	0	0.0	sleep	1	bedroom	0.881	0.252	0.303	0.052	0	0	0	0	0	0	0	47.9	0	0.7	0.4
2026-09-16T03:34:00+02:00	0	0.0	sleep	1	bedroom	0.865	0.256	0.307	0.095	0	0	0	0	0	0	0	47.8	0	0.6	0.2
2026-09-16T03:35:00+02:00	0	0.0	sleep	1	bedroom	0.882	0.272	0.370	0.098	0	0	0	0	0	0	0	48.3	0	0.6	0.4
2026-09-16T03:36:00+02:00	1	0.7	sleep	1	bedroom	0.875	0.240	0.326	0.051	1	0	0	0	0	0	0	48.2	0	0.6	0.3
2026-09-16T03:37:00+02:00	0	0.0	sleep	1	bedroom	0.924	0.221	0.300	0.120	0	0	0	0	0	0	0	47.9	0	0.5	0.5
2026-09-16T03:38:00+02:00	0	0.0	sleep	1	bedroom	0.858	0.285	0.347	0.086	0	0	0	0	0	0	0	48.4	0	0.6	0.5
2026-09-16T03:39:00+02:00	0	0.0	sleep	1	bedroom	0.878	0.235	0.384	0.104	0	0	0	0	0	0	0	47.9	0	0.6	0.5
2026-09-16T03:40:00+02:00	0	0.0	sleep	1	bedroom	0.875	0.273	0.330	0.146	0	0	0	0	0	0	0	47.6	0	0.6	0.2
2026-09-16T03:41:00+02:00	0	0.0	sleep	1	bedroom	0.924	0.272	0.382	0.147	0	0	0	0	0	0	0	47.8	0	0.5	0.4
2026-09-16T03:42:00+02:00	0	0.0	sleep	1	bedroom	0.869	0.253	0.378	0.062	0	0	0	0	0	0	0	48.1	0	0.5	0.2
2026-09-16T03:43:00+02:00	0	0.0	sleep	1	bedroom	0.850	0.294	0.304	0.072	0	0	0	0	0	0	0	47.9	0	0.5	0.4
2026-09-16T03:44:00+02:00	0	0.0	sleep	1	bedroom	0.875	0.267	0.390	0.082	0	0	0	0	0	0	0	48.0	0	0.5	0.2
2026-09-16T03:45:00+02:00	0	0.0	sleep	1	bedroom	0.858	0.265	0.303	0.055	0	0	0	0	0	0	0	48.0	0	0.5	0.2
2026-09-16T03:46:00+02:00	0	0.0	sleep	1	bedroom	0.853	0.265	0.390	0.093	0	0	0	0	0	0	0	47.6	0	0.6	0.5
2026-09-16T03:47:00+02:00	0	0.0	sleep	1	bedroom	0.852	0.287	0.354	0.108	0	0	0	0	0	0	0	47.8	0	0.6	0.4
2026-09-16T03:48:00+02:00	0	0.0	sleep	1	bedroom	0.879	0.279	0.357	0.099	0	0	0	0	0	0	0	47.7	0	0.6	0.3
2026-09-16T03:49:00+02:00	0	0.0	sleep	1	bedroom	0.865	0.283	0.351	0.144	0	0	0	0	0	0	0	48.4	0	0.6	0.5
2026-09-16T03:50:00+02:00	0	0.0	sleep	1	bedroom	0.900	0.286	0.394	0.073	0	0	0	0	0	0	0	47.9	0	0.6	0.3
2026-09-16T03:51:00+02:00	0	0.0	sleep	1	bedroom	0.891	0.247	0.351	0.074	0	0	0	0	0	0	0	48.3	0	0.6	0.3
2026-09-16T03:52:00+02:00	0	0.0	sleep	1	bedroom	0.930	0.261	0.360	0.126	0	0	0	0	0	0	0	47.9	0	0.5	0.2
2026-09-16T03:53:00+02:00	0	0.0	sleep	1	bedroom	0.867	0.287	0.308	0.087	0	0	0	0	0	0	0	48.3	0	0.6	0.3
2026-09-16T03:54:00+02:00	0	0.0	sleep	1	bedroom	0.918	0.267	0.316	0.081	0	0	0	0	0	0	0	48.4	0	0.5	0.2
2026-09-16T03:55:00+02:00	0	0.0	sleep	1	bedroom	0.856	0.277	0.386	0.146	0	0	0	0	0	0	0	48.3	0	0.6	0.3
2026-09-16T03:56:00+02:00	0	0.0	sleep	1	bedroom	0.923	0.271	0.339	0.127	0	0	0	0	0	0	0	48.3	0	0.6	0.4
2026-09-16T03:57:00+02:00	0	0.0	sleep	1	bedroom	0.900	0.264	0.320	0.113	0	0	0	0	0	0	0	48.3	0	0.6	0.3
2026-09-16T03:58:00+02:00	0	0.0	sleep	1	bedroom	0.906	0.258	0.369	0.098	0	0	0	0	0	0	0	48.1	0	0.6	0.2
2026-09-16T03:59:00+02:00	0	0.0	sleep	1	bedroom	0.868	0.246	0.392	0.122	0	0	0	0	0	0	0	48.1	0	0.6	0.2
2026-09-16T04:00:00+02:00	0	0.0	sleep	1	bedroom	0.890	0.245	0.338	0.106	0	0	0	0	0	0	0	47.9	0	0.6	0.4
2026-09-16T04:01:00+02:00	0	0.0	sleep	1	bedroom	0.925	0.228	0.387	0.077	0	0	0	0	0	0	0	48.4	0	0.6	0.3
2026-09-16T04:02:00+02:00	0	0.0	sleep	1	bedroom	0.898	0.257	0.340	0.080	0	0	0	0	0	0	0	48.2	0	0.6	0.1
2026-09-16T04:03:00+02:00	0	0.0	sleep	1	bedroom	0.871	0.260	0.335	0.061	0	0	0	0	0	0	0	47.9	0	0.7	0.2
2026-09-16T04:04:00+02:00	0	0.0	sleep	1	bedroom	0.881	0.232	0.341	0.090	0	0	0	0	0	0	0	48.4	0	0.6	0.2
2026-09-16T04:05:00+02:00	0	0.0	sleep	1	bedroom	0.895	0.260	0.354	0.125	0	0	0	0	0	0	0	48.5	0	0.6	0.4
2026-09-16T04:06:00+02:00	0	0.0	sleep	1	bedroom	0.869	0.253	0.368	0.080	0	0	0	0	0	0	0	48.3	0	0.6	0.2
2026-09-16T04:07:00+02:00	0	0.0	sleep	1	bedroom	0.918	0.222	0.330	0.054	0	0	0	0	0	0	0	48.1	0	0.6	0.4
2026-09-16T04:08:00+02:00	0	0.0	sleep	1	bedroom	0.875	0.242	0.305	0.098	0	0	0	0	0	0	0	47.8	0	0.6	0.3
2026-09-16T04:09:00+02:00	0	0.0	sleep	1	bedroom	0.920	0.270	0.372	0.149	0	0	0	0	0	0	0	47.8	0	0.6	0.2
2026-09-16T04:10:00+02:00	0	0.0	sleep	1	bedroom	0.900	0.291	0.343	0.056	0	0	0	0	0	0	0	47.8	0	0.6	0.4
2026-09-16T04:11:00+02:00	0	0.0	sleep	1	bedroom	0.887	0.244	0.301	0.114	0	0	0	0	0	0	0	48.1	0	0.5	0.1
2026-09-16T04:12:00+02:00	0	0.0	sleep	1	bedroom	0.861	0.253	0.307	0.097	0	0	0	0	0	0	0	47.9	0	0.6	0.5
2026-09-16T04:13:00+02:00	0	0.0	sleep	1	bedroom	0.898	0.275	0.348	0.107	0	0	0	0	0	0	0	48.2	0	0.6	0.4
2026-09-16T04:14:00+02:00	0	0.0	sleep	1	bedroom	0.887	0.238	0.348	0.089	0	0	0	0	0	0	0	47.7	0	0.6	0.4
2026-09-16T04:15:00+02:00	0	0.0	sleep	1	bedroom	0.878	0.273	0.347	0.140	0	0	0	0	0	0	0	47.8	0	0.6	0.5
2026-09-16T04:16:00+02:00	0	0.0	sleep	1	bedroom	0.914	0.291	0.342	0.096	0	0	0	0	0	0	0	47.8	0	0.6	0.3
2026-09-16T04:17:00+02:00	0	0.0	sleep	1	bedroom	0.869	0.258	0.323	0.136	0	0	0	0	0	0	0	48.3	0	0.7	0.2
2026-09-16T04:18:00+02:00	0	0.0	sleep	1	bedroom	0.861	0.250	0.342	0.116	0	0	0	0	0	0	0	48.2	0	0.6	0.1
2026-09-16T04:19:00+02:00	0	0.0	sleep	1	bedroom	0.865	0.266	0.366	0.070	0	0	0	0	0	0	0	47.9	0	0.6	0.3
2026-09-16T04:20:00+02:00	0	0.0	sleep	1	bedroom	0.889	0.286	0.308	0.115	0	0	0	0	0	0	0	48.3	0	0.6	0.4
2026-09-16T04:21:00+02:00	0	0.0	sleep	1	bedroom	0.927	0.292	0.333	0.094	0	0	0	0	0	0	0	48.1	0	0.5	0.2
2026-09-16T04:22:00+02:00	0	0.0	sleep	1	bedroom	0.926	0.225	0.338	0.143	0	0	0	0	0	0	0	48.0	0	0.5	0.4
2026-09-16T04:23:00+02:00	0	0.0	sleep	1	bedroom	0.921	0.259	0.365	0.055	0	0	0	0	0	0	0	48.5	0	0.6	0.2
2026-09-16T04:24:00+02:00	0	0.0	sleep	1	bedroom	0.877	0.297	0.370	0.135	0	0	0	0	0	0	0	47.9	0	0.7	0.5
2026-09-16T04:25:00+02:00	0	0.0	sleep	1	bedroom	0.876	0.274	0.336	0.100	0	0	0	0	0	0	0	48.3	0	0.6	0.1
2026-09-16T04:26:00+02:00	0	0.0	sleep	1	bedroom	0.854	0.232	0.331	0.098	0	0	0	0	0	0	0	48.2	0	0.6	0.4
2026-09-16T04:27:00+02:00	0	0.0	sleep	1	bedroom	0.901	0.274	0.339	0.103	0	0	0	0	0	0	0	47.8	0	0.6	0.4
2026-09-16T04:28:00+02:00	0	0.0	sleep	1	bedroom	0.889	0.291	0.316	0.135	0	0	0	0	0	0	0	48.3	0	0.6	0.2
2026-09-16T04:29:00+02:00	0	0.0	sleep	1	bedroom	0.906	0.229	0.333	0.062	0	0	0	0	0	0	0	47.8	0	0.5	0.1
2026-09-16T04:30:00+02:00	1	0.7	sleep	1	bedroom	0.864	0.291	0.380	0.084	1	0	0	0	0	0	0	48.1	0	0.5	0.3
2026-09-16T04:31:00+02:00	0	0.0	sleep	1	bedroom	0.884	0.231	0.320	0.058	0	0	0	0	0	0	0	48.0	0	0.6	0.4
2026-09-16T04:32:00+02:00	0	0.0	sleep	1	bedroom	0.902	0.225	0.395	0.052	0	0	0	0	0	0	0	47.9	0	0.7	0.4
2026-09-16T04:33:00+02:00	0	0.0	sleep	1	bedroom	0.886	0.294	0.370	0.127	0	0	0	0	0	0	0	47.8	0	0.7	0.5
2026-09-16T04:34:00+02:00	0	0.0	sleep	1	bedroom	0.907	0.290	0.318	0.141	0	0	0	0	0	0	0	47.8	0	0.6	0.3
2026-09-16T04:35:00+02:00	0	0.0	sleep	1	bedroom	0.860	0.287	0.370	0.072	0	0	0	0	0	0	0	47.8	0	0.6	0.2
2026-09-16T04:36:00+02:00	0	0.0	sleep	1	bedroom	0.924	0.223	0.331	0.080	0	0	0	0	0	0	0	48.4	0	0.6	0.4
2026-09-16T04:37:00+02:00	0	0.0	sleep	1	bedroom	0.855	0.275	0.375	0.122	0	0	0	0	0	0	0	47.8	0	0.6	0.2
2026-09-16T04:38:00+02:00	0	0.0	sleep	1	bedroom	0.915	0.289	0.362	0.113	0	0	0	0	0	0	0	47.7	0	0.5	0.4
2026-09-16T04:39:00+02:00	0	0.0	sleep	1	bedroom	0.886	0.283	0.305	0.094	0	0	0	0	0	0	0	48.3	0	0.6	0.1
2026-09-16T04:40:00+02:00	0	0.0	sleep	1	bedroom	0.884	0.254	0.305	0.131	0	0	0	0	0	0	0	48.4	0	0.6	0.2
2026-09-16T04:41:00+02:00	0	0.0	sleep	1	bedroom	0.902	0.271	0.301	0.131	0	0	0	0	0	0	0	47.9	0	0.7	0.4
2026-09-16T04:42:00+02:00	0	0.0	sleep	1	bedroom	0.906	0.256	0.342	0.121	0	0	0	0	0	0	0	48.0	0	0.6	0.1
2026-09-16T04:43:00+02:00	0	0.0	sleep	1	bedroom	0.891	0.260	0.353	0.140	0	0	0	0	0	0	0	48.5	0	0.6	0.5
2026-09-16T04:44:00+02:00	0	0.0	sleep	1	bedroom	0.919	0.260	0.304	0.110	0	0	0	0	0	0	0	48.1	0	0.6	0.3
2026-09-16T04:45:00+02:00	0	0.0	sleep	1	bedroom	0.856	0.296	0.350	0.051	0	0	0	0	0	0	0	48.2	0	0.6	0.2
2026-09-16T04:46:00+02:00	0	0.0	sleep	1	bedroom	0.899	0.251	0.385	0.064	0	0	0	0	0	0	0	47.8	0	0.6	0.1
2026-09-16T04:47:00+02:00	0	0.0	sleep	1	bedroom	0.900	0.264	0.360	0.127	0	0	0	0	0	0	0	48.1	0	0.6	0.2
2026-09-16T04:48:00+02:00	0	0.0	sleep	1	bedroom	0.853	0.255	0.392	0.127	0	0	0	0	0	0	0	48.0	0	0.6	0.2
2026-09-16T04:49:00+02:00	0	0.0	sleep	1	bedroom	0.889	0.255	0.398	0.147	0	0	0	0	0	0	0	48.4	0	0.5	0.5
2026-09-16T04:50:00+02:00	0	0.0	sleep	1	bedroom	0.871	0.251	0.372	0.062	0	0	0	0	0	0	0	47.9	0	0.6	0.4
2026-09-16T04:51:00+02:00	0	0.0	sleep	1	bedroom	0.866	0.291	0.323	0.111	0	0	0	0	0	0	0	48.0	0	0.6	0.3
2026-09-16T04:52:00+02:00	0	0.0	sleep	1	bedroom	0.910	0.277	0.380	0.146	0	0	0	0	0	0	0	48.0	0	0.6	0.2
2026-09-16T04:53:00+02:00	0	0.0	sleep	1	bedroom	0.854	0.297	0.394	0.114	0	0	0	0	0	0	0	48.1	0	0.7	0.3
2026-09-16T04:54:00+02:00	0	0.0	sleep	1	bedroom	0.885	0.244	0.375	0.081	0	0	0	0	0	0	0	48.5	0	0.6	0.2
2026-09-16T04:55:00+02:00	0	0.0	sleep	1	bedroom	0.916	0.287	0.363	0.126	0	0	0	0	0	0	0	48.1	0	0.6	0.3
2026-09-16T04:56:00+02:00	0	0.0	sleep	1	bedroom	0.877	0.265	0.367	0.050	0	0	0	0	0	0	0	48.1	0	0.6	0.1
2026-09-16T04:57:00+02:00	0	0.0	sleep	1	bedroom	0.870	0.249	0.310	0.114	0	0	0	0	0	0	0	48.5	0	0.6	0.1
2026-09-16T04:58:00+02:00	0	0.0	sleep	1	bedroom	0.913	0.237	0.309	0.065	0	0	0	0	0	0	0	48.2	0	0.7	0.4
2026-09-16T04:59:00+02:00	0	0.0	sleep	1	bedroom	0.896	0.277	0.320	0.066	0	0	0	0	0	0	0	48.1	0	0.6	0.3
2026-09-16T05:00:00+02:00	0	0.0	sleep	1	bedroom	0.886	0.276	0.345	0.130	0	0	0	0	0	0	0	48.0	0	0.6	0.3
2026-09-16T05:01:00+02:00	0	0.0	sleep	1	bedroom	0.901	0.227	0.304	0.056	0	0	0	0	0	0	0	48.0	0	0.6	0.2
2026-09-16T05:02:00+02:00	0	0.0	sleep	1	bedroom	0.897	0.253	0.330	0.093	0	0	0	0	0	0	0	48.4	0	0.6	0.4
2026-09-16T05:03:00+02:00	0	0.0	sleep	1	bedroom	0.859	0.293	0.329	0.110	0	0	0	0	0	0	0	48.1	0	0.7	0.1
2026-09-16T05:04:00+02:00	0	0.0	sleep	1	bedroom	0.857	0.258	0.315	0.102	0	0	0	0	0	0	0	48.5	0	0.6	0.3
2026-09-16T05:05:00+02:00	0	0.0	sleep	1	bedroom	0.886	0.288	0.342	0.074	0	0	0	0	0	0	0	47.9	0	0.6	0.3
2026-09-16T05:06:00+02:00	0	0.0	sleep	1	bedroom	0.864	0.253	0.373	0.127	0	0	0	0	0	0	0	48.1	0	0.6	0.5
2026-09-16T05:07:00+02:00	0	0.0	sleep	1	bedroom	0.856	0.292	0.397	0.086	0	0	0	0	0	0	0	48.2	0	0.6	0.4
2026-09-16T05:08:00+02:00	0	0.0	sleep	1	bedroom	0.858	0.226	0.377	0.113	0	0	0	0	0	0	0	48.3	0	0.6	0.4
2026-09-16T05:09:00+02:00	0	0.0	sleep	1	bedroom	0.899	0.221	0.393	0.120	0	0	0	0	0	0	0	48.0	0	0.6	0.2
2026-09-16T05:10:00+02:00	0	0.0	sleep	1	bedroom	0.887	0.254	0.306	0.119	0	0	0	0	0	0	0	48.4	0	0.6	0.5
2026-09-16T05:11:00+02:00	0	0.0	sleep	1	bedroom	0.921	0.236	0.397	0.129	0	0	0	0	0	0	0	48.4	0	0.6	0.4
2026-09-16T05:12:00+02:00	0	0.0	sleep	1	bedroom	0.905	0.265	0.368	0.080	0	0	0	0	0	0	0	47.9	0	0.6	0.3
2026-09-16T05:13:00+02:00	0	0.0	sleep	1	bedroom	0.924	0.253	0.391	0.080	0	0	0	0	0	0	0	48.2	0	0.6	0.3
2026-09-16T05:14:00+02:00	0	0.0	sleep	1	bedroom	0.885	0.296	0.354	0.092	0	0	0	0	0	0	0	48.0	0	0.7	0.1
2026-09-16T05:15:00+02:00	0	0.0	sleep	1	bedroom	0.922	0.274	0.345	0.075	0	0	0	0	0	0	0	48.1	0	0.5	0.4
2026-09-16T05:16:00+02:00	0	0.0	sleep	1	bedroom	0.894	0.285	0.371	0.077	0	0	0	0	0	0	0	48.5	0	0.6	0.4
2026-09-16T05:17:00+02:00	0	0.0	sleep	1	bedroom	0.883	0.292	0.332	0.077	0	0	0	0	0	0	0	48.1	0	0.7	0.5
2026-09-16T05:18:00+02:00	0	0.0	sleep	1	bedroom	0.911	0.260	0.398	0.111	0	0	0	0	0	0	0	48.4	0	0.6	0.3
2026-09-16T05:19:00+02:00	0	0.0	sleep	1	bedroom	0.901	0.259	0.332	0.092	0	0	0	0	0	0	0	48.5	0	0.6	0.4
2026-09-16T05:20:00+02:00	0	0.0	sleep	1	bedroom	0.916	0.268	0.329	0.064	0	0	0	0	0	0	0	48.0	0	0.6	0.5
2026-09-16T05:21:00+02:00	0	0.0	sleep	1	bedroom	0.873	0.285	0.343	0.110	0	0	0	0	0	0	0	48.3	0	0.6	0.3
2026-09-16T05:22:00+02:00	0	0.0	sleep	1	bedroom	0.918	0.256	0.371	0.119	0	0	0	0	0	0	0	48.5	0	0.6	0.3
2026-09-16T05:23:00+02:00	0	0.0	sleep	1	bedroom	0.881	0.257	0.324	0.143	0	0	0	0	0	0	0	48.5	0	0.6	0.3
2026-09-16T05:24:00+02:00	0	0.0	sleep	1	bedroom	0.913	0.253	0.308	0.128	0	0	0	0	0	0	0	48.0	0	0.6	0.2
2026-09-16T05:25:00+02:00	0	0.0	sleep	1	bedroom	0.921	0.225	0.354	0.062	0	0	0	0	0	0	0	48.6	0	0.7	0.1
2026-09-16T05:26:00+02:00	0	0.0	sleep	1	bedroom	0.928	0.270	0.309	0.096	0	0	0	0	0	0	0	47.8	0	0.6	0.3
2026-09-16T05:27:00+02:00	0	0.0	sleep	1	bedroom	0.887	0.226	0.346	0.140	0	0	0	0	0	0	0	47.9	0	0.6	0.2
2026-09-16T05:28:00+02:00	0	0.0	sleep	1	bedroom	0.861	0.278	0.335	0.068	0	0	0	0	0	0	0	48.6	0	0.5	0.1
2026-09-16T05:29:00+02:00	0	0.0	sleep	1	bedroom	0.892	0.274	0.342	0.064	0	0	0	0	0	0	0	48.2	0	0.6	0.2
2026-09-16T05:30:00+02:00	0	0.0	sleep	1	bedroom	0.883	0.230	0.310	0.066	0	0	0	0	0	0	0	48.1	0	0.6	0.3
2026-09-16T05:31:00+02:00	0	0.0	sleep	1	bedroom	0.854	0.284	0.323	0.120	0	0	0	0	0	0	0	48.2	0	0.6	0.3
2026-09-16T05:32:00+02:00	0	0.0	sleep	1	bedroom	0.869	0.221	0.365	0.056	0	0	0	0	0	0	0	48.5	0	0.6	0.2
2026-09-16T05:33:00+02:00	0	0.0	sleep	1	bedroom	0.868	0.297	0.339	0.093	0	0	0	0	0	0	0	48.2	0	0.6	0.2
2026-09-16T05:34:00+02:00	0	0.0	sleep	1	bedroom	0.884	0.260	0.322	0.056	0	0	0	0	0	0	0	48.5	0	0.6	0.2
2026-09-16T05:35:00+02:00	0	0.0	sleep	1	bedroom	0.863	0.297	0.337	0.061	0	0	0	0	0	0	0	48.1	0	0.6	0.1
2026-09-16T05:36:00+02:00	0	0.0	sleep	1	bedroom	0.905	0.254	0.371	0.054	0	0	0	0	0	0	0	48.1	0	0.6	0.3
2026-09-16T05:37:00+02:00	0	0.0	sleep	1	bedroom	0.907	0.258	0.330	0.059	0	0	0	0	0	0	0	48.1	0	0.6	0.4
2026-09-16T05:38:00+02:00	0	0.0	sleep	1	bedroom	0.921	0.240	0.366	0.099	0	0	0	0	0	0	0	48.4	0	0.7	0.4
2026-09-16T05:39:00+02:00	0	0.0	sleep	1	bedroom	0.879	0.232	0.328	0.119	0	0	0	0	0	0	0	47.9	0	0.7	0.3
2026-09-16T05:40:00+02:00	0	0.0	sleep	1	bedroom	0.854	0.297	0.373	0.061	0	0	0	0	0	0	0	48.5	0	0.6	0.2
2026-09-16T05:41:00+02:00	0	0.0	sleep	1	bedroom	0.855	0.278	0.361	0.089	0	0	0	0	0	0	0	48.0	0	0.6	0.1
2026-09-16T05:42:00+02:00	0	0.0	sleep	1	bedroom	0.905	0.240	0.357	0.113	0	0	0	0	0	0	0	47.9	0	0.6	0.2
2026-09-16T05:43:00+02:00	1	0.7	sleep	1	bedroom	0.914	0.256	0.399	0.081	1	0	0	0	0	0	0	48.1	0	0.7	0.1
2026-09-16T05:44:00+02:00	0	0.0	sleep	1	bedroom	0.920	0.235	0.376	0.136	0	0	0	0	0	0	0	48.4	0	0.6	0.2
2026-09-16T05:45:00+02:00	0	0.0	sleep	1	bedroom	0.852	0.263	0.373	0.104	0	0	0	0	0	0	0	47.9	0	0.6	0.3
2026-09-16T05:46:00+02:00	0	0.0	sleep	1	bedroom	0.892	0.282	0.363	0.061	0	0	0	0	0	0	0	48.1	0	0.7	0.3
2026-09-16T05:47:00+02:00	0	0.0	sleep	1	bedroom	0.903	0.236	0.393	0.119	0	0	0	0	0	0	0	48.0	0	0.6	0.4
2026-09-16T05:48:00+02:00	0	0.0	sleep	1	bedroom	0.874	0.233	0.304	0.099	0	0	0	0	0	0	0	48.2	0	0.6	0.2
2026-09-16T05:49:00+02:00	0	0.0	sleep	1	bedroom	0.859	0.298	0.331	0.117	0	0	0	0	0	0	0	48.3	0	0.6	0.3
2026-09-16T05:50:00+02:00	0	0.0	sleep	1	bedroom	0.910	0.242	0.386	0.079	0	0	0	0	0	0	0	47.8	0	0.6	0.5
2026-09-16T05:51:00+02:00	0	0.0	sleep	1	bedroom	0.927	0.247	0.355	0.060	0	0	0	0	0	0	0	48.2	0	0.6	0.5
2026-09-16T05:52:00+02:00	0	0.0	sleep	1	bedroom	0.881	0.263	0.335	0.063	0	0	0	0	0	0	0	48.2	0	0.6	0.5
2026-09-16T05:53:00+02:00	0	0.0	sleep	1	bedroom	0.882	0.252	0.319	0.126	0	0	0	0	0	0	0	48.1	0	0.6	0.2
2026-09-16T05:54:00+02:00	0	0.0	sleep	1	bedroom	0.926	0.258	0.325	0.147	0	0	0	0	0	0	0	48.0	0	0.6	0.3
2026-09-16T05:55:00+02:00	0	0.0	sleep	1	bedroom	0.921	0.289	0.385	0.132	0	0	0	0	0	0	0	48.5	0	0.6	0.5
2026-09-16T05:56:00+02:00	0	0.0	sleep	1	bedroom	0.901	0.280	0.372	0.081	0	0	0	0	0	0	0	48.3	0	0.6	0.5
2026-09-16T05:57:00+02:00	0	0.0	sleep	1	bedroom	0.920	0.240	0.367	0.115	0	0	0	0	0	0	0	48.5	0	0.6	0.2
2026-09-16T05:58:00+02:00	0	0.0	sleep	1	bedroom	0.905	0.291	0.322	0.083	0	0	0	0	0	0	0	48.1	0	0.7	0.4
2026-09-16T05:59:00+02:00	0	0.0	sleep	1	bedroom	0.880	0.289	0.340	0.135	0	0	0	0	0	0	0	48.0	0	0.6	0.5
2026-09-16T06:00:00+02:00	0	0.0	sleep	1	bedroom	0.852	0.291	0.300	0.076	0	0	0	0	0	0	0	48.5	0	0.6	0.2
2026-09-16T06:01:00+02:00	0	0.0	sleep	1	bedroom	0.868	0.251	0.331	0.066	0	0	0	0	0	0	0	47.8	0	0.6	0.2
2026-09-16T06:02:00+02:00	0	0.0	sleep	1	bedroom	0.888	0.277	0.340	0.116	0	0	0	0	0	0	0	48.0	0	0.6	0.3
2026-09-16T06:03:00+02:00	0	0.0	sleep	1	bedroom	0.883	0.256	0.319	0.106	0	0	0	0	0	0	0	48.3	0	0.6	0.5
2026-09-16T06:04:00+02:00	0	0.0	sleep	1	bedroom	0.862	0.234	0.309	0.083	0	0	0	0	0	0	0	48.1	0	0.6	0.4
2026-09-16T06:05:00+02:00	0	0.0	sleep	1	bedroom	0.891	0.269	0.308	0.084	0	0	0	0	0	0	0	48.6	0	0.6	0.5
2026-09-16T06:06:00+02:00	0	0.0	sleep	1	bedroom	0.871	0.282	0.340	0.083	0	0	0	0	0	0	0	47.8	0	0.6	0.4
2026-09-16T06:07:00+02:00	0	0.0	sleep	1	bedroom	0.886	0.230	0.357	0.060	0	0	0	0	0	0	0	48.2	0	0.5	0.4
2026-09-16T06:08:00+02:00	0	0.0	sleep	1	bedroom	0.890	0.262	0.311	0.122	0	0	0	0	0	0	0	48.0	0	0.6	0.5
2026-09-16T06:09:00+02:00	0	0.0	sleep	1	bedroom	0.891	0.249	0.327	0.081	0	0	0	0	0	0	0	48.4	0	0.6	0.3
2026-09-16T06:10:00+02:00	0	0.0	sleep	1	bedroom	0.875	0.254	0.323	0.124	0	0	0	0	0	0	0	48.3	0	0.6	0.4
2026-09-16T06:11:00+02:00	0	0.0	sleep	1	bedroom	0.886	0.221	0.340	0.098	0	0	0	0	0	0	0	48.3	0	0.6	0.3
2026-09-16T06:12:00+02:00	0	0.0	sleep	1	bedroom	0.906	0.239	0.328	0.061	0	0	0	0	0	0	0	48.3	0	0.6	0.3
2026-09-16T06:13:00+02:00	0	0.0	sleep	1	bedroom	0.900	0.299	0.324	0.120	0	0	0	0	0	0	0	47.9	0	0.6	0.2
2026-09-16T06:14:00+02:00	0	0.0	sleep	1	bedroom	0.900	0.262	0.397	0.063	0	0	0	0	0	0	0	48.4	0	0.6	0.4
2026-09-16T06:15:00+02:00	0	0.0	sleep	1	bedroom	0.917	0.295	0.390	0.099	0	0	0	0	0	0	0	48.6	0	0.6	0.4
2026-09-16T06:16:00+02:00	0	0.0	sleep	1	bedroom	0.859	0.240	0.384	0.132	0	0	0	0	0	0	0	48.0	0	0.6	0.3
2026-09-16T06:17:00+02:00	0	0.0	sleep	1	bedroom	0.919	0.252	0.325	0.122	0	0	0	0	0	0	0	48.2	0	0.6	0.5
2026-09-16T06:18:00+02:00	0	0.0	sleep	1	bedroom	0.927	0.274	0.306	0.085	0	0	0	0	0	0	0	48.3	0	0.6	0.3
2026-09-16T06:19:00+02:00	0	0.0	sleep	1	bedroom	0.874	0.231	0.346	0.146	0	0	0	0	0	0	0	48.4	0	0.6	0.1
2026-09-16T06:20:00+02:00	0	0.0	sleep	1	bedroom	0.871	0.271	0.325	0.104	0	0	0	0	0	0	0	48.4	0	0.7	0.3
2026-09-16T06:21:00+02:00	0	0.0	sleep	1	bedroom	0.888	0.290	0.376	0.058	0	0	0	0	0	0	0	48.6	0	0.6	0.1
2026-09-16T06:22:00+02:00	0	0.0	sleep	1	bedroom	0.926	0.234	0.317	0.150	0	0	0	0	0	0	0	48.1	0	0.6	0.2
2026-09-16T06:23:00+02:00	0	0.0	sleep	1	bedroom	0.863	0.240	0.382	0.137	0	0	0	0	0	0	0	48.3	0	0.6	0.2
2026-09-16T06:24:00+02:00	0	0.0	sleep	1	bedroom	0.852	0.221	0.348	0.136	0	0	0	0	0	0	0	48.3	0	0.6	0.5
2026-09-16T06:25:00+02:00	0	0.0	sleep	1	bedroom	0.856	0.241	0.302	0.084	0	0	0	0	0	0	0	48.1	0	0.6	0.4
2026-09-16T06:26:00+02:00	0	0.0	sleep	1	bedroom	0.921	0.266	0.350	0.097	0	0	0	0	0	0	0	48.0	0	0.6	0.1
2026-09-16T06:27:00+02:00	0	0.0	sleep	1	bedroom	0.919	0.279	0.309	0.093	0	0	0	0	0	0	0	48.4	0	0.6	0.5
2026-09-16T06:28:00+02:00	0	0.0	sleep	1	bedroom	0.884	0.234	0.325	0.063	0	0	0	0	0	0	0	48.0	0	0.6	0.3
2026-09-16T06:29:00+02:00	0	0.0	sleep	1	bedroom	0.869	0.299	0.396	0.108	0	0	0	0	0	0	0	48.4	0	0.6	0.4
2026-09-16T06:30:00+02:00	0	0.0	sleep	1	bedroom	0.868	0.261	0.300	0.137	0	0	0	0	0	0	0	48.5	0	0.6	0.3
2026-09-16T06:31:00+02:00	0	0.0	sleep	1	bedroom	0.908	0.293	0.356	0.061	0	0	0	0	0	0	0	48.6	0	0.6	0.2
2026-09-16T06:32:00+02:00	0	0.0	sleep	1	bedroom	0.899	0.231	0.343	0.071	0	0	0	0	0	0	0	48.0	0	0.6	0.4
2026-09-16T06:33:00+02:00	0	0.0	sleep	1	bedroom	0.874	0.267	0.344	0.073	0	0	0	0	0	0	0	48.4	0	0.6	0.2
2026-09-16T06:34:00+02:00	0	0.0	sleep	1	bedroom	0.921	0.250	0.387	0.122	0	0	0	0	0	0	0	48.1	0	0.6	0.4
2026-09-16T06:35:00+02:00	0	0.0	sleep	1	bedroom	0.850	0.237	0.345	0.074	0	0	0	0	0	0	0	48.3	0	0.7	0.4
2026-09-16T06:36:00+02:00	0	0.0	sleep	1	bedroom	0.866	0.249	0.393	0.087	0	0	0	0	0	0	0	48.3	0	0.6	0.3
2026-09-16T06:37:00+02:00	0	0.0	sleep	1	bedroom	0.887	0.264	0.362	0.110	0	0	0	0	0	0	0	48.0	0	0.6	0.3
2026-09-16T06:38:00+02:00	0	0.0	sleep	1	bedroom	0.910	0.234	0.337	0.060	0	0	0	0	0	0	0	48.1	0	0.6	0.5
2026-09-16T06:39:00+02:00	0	0.0	sleep	1	bedroom	0.854	0.264	0.380	0.113	0	0	0	0	0	0	0	48.0	0	0.6	0.2
2026-09-16T06:40:00+02:00	0	0.0	sleep	1	bedroom	0.859	0.289	0.391	0.080	0	0	0	0	0	0	0	48.2	0	0.6	0.4
2026-09-16T06:41:00+02:00	0	0.0	sleep	1	bedroom	0.893	0.285	0.391	0.093	0	0	0	0	0	0	0	48.6	0	0.6	0.4
2026-09-16T06:42:00+02:00	0	0.0	sleep	1	bedroom	0.865	0.238	0.370	0.102	0	0	0	0	0	0	0	48.5	0	0.5	0.2
2026-09-16T06:43:00+02:00	0	0.0	sleep	1	bedroom	0.920	0.270	0.329	0.083	0	0	0	0	0	0	0	48.3	0	0.6	0.3
2026-09-16T06:44:00+02:00	0	0.0	sleep	1	bedroom	0.917	0.257	0.307	0.143	0	0	0	0	0	0	0	48.6	0	0.6	0.4
2026-09-16T06:45:00+02:00	0	0.0	sleep	1	bedroom	0.859	0.238	0.366	0.098	0	0	0	0	0	0	0	47.8	0	0.5	0.2
2026-09-16T06:46:00+02:00	0	0.0	sleep	1	bedroom	0.873	0.286	0.353	0.113	0	0	0	0	0	0	0	48.0	0	0.6	0.2
2026-09-16T06:47:00+02:00	0	0.0	sleep	1	bedroom	0.891	0.274	0.375	0.109	0	0	0	0	0	0	0	48.3	0	0.6	0.4
2026-09-16T06:48:00+02:00	0	0.0	sleep	1	bedroom	0.875	0.252	0.332	0.111	0	0	0	0	0	0	0	47.8	0	0.6	0.3
2026-09-16T06:49:00+02:00	0	0.0	sleep	1	bedroom	0.900	0.274	0.377	0.149	0	0	0	0	0	0	0	48.3	0	0.6	0.4
2026-09-16T06:50:00+02:00	0	0.0	sleep	1	bedroom	0.866	0.224	0.350	0.122	0	0	0	0	0	0	0	48.1	0	0.6	0.1
2026-09-16T06:51:00+02:00	0	0.0	sleep	1	bedroom	0.864	0.230	0.348	0.096	0	0	0	0	0	0	0	48.1	0	0.5	0.3
2026-09-16T06:52:00+02:00	0	0.0	sleep	1	bedroom	0.857	0.223	0.311	0.133	0	0	0	0	0	0	0	48.5	0	0.6	0.5
2026-09-16T06:53:00+02:00	0	0.0	sleep	1	bedroom	0.929	0.285	0.370	0.097	0	0	0	0	0	0	0	47.8	0	0.6	0.4
2026-09-16T06:54:00+02:00	0	0.0	sleep	1	bedroom	0.920	0.231	0.364	0.101	0	0	0	0	0	0	0	48.5	0	0.6	0.5
2026-09-16T06:55:00+02:00	0	0.0	sleep	1	bedroom	0.909	0.293	0.372	0.125	0	0	0	0	0	0	0	48.3	0	0.6	0.4
2026-09-16T06:56:00+02:00	0	0.0	sleep	1	bedroom	0.896	0.251	0.332	0.101	0	0	0	0	0	0	0	47.8	0	0.6	0.1
2026-09-16T06:57:00+02:00	0	0.0	sleep	1	bedroom	0.897	0.263	0.361	0.076	0	0	0	0	0	0	0	48.5	0	0.6	0.2
2026-09-16T06:58:00+02:00	0	0.0	sleep	1	bedroom	0.924	0.246	0.367	0.116	0	0	0	0	0	0	0	48.5	0	0.6	0.1
2026-09-16T06:59:00+02:00	0	0.0	sleep	1	bedroom	0.878	0.268	0.301	0.069	0	0	0	0	0	0	0	48.5	0	0.6	0.1
2026-09-16T07:00:00+02:00	3	2.1	low	0	toilet	0.235	0.927	0.480	0.405	0	1	0	0	0	0	0	53.6	0	0.6	122.0
2026-09-16T07:01:00+02:00	6	4.0	low	0	toilet	0.264	0.914	0.514	0.426	0	1	0	0	0	0	0	54.1	0	0.6	117.0
2026-09-16T07:02:00+02:00	3	2.2	low	0	toilet	0.243	0.929	0.504	0.352	0	1	0	0	0	0	0	55.2	0	0.6	117.0
2026-09-16T07:03:00+02:00	6	4.5	low	0	toilet	0.207	0.905	0.454	0.355	0	1	0	0	0	1	0	56.1	0	0.6	115.0
2026-09-16T07:04:00+02:00	5	3.8	low	0	toilet	0.293	0.927	0.510	0.365	0	1	0	0	0	1	0	56.9	0	0.6	120.0
2026-09-16T07:05:00+02:00	2	1.5	low	0	toilet	0.255	0.891	0.504	0.376	0	1	0	0	0	1	0	57.1	0	0.6	119.0
2026-09-16T07:06:00+02:00	6	4.0	low	0	toilet	0.212	0.923	0.514	0.415	0	1	0	0	0	0	0	57.9	0	0.6	117.0
2026-09-16T07:07:00+02:00	3	2.1	low	0	toilet	0.277	0.902	0.494	0.408	0	1	0	0	0	0	0	58.8	0	0.6	123.0
2026-09-16T07:08:00+02:00	0	0.0	low	0	toilet	0.230	0.879	0.502	0.360	0	1	0	0	0	0	0	58.3	0	0.6	118.0
2026-09-16T07:09:00+02:00	1	0.7	low	0	toilet	0.260	0.902	0.465	0.428	0	1	0	0	0	0	0	57.4	0	0.6	118.0
2026-09-16T07:10:00+02:00	11	7.1	low	0	kitchen	0.144	0.409	0.572	0.844	0	0	0	1	0	0	0	56.5	0	0.6	0.5
2026-09-16T07:11:00+02:00	16	11.0	low	0	kitchen	0.142	0.441	0.549	0.921	0	0	0	1	1	0	0	56.1	0	0.7	0.1
2026-09-16T07:12:00+02:00	13	9.0	low	0	kitchen	0.096	0.383	0.530	0.853	0	0	0	1	1	0	0	54.9	0	0.6	0.2
2026-09-16T07:13:00+02:00	7	4.9	low	0	kitchen	0.148	0.351	0.542	0.871	0	0	0	1	0	0	0	54.2	0	0.6	0.5
2026-09-16T07:14:00+02:00	3	2.2	low	0	kitchen	0.063	0.445	0.516	0.926	0	0	0	1	0	0	0	53.4	1	0.6	0.3
2026-09-16T07:15:00+02:00	14	9.3	low	0	kitchen	0.125	0.409	0.576	0.884	0	0	0	1	0	0	0	52.5	1	0.6	0.2
2026-09-16T07:16:00+02:00	18	12.6	low	0	kitchen	0.098	0.418	0.585	0.925	0	0	0	1	0	0	1	51.1	0	0.6	0.4
2026-09-16T07:17:00+02:00	11	7.1	low	0	kitchen	0.071	0.387	0.506	0.899	0	0	0	1	0	0	1	50.5	0	0.6	0.1
2026-09-16T07:18:00+02:00	7	4.9	low	0	kitchen	0.085	0.433	0.545	0.844	0	0	0	1	0	0	1	49.6	0	0.6	0.2
2026-09-16T07:19:00+02:00	16	10.3	low	0	kitchen	0.056	0.420	0.514	0.844	0	0	0	1	0	0	0	49.2	0	0.6	0.2
2026-09-16T07:20:00+02:00	14	9.7	low	0	kitchen	0.131	0.354	0.516	0.871	0	0	0	1	0	0	0	48.0	0	0.6	0.3
2026-09-16T07:21:00+02:00	13	9.1	low	0	kitchen	0.090	0.371	0.593	0.927	0	0	0	1	0	0	0	48.4	0	0.6	0.2
2026-09-16T07:22:00+02:00	14	9.4	low	0	kitchen	0.084	0.444	0.578	0.849	0	0	0	1	0	0	0	48.3	0	0.5	0.1
2026-09-16T07:23:00+02:00	14	9.1	low	0	kitchen	0.110	0.413	0.572	0.898	0	0	0	1	0	0	0	48.3	0	0.6	0.5
2026-09-16T07:24:00+02:00	7	4.8	low	0	kitchen	0.068	0.433	0.580	0.929	0	0	0	1	0	0	0	48.1	0	0.6	0.4
2026-09-16T07:25:00+02:00	15	11.4	low	0	kitchen	0.126	0.354	0.574	0.914	0	0	0	1	0	0	0	48.0	0	0.7	0.2
2026-09-16T07:26:00+02:00	8	5.6	low	0	kitchen	0.070	0.409	0.515	0.876	0	0	0	1	0	0	0	48.2	0	0.6	0.3
2026-09-16T07:27:00+02:00	16	11.6	low	0	kitchen	0.134	0.402	0.562	0.866	0	0	0	1	0	0	0	48.3	0	0.7	0.5
2026-09-16T07:28:00+02:00	5	3.4	low	0	kitchen	0.137	0.422	0.531	0.880	0	0	0	1	0	0	0	48.4	0	0.6	0.5
2026-09-16T07:29:00+02:00	17	11.1	low	0	kitchen	0.105	0.445	0.572	0.903	0	0	0	1	0	0	0	48.2	0	0.6	0.4
2026-09-16T07:30:00+02:00	16	10.8	low	0	kitchen	0.090	0.424	0.554	0.907	0	0	0	1	0	0	0	48.0	0	0.5	0.3
2026-09-16T07:31:00+02:00	13	9.8	low	0	kitchen	0.104	0.371	0.556	0.873	0	0	0	1	0	0	0	48.0	0	0.6	0.4
2026-09-16T07:32:00+02:00	6	4.3	low	0	kitchen	0.102	0.374	0.517	0.875	0	0	0	1	0	0	0	48.5	0	0.6	0.2
2026-09-16T07:33:00+02:00	15	9.7	low	0	kitchen	0.063	0.444	0.538	0.923	0	0	0	1	0	0	0	48.3	0	0.5	0.3
2026-09-16T07:34:00+02:00	12	8.2	low	0	kitchen	0.141	0.376	0.585	0.850	0	0	0	1	0	0	0	47.8	0	0.6	0.5
2026-09-16T07:35:00+02:00	0	0.0	low	0	living_room	0.339	0.483	0.905	0.572	0	0	1	0	0	0	0	48.0	0	0.5	0.5
2026-09-16T07:36:00+02:00	2	1.4	low	0	living_room	0.381	0.505	0.912	0.585	0	0	1	0	0	0	0	48.0	0	0.6	0.2
2026-09-16T07:37:00+02:00	3	2.1	low	0	living_room	0.338	0.502	0.855	0.548	0	0	1	0	0	0	0	48.4	0	0.6	0.4
2026-09-16T07:38:00+02:00	0	0.0	low	0	living_room	0.388	0.547	0.825	0.544	0	0	0	0	0	0	0	48.3	0	0.6	0.3
2026-09-16T07:39:00+02:00	0	0.0	low	0	living_room	0.327	0.544	0.895	0.525	0	0	0	0	0	0	0	48.0	0	0.7	0.2
2026-09-16T07:40:00+02:00	0	0.0	low	0	living_room	0.366	0.469	0.900	0.553	0	0	0	0	0	0	0	48.4	0	0.6	0.2
2026-09-16T07:41:00+02:00	0	0.0	low	0	living_room	0.332	0.540	0.916	0.572	0	0	0	0	0	0	0	47.7	0	0.6	0.3
2026-09-16T07:42:00+02:00	0	0.0	low	0	living_room	0.387	0.487	0.889	0.579	0	0	0	0	0	0	0	47.8	0	0.6	0.2
2026-09-16T07:43:00+02:00	0	0.0	low	0	living_room	0.387	0.504	0.911	0.582	0	0	0	0	0	0	0	48.4	0	0.6	0.5
2026-09-16T07:44:00+02:00	0	0.0	low	0	living_room	0.311	0.501	0.861	0.551	0	0	0	0	0	0	0	48.3	0	0.5	0.2
2026-09-16T07:45:00+02:00	0	0.0	low	0	living_room	0.328	0.492	0.875	0.545	0	0	0	0	0	0	0	48.5	0	0.6	0.1
2026-09-16T07:46:00+02:00	0	0.0	low	0	living_room	0.382	0.539	0.848	0.571	0	0	0	0	0	0	0	48.4	0	0.6	0.4
2026-09-16T07:47:00+02:00	0	0.0	low	0	living_room	0.396	0.549	0.832	0.592	0	0	0	0	0	0	0	48.2	0	0.6	0.3
2026-09-16T07:48:00+02:00	0	0.0	low	0	living_room	0.366	0.498	0.916	0.514	0	0	0	0	0	0	0	48.2	0	0.6	0.4
2026-09-16T07:49:00+02:00	2	1.3	low	0	living_room	0.337	0.532	0.839	0.566	0	0	1	0	0	0	0	47.8	0	0.7	0.5
2026-09-16T07:50:00+02:00	0	0.0	low	0	living_room	0.316	0.541	0.834	0.524	0	0	0	0	0	0	0	48.1	0	0.6	0.3
2026-09-16T07:51:00+02:00	0	0.0	low	0	living_room	0.388	0.456	0.882	0.554	0	0	0	0	0	0	0	47.8	0	0.7	0.4
2026-09-16T07:52:00+02:00	0	0.0	low	0	living_room	0.321	0.517	0.883	0.579	0	0	1	0	0	0	0	48.1	0	0.6	0.2
2026-09-16T07:53:00+02:00	0	0.0	low	0	living_room	0.363	0.511	0.824	0.539	0	0	0	0	0	0	0	47.7	0	0.6	0.5
2026-09-16T07:54:00+02:00	0	0.0	low	0	living_room	0.313	0.489	0.883	0.574	0	0	0	0	0	0	0	48.3	0	0.6	0.1
2026-09-16T07:55:00+02:00	0	0.0	low	0	living_room	0.394	0.488	0.895	0.556	0	0	0	0	0	0	0	48.0	0	0.6	0.3
2026-09-16T07:56:00+02:00	3	2.1	low	0	living_room	0.325	0.543	0.871	0.533	0	0	1	0	0	0	0	48.0	0	0.6	0.3
2026-09-16T07:57:00+02:00	0	0.0	low	0	living_room	0.330	0.549	0.880	0.506	0	0	0	0	0	0	0	48.0	0	0.6	0.3
2026-09-16T07:58:00+02:00	0	0.0	low	0	living_room	0.318	0.452	0.855	0.559	0	0	0	0	0	0	0	48.1	0	0.6	0.2
2026-09-16T07:59:00+02:00	0	0.0	low	0	living_room	0.337	0.460	0.856	0.535	0	0	0	0	0	0	0	48.1	0	0.7	0.4
2026-09-16T08:00:00+02:00	25	19.0	moderate	0	bedroom	0.857	0.226	0.386	0.087	1	0	0	0	0	0	0	48.2	0	0.6	2.7
2026-09-16T08:01:00+02:00	12	8.2	moderate	0	bedroom	0.926	0.286	0.359	0.065	1	0	0	0	0	0	0	47.9	0	0.5	2.2
2026-09-16T08:02:00+02:00	16	10.5	moderate	0	toilet	0.300	0.924	0.491	0.411	0	1	0	0	0	0	0	47.8	0	0.6	117.0
2026-09-16T08:03:00+02:00	16	10.4	moderate	0	toilet	0.284	0.929	0.517	0.410	0	1	0	0	0	0	0	48.2	0	0.6	118.0
2026-09-16T08:04:00+02:00	15	10.4	moderate	0	bedroom	0.868	0.270	0.360	0.138	1	0	0	0	0	0	0	48.1	0	0.6	3.3
2026-09-16T08:05:00+02:00	17	12.7	moderate	0	bedroom	0.916	0.298	0.391	0.114	1	0	0	0	0	0	0	48.0	0	0.6	3.0
2026-09-16T08:06:00+02:00	11	8.2	moderate	0	toilet	0.271	0.918	0.548	0.416	0	1	0	0	0	0	0	48.1	0	0.6	113.0
2026-09-16T08:07:00+02:00	14	9.9	moderate	0	toilet	0.299	0.878	0.456	0.405	0	1	0	0	0	0	0	48.0	0	0.6	113.0
2026-09-16T08:08:00+02:00	24	16.1	moderate	0	bedroom	0.851	0.285	0.332	0.121	1	0	0	0	0	0	0	47.7	0	0.6	2.8
2026-09-16T08:09:00+02:00	9	6.0	moderate	0	bedroom	0.885	0.249	0.351	0.068	1	0	0	0	0	0	0	48.1	0	0.7	2.9
2026-09-16T08:10:00+02:00	8	5.5	moderate	0	toilet	0.288	0.885	0.471	0.395	0	1	0	0	0	0	0	47.6	0	0.6	121.0
2026-09-16T08:11:00+02:00	9	6.4	moderate	0	toilet	0.281	0.881	0.541	0.368	0	1	0	0	0	0	0	48.1	0	0.6	115.0
2026-09-16T08:12:00+02:00	13	9.6	moderate	0	bedroom	0.913	0.277	0.348	0.056	1	0	0	0	0	0	0	48.2	0	0.6	4.8
2026-09-16T08:13:00+02:00	10	7.5	moderate	0	bedroom	0.854	0.241	0.313	0.144	1	0	0	0	0	0	0	47.9	0	0.6	3.9
2026-09-16T08:14:00+02:00	23	16.2	moderate	0	toilet	0.276	0.917	0.459	0.351	0	1	0	0	0	0	0	47.8	0	0.6	116.0
2026-09-16T08:15:00+02:00	27	19.1	moderate	0	away					0	0	0	0	0	0	0	48.0	0	0.6	3.2
2026-09-16T08:16:00+02:00	6	4.1	low	0	away					0	0	0	0	0	0	0	48.0	0	0.6	2.4
2026-09-16T08:17:00+02:00	25	16.6	moderate	0	away					0	0	0	0	0	0	0	48.3	0	0.6	4.2
2026-09-16T08:18:00+02:00	31	23.4	moderate	0	away					0	0	0	0	0	0	0	47.8	0	0.6	2.8
2026-09-16T08:19:00+02:00	28	18.0	moderate	0	away					0	0	0	0	0	0	0	48.2	0	0.6	2.8
2026-09-16T08:20:00+02:00	24	17.4	moderate	0	away					0	0	0	0	0	0	0	48.1	0	0.6	3.7
2026-09-16T08:21:00+02:00	4	2.8	low	0	away					0	0	0	0	0	0	0	47.6	0	0.6	2.4
2026-09-16T08:22:00+02:00	2	1.5	low	0	away					0	0	0	0	0	0	0	47.6	0	0.5	2.2
2026-09-16T08:23:00+02:00	2	1.3	low	0	away					0	0	0	0	0	0	0	47.8	0	0.6	2.8
2026-09-16T08:24:00+02:00	13	9.7	low	0	away					0	0	0	0	0	0	0	47.6	0	0.6	3.0
2026-09-16T08:25:00+02:00	3	2.0	low	0	away					0	0	0	0	0	0	0	47.7	0	0.6	2.8
2026-09-16T08:26:00+02:00	4	2.6	low	0	away					0	0	0	0	0	0	0	48.1	0	0.6	4.8
2026-09-16T08:27:00+02:00	0	0.0	low	0	away					0	0	0	0	0	0	0	47.7	0	0.6	3.1
2026-09-16T08:28:00+02:00	2	1.4	low	0	away					0	0	0	0	0	0	0	47.7	0	0.6	3.7
2026-09-16T08:29:00+02:00	34	23.3	moderate	0	away					0	0	0	0	0	0	0	48.0	0	0.7	4.3
2026-09-16T08:30:00+02:00	13	9.3	low	0	away					0	0	0	0	0	0	0	48.3	0	0.6	3.1
2026-09-16T08:31:00+02:00	25	16.6	moderate	0	away					0	0	0	0	0	0	0	48.2	0	0.7	4.4
2026-09-16T08:32:00+02:00	33	23.6	moderate	0	away					0	0	0	0	0	0	0	47.7	0	0.6	3.6
2026-09-16T08:33:00+02:00	2	1.5	low	0	away					0	0	0	0	0	0	0	47.9	0	0.6	3.2
2026-09-16T08:34:00+02:00	27	20.4	moderate	0	away					0	0	0	0	0	0	0	47.9	0	0.6	3.0
2026-09-16T08:35:00+02:00	17	11.4	low	0	away					0	0	0	0	0	0	0	48.2	0	0.6	3.2
2026-09-16T08:36:00+02:00	2	1.4	low	0	away					0	0	0	0	0	0	0	47.9	0	0.6	4.3
2026-09-16T08:37:00+02:00	29	19.5	moderate	0	away					0	0	0	0	0	0	0	47.9	0	0.7	2.5
2026-09-16T08:38:00+02:00	2	1.3	low	0	away					0	0	0	0	0	0	0	47.8	0	0.7	4.3
2026-09-16T08:39:00+02:00	1	0.7	low	0	away					0	0	0	0	0	0	0	47.6	0	0.6	3.8
2026-09-16T08:40:00+02:00	4	3.0	low	0	away					0	0	0	0	0	0	0	48.0	0	0.6	4.8
2026-09-16T08:41:00+02:00	0	0.0	low	0	away					0	0	0	0	0	0	0	48.0	0	0.6	4.4
2026-09-16T08:42:00+02:00	2	1.5	low	0	away					0	0	0	0	0	0	0	47.9	0	0.6	4.0
2026-09-16T08:43:00+02:00	6	4.5	low	0	away					0	0	0	0	0	0	0	47.8	0	0.6	2.1
2026-09-16T08:44:00+02:00	1	0.7	low	0	away					0	0	0	0	0	0	0	47.9	0	0.7	2.8
2026-09-16T08:45:00+02:00	4	2.7	low	0	away					0	0	0	0	0	0	0	47.8	0	0.6	4.4
2026-09-16T08:46:00+02:00	0	0.0	low	0	away					0	0	0	0	0	0	0	48.3	0	0.6	4.4
2026-09-16T08:47:00+02:00	1	0.7	low	0	away					0	0	0	0	0	0	0	48.0	0	0.6	4.0
2026-09-16T08:48:00+02:00	3	2.0	low	0	away					0	0	0	0	0	0	0	47.9	0	0.5	3.5
2026-09-16T08:49:00+02:00	0	0.0	low	0	away					0	0	0	0	0	0	0	48.0	0	0.6	2.5
2026-09-16T08:50:00+02:00	27	19.9	moderate	0	away					0	0	0	0	0	0	0	47.5	0	0.6	4.8
2026-09-16T08:51:00+02:00	3	2.2	low	0	away					0	0	0	0	0	0	0	48.1	0	0.6	3.6
2026-09-16T08:52:00+02:00	0	0.0	low	0	away					0	0	0	0	0	0	0	47.7	0	0.6	2.9
2026-09-16T08:53:00+02:00	4	2.9	low	0	away					0	0	0	0	0	0	0	47.7	0	0.6	3.9
2026-09-16T08:54:00+02:00	21	13.5	moderate	0	away					0	0	0	0	0	0	0	47.9	0	0.6	3.8
2026-09-16T08:55:00+02:00	0	0.0	low	0	away					0	0	0	0	0	0	0	47.7	0	0.6	4.6
2026-09-16T08:56:00+02:00	0	0.0	low	0	away					0	0	0	0	0	0	0	47.6	0	0.7	3.8
2026-09-16T08:57:00+02:00	1	0.8	low	0	away					0	0	0	0	0	0	0	47.5	0	0.6	3.1
2026-09-16T08:58:00+02:00	2	1.5	low	0	away					0	0	0	0	0	0	0	47.7	0	0.6	3.8
2026-09-16T08:59:00+02:00	8	5.2	low	0	away					0	0	0	0	0	0	0	48.2	0	0.5	2.3
2026-09-16T09:00:00+02:00	138	111.3	high	0	away					0	0	0	0	0	0	0	47.7	0	0.6	2.5
2026-09-16T09:01:00+02:00	143	109.8	high	0	away					0	0	0	0	0	0	0	47.8	0	0.6	2.4
2026-09-16T09:02:00+02:00	123	96.3	high	0	away					0	0	0	0	0	0	0	47.7	0	0.5	3.7
2026-09-16T09:03:00+02:00	120	93.5	high	0	away					0	0	0	0	0	0	0	48.0	0	0.6	4.1
2026-09-16T09:04:00+02:00	104	81.2	high	0	away					0	0	0	0	0	0	0	48.2	0	0.5	4.2
2026-09-16T09:05:00+02:00	101	84.8	high	0	away					0	0	0	0	0	0	0	48.1	0	0.6	4.2
2026-09-16T09:06:00+02:00	102	77.2	high	0	away					0	0	0	0	0	0	0	48.1	0	0.6	2.1
2026-09-16T09:07:00+02:00	129	102.2	high	0	away					0	0	0	0	0	0	0	47.8	0	0.5	2.8
2026-09-16T09:08:00+02:00	123	95.3	high	0	away					0	0	0	0	0	0	0	48.1	0	0.6	4.1
2026-09-16T09:09:00+02:00	116	89.7	high	0	away					0	0	0	0	0	0	0	48.1	0	0.6	3.4
2026-09-16T09:10:00+02:00	107	79.8	high	0	away					0	0	0	0	0	0	0	48.0	0	0.6	2.1
2026-09-16T09:11:00+02:00	142	107.3	high	0	away					0	0	0	0	0	0	0	48.0	0	0.6	4.8
2026-09-16T09:12:00+02:00	95	76.9	high	0	away					0	0	0	0	0	0	0	47.5	0	0.6	2.9
2026-09-16T09:13:00+02:00	125	100.9	high	0	away					0	0	0	0	0	0	0	47.6	0	0.6	2.7
2026-09-16T09:14:00+02:00	136	113.4	high	0	away					0	0	0	0	0	0	0	48.2	0	0.6	3.3
2026-09-16T09:15:00+02:00	133	100.1	high	0	away					0	0	0	0	0	0	0	47.6	0	0.6	2.5
2026-09-16T09:16:00+02:00	110	91.1	high	0	away					0	0	0	0	0	0	0	47.8	0	0.6	4.7
2026-09-16T09:17:00+02:00	96	80.6	high	0	away					0	0	0	0	0	0	0	47.7	0	0.6	3.9
2026-09-16T09:18:00+02:00	100	75.3	high	0	away					0	0	0	0	0	0	0	47.7	0	0.6	2.3
2026-09-16T09:19:00+02:00	114	87.7	high	0	away					0	0	0	0	0	0	0	48.1	0	0.6	2.0
2026-09-16T09:20:00+02:00	141	111.9	high	0	away					0	0	0	0	0	0	0	47.6	0	0.6	2.9
2026-09-16T09:21:00+02:00	102	83.4	high	0	away					0	0	0	0	0	0	0	47.4	0	0.6	2.5
2026-09-16T09:22:00+02:00	111	92.7	high	0	away					0	0	0	0	0	0	0	47.4	0	0.6	4.4
2026-09-16T09:23:00+02:00	112	88.4	high	0	away					0	0	0	0	0	0	0	48.0	0	0.6	4.7
2026-09-16T09:24:00+02:00	142	114.0	high	0	away					0	0	0	0	0	0	0	48.1	0	0.6	3.0
2026-09-16T09:25:00+02:00	149	119.0	high	0	away					0	0	0	0	0	0	0	47.6	0	0.5	2.7
2026-09-16T09:26:00+02:00	135	100.9	high	0	away					0	0	0	0	0	0	0	47.6	0	0.6	2.5
2026-09-16T09:27:00+02:00	108	82.9	high	0	away					0	0	0	0	0	0	0	47.8	0	0.6	2.1
2026-09-16T09:28:00+02:00	138	103.9	high	0	away					0	0	0	0	0	0	0	48.1	0	0.6	4.6
2026-09-16T09:29:00+02:00	99	77.7	high	0	away					0	0	0	0	0	0	0	47.5	0	0.6	4.0
2026-09-16T09:30:00+02:00	111	88.2	high	0	away					0	0	0	0	0	0	0	47.5	0	0.6	2.8
2026-09-16T09:31:00+02:00	141	111.9	high	0	away					0	0	0	0	0	0	0	48.1	0	0.6	4.1
2026-09-16T09:32:00+02:00	120	96.1	high	0	away					0	0	0	0	0	0	0	47.5	0	0.6	4.6
2026-09-16T09:33:00+02:00	130	108.5	high	0	away					0	0	0	0	0	0	0	47.8	0	0.6	4.5
2026-09-16T09:34:00+02:00	130	102.6	high	0	away					0	0	0	0	0	0	0	48.1	0	0.6	3.6
2026-09-16T09:35:00+02:00	110	83.4	high	0	away					0	0	0	0	0	0	0	47.5	0	0.6	2.7
2026-09-16T09:36:00+02:00	135	105.5	high	0	away					0	0	0	0	0	0	0	47.3	0	0.6	2.4
2026-09-16T09:37:00+02:00	111	88.9	high	0	away					0	0	0	0	0	0	0	47.5	0	0.6	2.6
2026-09-16T09:38:00+02:00	130	96.5	high	0	away					0	0	0	0	0	0	0	47.9	0	0.6	3.6
2026-09-16T09:39:00+02:00	143	113.8	high	0	away					0	0	0	0	0	0	0	47.9	0	0.6	2.4
2026-09-16T09:40:00+02:00	18	13.1	low	0	away					0	0	0	0	0	0	0	47.4	0	0.6	3.9
2026-09-16T09:41:00+02:00	22	15.8	moderate	0	away					0	0	0	0	0	0	0	47.3	0	0.6	3.8
2026-09-16T09:42:00+02:00	0	0.0	low	0	away					0	0	0	0	0	0	0	47.6	0	0.6	2.9
2026-09-16T09:43:00+02:00	3	2.1	low	0	away					0	0	0	0	0	0	0	47.9	0	0.6	2.5
2026-09-16T09:44:00+02:00	3	2.0	low	0	away					0	0	0	0	0	0	0	47.8	0	0.5	2.3
2026-09-16T09:45:00+02:00	0	0.0	low	0	away					0	0	0	0	0	0	0	47.3	0	0.6	4.1
2026-09-16T09:46:00+02:00	2	1.3	low	0	away					0	0	0	0	0	0	0	47.9	0	0.6	2.7
2026-09-16T09:47:00+02:00	0	0.0	low	0	away					0	0	0	0	0	0	0	47.3	0	0.6	4.0
2026-09-16T09:48:00+02:00	4	3.0	low	0	away					0	0	0	0	0	0	0	47.5	0	0.6	2.2
2026-09-16T09:49:00+02:00	1	0.7	low	0	away					0	0	0	0	0	0	0	48.0	0	0.6	2.2
2026-09-16T09:50:00+02:00	3	2.0	low	0	away					0	0	0	0	0	0	0	47.8	0	0.6	2.0
2026-09-16T09:51:00+02:00	4	2.8	low	0	away					0	0	0	0	0	0	0	47.3	0	0.6	2.6
2026-09-16T09:52:00+02:00	3	2.1	low	0	away					0	0	0	0	0	0	0	47.5	0	0.6	3.3
2026-09-16T09:53:00+02:00	0	0.0	low	0	away					0	0	0	0	0	0	0	47.8	0	0.6	4.9
2026-09-16T09:54:00+02:00	15	9.9	low	0	away					0	0	0	0	0	0	0	48.0	0	0.6	5.0
2026-09-16T09:55:00+02:00	4	2.6	low	0	away					0	0	0	0	0	0	0	47.6	0	0.6	3.4
2026-09-16T09:56:00+02:00	28	20.7	moderate	0	away					0	0	0	0	0	0	0	47.8	0	0.6	3.6
2026-09-16T09:57:00+02:00	32	21.8	moderate	0	away					0	0	0	0	0	0	0	47.5	0	0.7	4.3
2026-09-16T09:58:00+02:00	4	2.9	low	0	away					0	0	0	0	0	0	0	47.7	0	0.6	4.4
2026-09-16T09:59:00+02:00	3	2.1	low	0	away					0	0	0	0	0	0	0	47.6	0	0.7	3.7
2026-09-16T10:00:00+02:00	1	0.7	low	0	away					0	0	0	0	0	0	0	47.5	0	0.6	2.1
2026-09-16T10:01:00+02:00	8	5.2	low	0	away					0	0	0	0	0	0	0	47.4	0	0.5	4.2
2026-09-16T10:02:00+02:00	4	2.9	low	0	away					0	0	0	0	0	0	0	47.6	0	0.7	3.6
2026-09-16T10:03:00+02:00	0	0.0	low	0	away					0	0	0	0	0	0	0	47.8	0	0.7	4.9
2026-09-16T10:04:00+02:00	21	15.2	moderate	0	away					0	0	0	0	0	0	0	47.7	0	0.6	4.5
2026-09-16T10:05:00+02:00	1	0.8	low	0	away					0	0	0	0	0	0	0	47.2	0	0.6	3.5
2026-09-16T10:06:00+02:00	3	2.2	low	0	away					0	0	0	0	0	0	0	48.0	0	0.6	4.6
2026-09-16T10:07:00+02:00	4	2.6	low	0	away					0	0	0	0	0	0	0	47.6	0	0.6	4.5
2026-09-16T10:08:00+02:00	33	25.0	moderate	0	away					0	0	0	0	0	0	0	47.9	0	0.6	2.6
2026-09-16T10:09:00+02:00	2	1.5	low	0	away					0	0	0	0	0	0	0	47.7	0	0.6	4.7
2026-09-16T10:10:00+02:00	2	1.5	low	0	away					0	0	0	0	0	0	0	47.4	0	0.6	3.6
2026-09-16T10:11:00+02:00	3	2.2	low	0	away					0	0	0	0	0	0	0	47.9	0	0.6	2.3
2026-09-16T10:12:00+02:00	1	0.7	low	0	away					0	0	0	0	0	0	0	47.9	0	0.6	4.3
2026-09-16T10:13:00+02:00	0	0.0	low	0	away					0	0	0	0	0	0	0	47.8	0	0.6	4.3
2026-09-16T10:14:00+02:00	4	2.9	low	0	away					0	0	0	0	0	0	0	47.7	0	0.6	3.6
2026-09-16T10:15:00+02:00	2	1.4	low	0	away					0	0	0	0	0	0	0	47.5	0	0.6	2.0
2026-09-16T10:16:00+02:00	33	23.2	moderate	0	away					0	0	0	0	0	0	0	47.7	0	0.6	4.1
2026-09-16T10:17:00+02:00	1	0.7	low	0	away					0	0	0	0	0	0	0	47.8	0	0.6	4.2
2026-09-16T10:18:00+02:00	1	0.7	low	0	away					0	0	0	0	0	0	0	47.5	0	0.6	3.9
2026-09-16T10:19:00+02:00	22	15.6	moderate	0	away					0	0	0	0	0	0	0	47.8	0	0.6	2.8
2026-09-16T10:20:00+02:00	22	14.3	moderate	0	away					0	0	0	0	0	0	0	47.5	0	0.6	4.7
2026-09-16T10:21:00+02:00	1	0.7	low	0	away					0	0	0	0	0	0	0	47.2	0	0.5	2.3
2026-09-16T10:22:00+02:00	3	2.2	low	0	away					0	0	0	0	0	0	0	47.4	0	0.6	4.6
2026-09-16T10:23:00+02:00	0	0.0	low	0	away					0	0	0	0	0	0	0	47.8	0	0.6	4.1
2026-09-16T10:24:00+02:00	19	13.2	low	0	away					0	0	0	0	0	0	0	47.7	0	0.6	2.9
2026-09-16T10:25:00+02:00	0	0.0	low	0	away					0	0	0	0	0	0	0	47.7	0	0.6	2.1
2026-09-16T10:26:00+02:00	4	2.6	low	0	away					0	0	0	0	0	0	0	47.8	0	0.7	2.2
2026-09-16T10:27:00+02:00	3	2.0	low	0	away					0	0	0	0	0	0	0	47.8	0	0.6	3.9
2026-09-16T10:28:00+02:00	1	0.7	low	0	away					0	0	0	0	0	0	0	47.2	0	0.6	2.6
2026-09-16T10:29:00+02:00	3	2.0	low	0	away					0	0	0	0	0	0	0	47.4	0	0.7	2.7
2026-09-16T10:30:00+02:00	3	1.9	low	0	away					0	0	0	0	0	0	0	47.6	0	0.6	3.3
2026-09-16T10:31:00+02:00	14	10.3	low	0	away					0	0	0	0	0	0	0	47.1	0	0.7	3.4
2026-09-16T10:32:00+02:00	19	12.4	low	0	away					0	0	0	0	0	0	0	47.2	0	0.7	3.9
2026-09-16T10:33:00+02:00	9	6.5	low	0	away					0	0	0	0	0	0	0	47.4	0	0.6	3.4
2026-09-16T10:34:00+02:00	13	9.9	low	0	away					0	0	0	0	0	0	0	47.5	0	0.6	3.1
2026-09-16T10:35:00+02:00	2	1.4	low	0	away					0	0	0	0	0	0	0	47.2	0	0.6	2.9
2026-09-16T10:36:00+02:00	18	12.5	low	0	away					0	0	0	0	0	0	0	47.4	0	0.6	4.4
2026-09-16T10:37:00+02:00	1	0.8	low	0	away					0	0	0	0	0	0	0	47.8	0	0.6	2.7
2026-09-16T10:38:00+02:00	4	2.8	low	0	away					0	0	0	0	0	0	0	47.7	0	0.6	2.1
2026-09-16T10:39:00+02:00	8	5.8	low	0	away					0	0	0	0	0	0	0	47.3	0	0.6	4.3
2026-09-16T10:40:00+02:00	1	0.7	low	0	away					0	0	0	0	0	0	0	47.4	0	0.6	4.0
2026-09-16T10:41:00+02:00	0	0.0	low	0	away					0	0	0	0	0	0	0	47.7	0	0.6	3.7
2026-09-16T10:42:00+02:00	4	2.7	low	0	away					0	0	0	0	0	0	0	47.2	0	0.6	2.6
2026-09-16T10:43:00+02:00	2	1.3	low	0	away					0	0	0	0	0	0	0	47.4	0	0.6	3.6
2026-09-16T10:44:00+02:00	0	0.0	low	0	away					0	0	0	0	0	0	0	47.8	0	0.7	3.6
2026-09-16T10:45:00+02:00	4	2.9	low	0	away					0	0	0	0	0	0	0	47.7	0	0.7	4.2
2026-09-16T10:46:00+02:00	3	2.0	low	0	away					0	0	0	0	0	0	0	47.6	0	0.6	2.5
2026-09-16T10:47:00+02:00	4	2.8	low	0	away					0	0	0	0	0	0	0	47.2	0	0.6	3.2
2026-09-16T10:48:00+02:00	2	1.4	low	0	away					0	0	0	0	0	0	0	47.7	0	0.6	4.0
2026-09-16T10:49:00+02:00	2	1.4	low	0	away					0	0	0	0	0	0	0	47.1	0	0.5	2.2
2026-09-16T10:50:00+02:00	2	1.4	low	0	away					0	0	0	0	0	0	0	47.1	0	0.7	4.2
2026-09-16T10:51:00+02:00	0	0.0	low	0	away					0	0	0	0	0	0	0	47.3	0	0.6	4.7
2026-09-16T10:52:00+02:00	1	0.7	low	0	away					0	0	0	0	0	0	0	47.5	0	0.6	4.7
2026-09-16T10:53:00+02:00	0	0.0	low	0	away					0	0	0	0	0	0	0	47.2	0	0.5	2.1
2026-09-16T10:54:00+02:00	1	0.7	low	0	away					0	0	0	0	0	0	0	47.1	0	0.6	2.2
2026-09-16T10:55:00+02:00	1	0.7	low	0	away					0	0	0	0	0	0	0	47.3	0	0.6	3.6
2026-09-16T10:56:00+02:00	2	1.5	low	0	away					0	0	0	0	0	0	0	47.3	0	0.6	3.8
2026-09-16T10:57:00+02:00	34	23.0	moderate	0	away					0	0	0	0	0	0	0	47.5	0	0.6	5.0
2026-09-16T10:58:00+02:00	3	2.0	low	0	away					0	0	0	0	0	0	0	47.7	0	0.6	4.2
2026-09-16T10:59:00+02:00	31	22.6	moderate	0	away					0	0	0	0	0	0	0	46.9	0	0.5	3.4
2026-09-16T11:00:00+02:00	0	0.0	low	0	away					0	0	0	0	0	0	0	47.3	0	0.6	3.2
2026-09-16T11:01:00+02:00	22	14.9	moderate	0	away					0	0	0	0	0	0	0	47.2	0	0.6	3.3
2026-09-16T11:02:00+02:00	2	1.5	low	0	away					0	0	0	0	0	0	0	46.9	0	0.6	5.0
2026-09-16T11:03:00+02:00	0	0.0	low	0	away					0	0	0	0	0	0	0	47.0	0	0.6	4.6
2026-09-16T11:04:00+02:00	4	2.9	low	0	away					0	0	0	0	0	0	0	47.6	0	0.5	2.2
2026-09-16T11:05:00+02:00	4	2.6	low	0	away					0	0	0	0	0	0	0	47.5	0	0.6	4.7
2026-09-16T11:06:00+02:00	4	2.8	low	0	away					0	0	0	0	0	0	0	46.9	0	0.7	4.6
2026-09-16T11:07:00+02:00	4	3.0	low	0	away					0	0	0	0	0	0	0	47.2	0	0.6	4.7
2026-09-16T11:08:00+02:00	1	0.8	low	0	away					0	0	0	0	0	0	0	47.2	0	0.7	3.6
2026-09-16T11:09:00+02:00	33	25.0	moderate	0	away					0	0	0	0	0	0	0	47.6	0	0.6	3.0
2026-09-16T11:10:00+02:00	2	1.4	low	0	away					0	0	0	0	0	0	0	47.2	0	0.5	2.9
2026-09-16T11:11:00+02:00	16	11.7	low	0	away					0	0	0	0	0	0	0	47.1	0	0.6	5.0
2026-09-16T11:12:00+02:00	0	0.0	low	0	away					0	0	0	0	0	0	0	47.3	0	0.6	4.5
2026-09-16T11:13:00+02:00	1	0.7	low	0	away					0	0	0	0	0	0	0	47.5	0	0.7	2.2
2026-09-16T11:14:00+02:00	2	1.4	low	0	away					0	0	0	0	0	0	0	47.3	0	0.6	3.8
2026-09-16T11:15:00+02:00	3	2.1	low	0	away					0	0	0	0	0	0	0	47.2	0	0.6	4.7
2026-09-16T11:16:00+02:00	0	0.0	low	0	away					0	0	0	0	0	0	0	47.6	0	0.6	2.8
2026-09-16T11:17:00+02:00	3	2.0	low	0	away					0	0	0	0	0	0	0	46.9	0	0.6	3.2
2026-09-16T11:18:00+02:00	13	9.4	low	0	away					0	0	0	0	0	0	0	47.4	0	0.7	4.4
2026-09-16T11:19:00+02:00	14	9.6	low	0	away					0	0	0	0	0	0	0	47.3	0	0.5	3.1
2026-09-16T11:20:00+02:00	27	18.8	moderate	0	away					0	0	0	0	0	0	0	47.5	0	0.6	3.6
2026-09-16T11:21:00+02:00	23	15.2	moderate	0	away					0	0	0	0	0	0	0	47.4	0	0.5	3.9
2026-09-16T11:22:00+02:00	18	13.3	low	0	away					0	0	0	0	0	0	0	47.3	0	0.6	4.8
2026-09-16T11:23:00+02:00	1	0.7	low	0	away					0	0	0	0	0	0	0	47.2	0	0.5	2.4
2026-09-16T11:24:00+02:00	15	10.7	low	0	away					0	0	0	0	0	0	0	47.1	0	0.6	4.6
2026-09-16T11:25:00+02:00	1	0.7	low	0	away					0	0	0	0	0	0	0	47.6	0	0.7	4.3
2026-09-16T11:26:00+02:00	10	7.1	low	0	away					0	0	0	0	0	0	0	47.0	0	0.6	4.1
2026-09-16T11:27:00+02:00	2	1.4	low	0	away					0	0	0	0	0	0	0	47.5	0	0.6	4.1
2026-09-16T11:28:00+02:00	2	1.5	low	0	away					0	0	0	0	0	0	0	47.5	0	0.6	3.3
2026-09-16T11:29:00+02:00	3	2.0	low	0	away					0	0	0	0	0	0	0	46.9	0	0.6	4.4
2026-09-16T11:30:00+02:00	5	3.7	low	0	away					0	0	0	0	0	0	0	47.4	0	0.6	4.8
2026-09-16T11:31:00+02:00	16	11.5	low	0	away					0	0	0	0	0	0	0	46.8	0	0.5	3.6
2026-09-16T11:32:00+02:00	2	1.4	low	0	away					0	0	0	0	0	0	0	47.3	0	0.6	3.6
2026-09-16T11:33:00+02:00	4	3.0	low	0	away					0	0	0	0	0	0	0	47.1	0	0.6	3.0
2026-09-16T11:34:00+02:00	0	0.0	low	0	away					0	0	0	0	0	0	0	47.5	0	0.7	2.5
2026-09-16T11:35:00+02:00	26	18.8	moderate	0	away					0	0	0	0	0	0	0	47.1	0	0.6	4.8
2026-09-16T11:36:00+02:00	0	0.0	low	0	away					0	0	0	0	0	0	0	47.0	0	0.6	2.3
2026-09-16T11:37:00+02:00	26	17.3	moderate	0	away					0	0	0	0	0	0	0	46.8	0	0.7	2.3
2026-09-16T11:38:00+02:00	3	2.0	low	0	away					0	0	0	0	0	0	0	47.3	0	0.6	3.3
2026-09-16T11:39:00+02:00	1	0.7	low	0	away					0	0	0	0	0	0	0	47.1	0	0.6	3.4
2026-09-16T11:40:00+02:00	33	23.5	moderate	0	away					0	0	0	0	0	0	0	47.1	0	0.6	2.1
2026-09-16T11:41:00+02:00	26	16.8	moderate	0	away					0	0	0	0	0	0	0	47.2	0	0.6	4.3
2026-09-16T11:42:00+02:00	0	0.0	low	0	away					0	0	0	0	0	0	0	47.4	0	0.5	4.8
2026-09-16T11:43:00+02:00	5	3.7	low	0	away					0	0	0	0	0	0	0	47.0	0	0.6	4.0
2026-09-16T11:44:00+02:00	0	0.0	low	0	away					0	0	0	0	0	0	0	47.4	0	0.6	4.9
2026-09-16T11:45:00+02:00	2	1.5	low	0	away					0	0	0	0	0	0	0	46.8	0	0.6	3.5
2026-09-16T11:46:00+02:00	22	16.1	moderate	0	away					0	0	0	0	0	0	0	46.7	0	0.6	4.6
2026-09-16T11:47:00+02:00	2	1.4	low	0	away					0	0	0	0	0	0	0	47.0	0	0.6	4.7
2026-09-16T11:48:00+02:00	3	2.3	low	0	away					0	0	0	0	0	0	0	47.0	0	0.6	3.5
2026-09-16T11:49:00+02:00	25	16.6	moderate	0	away					0	0	0	0	0	0	0	47.3	0	0.6	4.5
2026-09-16T11:50:00+02:00	0	0.0	low	0	away					0	0	0	0	0	0	0	47.4	0	0.6	2.7
2026-09-16T11:51:00+02:00	0	0.0	low	0	away					0	0	0	0	0	0	0	46.8	0	0.6	2.4
2026-09-16T11:52:00+02:00	0	0.0	low	0	away					0	0	0	0	0	0	0	47.0	0	0.6	2.5
2026-09-16T11:53:00+02:00	20	15.1	moderate	0	away					0	0	0	0	0	0	0	47.2	0	0.6	3.6
2026-09-16T11:54:00+02:00	1	0.7	low	0	away					0	0	0	0	0	0	0	47.3	0	0.6	4.6
2026-09-16T11:55:00+02:00	1	0.7	low	0	away					0	0	0	0	0	0	0	46.8	0	0.5	4.2
2026-09-16T11:56:00+02:00	3	1.9	low	0	away					0	0	0	0	0	0	0	47.2	0	0.6	5.0
2026-09-16T11:57:00+02:00	3	2.0	low	0	away					0	0	0	0	0	0	0	46.6	0	0.6	3.5
2026-09-16T11:58:00+02:00	27	18.5	moderate	0	away					0	0	0	0	0	0	0	46.6	0	0.7	2.8
2026-09-16T11:59:00+02:00	2	1.3	low	0	away					0	0	0	0	0	0	0	47.1	0	0.6	3.5
2026-09-16T12:00:00+02:00	2	1.4	low	0	away					0	0	0	0	0	0	0	46.6	0	0.6	2.7
2026-09-16T12:01:00+02:00	1	0.7	low	0	away					0	0	0	0	0	0	0	46.9	0	0.6	4.0
2026-09-16T12:02:00+02:00	2	1.4	low	0	away					0	0	0	0	0	0	0	46.8	0	0.6	4.5
2026-09-16T12:03:00+02:00	4	2.8	low	0	away					0	0	0	0	0	0	0	47.1	0	0.6	4.1
2026-09-16T12:04:00+02:00	2	1.5	low	0	away					0	0	0	0	0	0	0	46.8	0	0.6	3.0
2026-09-16T12:05:00+02:00	20	14.1	moderate	0	away					0	0	0	0	0	0	0	47.3	0	0.6	2.6
2026-09-16T12:06:00+02:00	4	2.7	low	0	away					0	0	0	0	0	0	0	47.3	0	0.6	4.7
2026-09-16T12:07:00+02:00	18	13.6	low	0	away					0	0	0	0	0	0	0	47.1	0	0.6	2.1
2026-09-16T12:08:00+02:00	0	0.0	low	0	away					0	0	0	0	0	0	0	46.8	0	0.6	3.9
2026-09-16T12:09:00+02:00	17	11.6	low	0	away					0	0	0	0	0	0	0	47.1	0	0.7	3.0
2026-09-16T12:10:00+02:00	2	1.4	low	0	away					0	0	0	0	0	0	0	47.1	0	0.7	4.6
2026-09-16T12:11:00+02:00	2	1.4	low	0	away					0	0	0	0	0	0	0	46.8	0	0.6	4.5
2026-09-16T12:12:00+02:00	33	22.4	moderate	0	away					0	0	0	0	0	0	0	46.9	0	0.6	3.8
2026-09-16T12:13:00+02:00	1	0.7	low	0	away					0	0	0	0	0	0	0	47.2	0	0.6	4.7
2026-09-16T12:14:00+02:00	2	1.4	low	0	away					0	0	0	0	0	0	0	47.2	0	0.6	3.6
2026-09-16T12:15:00+02:00	25	18.6	moderate	0	away					0	0	0	0	0	0	0	46.8	0	0.7	2.8
2026-09-16T12:16:00+02:00	19	12.2	low	0	away					0	0	0	0	0	0	0	46.8	0	0.6	3.8
2026-09-16T12:17:00+02:00	27	18.9	moderate	0	away					0	0	0	0	0	0	0	47.0	0	0.6	2.5
2026-09-16T12:18:00+02:00	3	2.2	low	0	away					0	0	0	0	0	0	0	47.2	0	0.6	2.8
2026-09-16T12:19:00+02:00	2	1.5	low	0	away					0	0	0	0	0	0	0	46.6	0	0.5	3.5
2026-09-16T12:20:00+02:00	0	0.0	low	0	away					0	0	0	0	0	0	0	46.9	0	0.6	2.2
2026-09-16T12:21:00+02:00	28	19.0	moderate	0	away					0	0	0	0	0	0	0	46.8	0	0.6	3.3
2026-09-16T12:22:00+02:00	4	2.9	low	0	away					0	0	0	0	0	0	0	46.6	0	0.6	3.7
2026-09-16T12:23:00+02:00	4	2.9	low	0	away					0	0	0	0	0	0	0	46.6	0	0.6	2.7
2026-09-16T12:24:00+02:00	0	0.0	low	0	away					0	0	0	0	0	0	0	46.9	0	0.6	4.1
2026-09-16T12:25:00+02:00	25	17.7	moderate	0	away					0	0	0	0	0	0	0	46.6	0	0.6	2.6
2026-09-16T12:26:00+02:00	0	0.0	low	0	away					0	0	0	0	0	0	0	47.1	0	0.6	2.9
2026-09-16T12:27:00+02:00	0	0.0	low	0	away					0	0	0	0	0	0	0	47.1	0	0.6	4.1
2026-09-16T12:28:00+02:00	27	18.3	moderate	0	away					0	0	0	0	0	0	0	46.8	0	0.6	3.9
2026-09-16T12:29:00+02:00	3	2.1	low	0	away					0	0	0	0	0	0	0	46.8	0	0.6	3.9
2026-09-16T12:30:00+02:00	18	11.9	low	0	away					0	0	0	0	0	0	0	46.6	0	0.6	2.9
2026-09-16T12:31:00+02:00	4	2.6	low	0	away					0	0	0	0	0	0	0	46.5	0	0.6	3.7
2026-09-16T12:32:00+02:00	4	3.0	low	0	away					0	0	0	0	0	0	0	47.2	0	0.6	4.0
2026-09-16T12:33:00+02:00	1	0.7	low	0	away					0	0	0	0	0	0	0	46.8	0	0.7	2.1
2026-09-16T12:34:00+02:00	2	1.4	low	0	away					0	0	0	0	0	0	0	47.0	0	0.7	4.6
2026-09-16T12:35:00+02:00	9	6.1	low	0	away					0	0	0	0	0	0	0	47.0	0	0.6	2.1
2026-09-16T12:36:00+02:00	34	24.6	moderate	0	away					0	0	0	0	0	0	0	47.0	0	0.5	4.0
2026-09-16T12:37:00+02:00	9	6.4	low	0	away					0	0	0	0	0	0	0	46.6	0	0.6	3.3
2026-09-16T12:38:00+02:00	15	10.2	low	0	away					0	0	0	0	0	0	0	47.1	0	0.6	3.2
2026-09-16T12:39:00+02:00	1	0.7	low	0	away					0	0	0	0	0	0	0	46.4	0	0.6	4.3
2026-09-16T12:40:00+02:00	1	0.7	low	0	away					0	0	0	0	0	0	0	47.1	0	0.6	4.9
2026-09-16T12:41:00+02:00	23	14.7	moderate	0	away					0	0	0	0	0	0	0	47.0	0	0.6	2.2
2026-09-16T12:42:00+02:00	4	2.7	low	0	away					0	0	0	0	0	0	0	46.5	0	0.6	2.4
2026-09-16T12:43:00+02:00	2	1.4	low	0	away					0	0	0	0	0	0	0	46.9	0	0.5	2.6
2026-09-16T12:44:00+02:00	3	2.0	low	0	away					0	0	0	0	0	0	0	46.8	0	0.6	4.1
2026-09-16T12:45:00+02:00	33	22.2	moderate	0	away					0	0	0	0	0	0	0	47.0	0	0.6	2.6
2026-09-16T12:46:00+02:00	4	2.9	low	0	away					0	0	0	0	0	0	0	46.5	0	0.6	4.3
2026-09-16T12:47:00+02:00	13	9.3	low	0	away					0	0	0	0	0	0	0	46.8	0	0.6	3.4
2026-09-16T12:48:00+02:00	2	1.3	low	0	away					0	0	0	0	0	0	0	46.6	0	0.5	3.6
2026-09-16T12:49:00+02:00	3	2.2	low	0	away					0	0	0	0	0	0	0	46.4	0	0.6	3.9
2026-09-16T12:50:00+02:00	4	2.7	low	0	away					0	0	0	0	0	0	0	46.6	0	0.6	3.1
2026-09-16T12:51:00+02:00	4	2.7	low	0	away					0	0	0	0	0	0	0	46.7	0	0.6	4.8
2026-09-16T12:52:00+02:00	2	1.4	low	0	away					0	0	0	0	0	0	0	46.8	0	0.6	2.1
2026-09-16T12:53:00+02:00	5	3.8	low	0	away					0	0	0	0	0	0	0	46.8	0	0.6	4.4
2026-09-16T12:54:00+02:00	8	6.0	low	0	away					0	0	0	0	0	0	0	46.6	0	0.6	2.4
2026-09-16T12:55:00+02:00	4	2.9	low	0	away					0	0	0	0	0	0	0	46.8	0	0.6	3.0
2026-09-16T12:56:00+02:00	3	2.0	low	0	away					0	0	0	0	0	0	0	46.7	0	0.7	3.3
2026-09-16T12:57:00+02:00	23	15.3	moderate	0	away					0	0	0	0	0	0	0	46.9	0	0.6	2.7
2026-09-16T12:58:00+02:00	1	0.6	low	0	away					0	0	0	0	0	0	0	46.5	0	0.6	3.3
2026-09-16T12:59:00+02:00	1	0.7	low	0	away					0	0	0	0	0	0	0	46.8	0	0.6	2.9
2026-09-16T13:00:00+02:00	1	0.7	low	0	away					0	0	0	0	0	0	0	46.3	0	0.6	3.2
2026-09-16T13:01:00+02:00	3	2.3	low	0	away					0	0	0	0	0	0	0	46.8	0	0.6	4.5
2026-09-16T13:02:00+02:00	4	3.0	low	0	away					0	0	0	0	0	0	0	46.9	0	0.6	4.3
2026-09-16T13:03:00+02:00	3	2.0	low	0	away					0	0	0	0	0	0	0	46.4	0	0.6	3.8
2026-09-16T13:04:00+02:00	31	22.3	moderate	0	away					0	0	0	0	0	0	0	47.0	0	0.7	3.9
2026-09-16T13:05:00+02:00	13	8.5	low	0	away					0	0	0	0	0	0	0	46.5	0	0.7	3.8
2026-09-16T13:06:00+02:00	2	1.5	low	0	away					0	0	0	0	0	0	0	46.7	0	0.6	4.1
2026-09-16T13:07:00+02:00	11	8.2	low	0	away					0	0	0	0	0	0	0	46.4	0	0.6	4.7
2026-09-16T13:08:00+02:00	10	7.4	low	0	away					0	0	0	0	0	0	0	46.4	0	0.6	4.5
2026-09-16T13:09:00+02:00	0	0.0	low	0	away					0	0	0	0	0	0	0	46.7	0	0.5	4.6
2026-09-16T13:10:00+02:00	19	12.8	low	0	away					0	0	0	0	0	0	0	46.8	0	0.6	2.5
2026-09-16T13:11:00+02:00	0	0.0	low	0	away					0	0	0	0	0	0	0	47.0	0	0.6	2.1
2026-09-16T13:12:00+02:00	1	0.7	low	0	away					0	0	0	0	0	0	0	46.7	0	0.6	3.6
2026-09-16T13:13:00+02:00	0	0.0	low	0	away					0	0	0	0	0	0	0	46.3	0	0.5	2.3
2026-09-16T13:14:00+02:00	14	9.0	low	0	away					0	0	0	0	0	0	0	46.9	0	0.7	3.4
2026-09-16T13:15:00+02:00	0	0.0	low	0	away					0	0	0	0	0	0	0	47.0	0	0.6	4.9
2026-09-16T13:16:00+02:00	1	0.7	low	0	away					0	0	0	0	0	0	0	46.5	0	0.6	2.4
2026-09-16T13:17:00+02:00	3	2.1	low	0	away					0	0	0	0	0	0	0	46.2	0	0.6	3.5
2026-09-16T13:18:00+02:00	2	1.5	low	0	away					0	0	0	0	0	0	0	46.2	0	0.6	4.2
2026-09-16T13:19:00+02:00	4	2.8	low	0	away					0	0	0	0	0	0	0	46.3	0	0.6	2.5
2026-09-16T13:20:00+02:00	4	2.7	low	0	away					0	0	0	0	0	0	0	46.2	0	0.6	4.4
2026-09-16T13:21:00+02:00	34	23.3	moderate	0	away					0	0	0	0	0	0	0	46.7	0	0.6	4.3
2026-09-16T13:22:00+02:00	1	0.7	low	0	away					0	0	0	0	0	0	0	46.2	0	0.6	4.8
2026-09-16T13:23:00+02:00	4	3.0	low	0	away					0	0	0	0	0	0	0	46.8	0	0.6	3.9
2026-09-16T13:24:00+02:00	0	0.0	low	0	away					0	0	0	0	0	0	0	46.9	0	0.6	4.1
2026-09-16T13:25:00+02:00	3	2.1	low	0	away					0	0	0	0	0	0	0	46.6	0	0.6	4.3
2026-09-16T13:26:00+02:00	6	3.9	low	0	away					0	0	0	0	0	0	0	46.5	0	0.6	3.5
2026-09-16T13:27:00+02:00	0	0.0	low	0	away					0	0	0	0	0	0	0	46.2	0	0.5	3.5
2026-09-16T13:28:00+02:00	13	9.1	low	0	away					0	0	0	0	0	0	0	46.9	0	0.6	5.0
2026-09-16T13:29:00+02:00	1	0.7	low	0	away					0	0	0	0	0	0	0	46.3	0	0.6	3.5
2026-09-16T13:30:00+02:00	10	7.3	low	0	kitchen	0.087	0.394	0.569	0.874	0	0	0	1	0	0	0	46.8	0	0.6	2.6
2026-09-16T13:31:00+02:00	15	9.9	low	0	kitchen	0.138	0.428	0.563	0.878	0	0	0	1	0	0	0	46.2	0	0.6	2.6
2026-09-16T13:32:00+02:00	11	7.3	low	0	kitchen	0.073	0.444	0.593	0.929	0	0	0	1	1	0	0	46.1	0	0.6	3.9
2026-09-16T13:33:00+02:00	18	12.0	low	0	kitchen	0.072	0.406	0.582	0.909	0	0	0	1	1	0	0	46.8	0	0.6	4.3
2026-09-16T13:34:00+02:00	8	5.5	low	0	kitchen	0.069	0.383	0.549	0.905	0	0	0	1	0	0	0	46.2	0	0.6	4.5
2026-09-16T13:35:00+02:00	8	5.5	low	0	kitchen	0.119	0.438	0.543	0.852	0	0	0	1	0	0	0	46.7	1	0.6	2.8
2026-09-16T13:36:00+02:00	6	4.1	low	0	kitchen	0.096	0.398	0.508	0.852	0	0	0	1	0	0	0	46.7	1	0.6	3.5
2026-09-16T13:37:00+02:00	8	5.4	low	0	kitchen	0.133	0.427	0.521	0.858	0	0	0	1	0	0	0	46.9	0	0.6	3.2
2026-09-16T13:38:00+02:00	17	12.7	low	0	kitchen	0.103	0.371	0.530	0.854	0	0	0	1	0	0	1	46.6	0	0.6	2.9
2026-09-16T13:39:00+02:00	18	12.2	low	0	kitchen	0.058	0.405	0.530	0.895	0	0	0	1	0	0	1	46.2	0	0.6	2.1
2026-09-16T13:40:00+02:00	5	3.6	low	0	kitchen	0.115	0.406	0.573	0.890	0	0	0	1	0	0	1	46.8	0	0.6	2.1
2026-09-16T13:41:00+02:00	9	6.1	low	0	kitchen	0.111	0.421	0.519	0.848	0	0	0	1	0	0	1	46.2	0	0.7	4.3
2026-09-16T13:42:00+02:00	3	2.2	low	0	kitchen	0.106	0.414	0.543	0.856	0	0	0	1	0	0	0	46.4	0	0.6	2.2
2026-09-16T13:43:00+02:00	4	2.9	low	0	kitchen	0.065	0.410	0.585	0.884	0	0	0	1	0	0	0	46.6	0	0.6	3.9
2026-09-16T13:44:00+02:00	7	5.3	low	0	kitchen	0.142	0.420	0.502	0.879	0	0	0	1	0	0	0	46.8	0	0.6	3.1
2026-09-16T13:45:00+02:00	10	7.2	low	0	kitchen	0.082	0.371	0.528	0.923	0	0	0	1	0	0	0	46.1	0	0.6	3.9
2026-09-16T13:46:00+02:00	11	7.1	low	0	kitchen	0.148	0.447	0.592	0.927	0	0	0	1	0	0	0	46.6	0	0.6	3.7
2026-09-16T13:47:00+02:00	8	5.2	low	0	kitchen	0.117	0.368	0.549	0.925	0	0	0	1	0	0	0	46.4	0	0.6	3.9
2026-09-16T13:48:00+02:00	17	12.0	low	0	kitchen	0.147	0.412	0.528	0.892	0	0	0	1	0	0	0	46.8	0	0.6	2.8
2026-09-16T13:49:00+02:00	3	2.3	low	0	kitchen	0.100	0.446	0.596	0.921	0	0	0	1	0	0	0	46.4	0	0.6	4.9
2026-09-16T13:50:00+02:00	18	11.6	low	0	kitchen	0.085	0.388	0.568	0.910	0	0	0	1	0	0	0	46.5	0	0.6	3.5
2026-09-16T13:51:00+02:00	12	8.1	low	0	kitchen	0.130	0.445	0.574	0.848	0	0	0	1	0	0	0	46.7	0	0.6	3.3
2026-09-16T13:52:00+02:00	4	2.7	low	0	kitchen	0.099	0.439	0.564	0.850	0	0	0	1	0	0	0	46.7	0	0.5	4.0
2026-09-16T13:53:00+02:00	8	5.4	low	0	kitchen	0.138	0.350	0.543	0.879	0	0	0	1	0	0	0	46.5	0	0.6	3.0
2026-09-16T13:54:00+02:00	15	10.6	low	0	kitchen	0.073	0.429	0.505	0.864	0	0	0	1	0	0	0	46.6	0	0.7	3.2
2026-09-16T13:55:00+02:00	11	7.6	low	0	kitchen	0.122	0.428	0.563	0.865	0	0	0	1	1	0	0	46.8	0	0.6	2.1
2026-09-16T13:56:00+02:00	17	11.2	low	0	kitchen	0.069	0.437	0.551	0.897	0	0	0	1	0	0	0	46.4	0	0.6	4.2
2026-09-16T13:57:00+02:00	3	2.0	low	0	kitchen	0.077	0.447	0.576	0.847	0	0	0	1	0	0	0	46.3	0	0.6	4.3
2026-09-16T13:58:00+02:00	10	6.8	low	0	kitchen	0.127	0.436	0.524	0.892	0	0	0	1	0	0	0	46.3	0	0.6	3.6
2026-09-16T13:59:00+02:00	13	9.2	low	0	kitchen	0.122	0.352	0.568	0.875	0	0	0	1	0	0	0	46.4	0	0.6	3.3
2026-09-16T14:00:00+02:00	5	3.7	low	0	kitchen	0.056	0.445	0.517	0.857	0	0	0	1	0	0	0	46.1	0	0.6	4.3
2026-09-16T14:01:00+02:00	9	6.0	low	0	kitchen	0.101	0.437	0.542	0.900	0	0	0	1	0	0	0	46.1	0	0.6	3.0
2026-09-16T14:02:00+02:00	10	7.1	low	0	kitchen	0.092	0.354	0.513	0.877	0	0	0	1	0	0	0	46.1	0	0.6	3.8
2026-09-16T14:03:00+02:00	9	6.8	low	0	kitchen	0.099	0.359	0.589	0.901	0	0	0	1	0	0	0	46.5	0	0.6	2.2
2026-09-16T14:04:00+02:00	15	10.6	low	0	kitchen	0.142	0.355	0.500	0.883	0	0	0	1	0	0	0	46.0	0	0.6	4.3
2026-09-16T14:05:00+02:00	14	10.2	low	0	kitchen	0.144	0.366	0.590	0.841	0	0	0	1	0	0	0	46.3	0	0.6	2.3
2026-09-16T14:06:00+02:00	3	2.1	low	0	kitchen	0.106	0.402	0.527	0.866	0	0	0	1	0	0	0	46.2	0	0.6	5.0
2026-09-16T14:07:00+02:00	14	10.2	low	0	kitchen	0.100	0.445	0.594	0.897	0	0	0	1	0	0	0	46.2	0	0.5	4.9
2026-09-16T14:08:00+02:00	16	11.5	low	0	kitchen	0.111	0.448	0.589	0.842	0	0	0	1	0	0	0	46.6	0	0.6	2.0
2026-09-16T14:09:00+02:00	3	2.0	low	0	kitchen	0.082	0.405	0.583	0.911	0	0	0	1	0	0	0	46.4	0	0.6	2.5
2026-09-16T14:10:00+02:00	10	7.6	low	0	kitchen	0.084	0.381	0.507	0.911	0	0	0	1	0	0	0	46.2	0	0.6	3.8
2026-09-16T14:11:00+02:00	11	8.2	low	0	kitchen	0.131	0.431	0.522	0.842	0	0	0	1	0	0	0	46.4	0	0.6	2.6
2026-09-16T14:12:00+02:00	18	11.6	low	0	kitchen	0.083	0.442	0.576	0.869	0	0	0	1	0	0	0	46.6	0	0.5	4.7
2026-09-16T14:13:00+02:00	7	4.5	low	0	kitchen	0.072	0.413	0.507	0.868	0	0	0	1	0	0	0	46.7	0	0.6	3.9
2026-09-16T14:14:00+02:00	12	9.0	low	0	kitchen	0.065	0.356	0.553	0.879	0	0	0	1	0	0	0	46.5	0	0.6	2.4
2026-09-16T14:15:00+02:00	3	2.0	low	0	living_room	0.300	0.510	0.824	0.577	0	0	1	0	0	0	0	46.3	0	0.6	4.2
2026-09-16T14:16:00+02:00	0	0.0	low	0	living_room	0.329	0.502	0.845	0.528	0	0	1	0	0	0	0	46.7	0	0.7	4.4
2026-09-16T14:17:00+02:00	0	0.0	low	0	living_room	0.341	0.475	0.870	0.557	0	0	0	0	0	0	0	46.0	0	0.5	4.3
2026-09-16T14:18:00+02:00	0	0.0	low	0	living_room	0.347	0.484	0.869	0.522	0	0	0	0	0	0	0	46.4	0	0.6	2.1
2026-09-16T14:19:00+02:00	4	2.9	low	0	living_room	0.365	0.499	0.828	0.570	0	0	1	0	0	0	0	46.5	0	0.6	3.0
2026-09-16T14:20:00+02:00	1	0.7	low	0	living_room	0.335	0.469	0.904	0.589	0	0	1	0	0	0	0	46.0	0	0.5	2.8
2026-09-16T14:21:00+02:00	0	0.0	low	0	living_room	0.368	0.524	0.857	0.556	0	0	0	0	0	0	0	45.9	0	0.5	2.6
2026-09-16T14:22:00+02:00	0	0.0	low	0	living_room	0.365	0.481	0.890	0.582	0	0	0	0	0	0	0	46.2	0	0.6	2.4
2026-09-16T14:23:00+02:00	2	1.3	low	0	living_room	0.367	0.538	0.851	0.566	0	0	1	0	0	0	0	46.3	0	0.6	5.0
2026-09-16T14:24:00+02:00	0	0.0	low	0	living_room	0.362	0.499	0.860	0.502	0	0	0	0	0	0	0	46.7	0	0.5	3.0
2026-09-16T14:25:00+02:00	0	0.0	low	0	living_room	0.305	0.478	0.848	0.503	0	0	0	0	0	0	0	46.1	0	0.6	2.2
2026-09-16T14:26:00+02:00	0	0.0	low	0	living_room	0.388	0.488	0.889	0.576	0	0	0	0	0	0	0	45.9	0	0.7	3.3
2026-09-16T14:27:00+02:00	0	0.0	low	0	living_room	0.300	0.466	0.913	0.553	0	0	0	0	0	0	0	46.4	0	0.6	4.4
2026-09-16T14:28:00+02:00	0	0.0	low	0	living_room	0.323	0.493	0.840	0.538	0	0	0	0	0	0	0	46.0	0	0.5	3.9
2026-09-16T14:29:00+02:00	0	0.0	low	0	living_room	0.331	0.509	0.832	0.584	0	0	0	0	0	0	0	46.0	0	0.5	4.7
2026-09-16T14:30:00+02:00	0	0.0	low	0	living_room	0.302	0.498	0.825	0.536	0	0	0	0	0	0	0	46.1	0	0.7	5.0
2026-09-16T14:31:00+02:00	0	0.0	low	0	living_room	0.303	0.508	0.892	0.590	0	0	0	0	0	0	0	46.7	0	0.6	4.1
2026-09-16T14:32:00+02:00	0	0.0	low	0	living_room	0.344	0.467	0.899	0.539	0	0	0	0	0	0	0	46.4	0	0.6	4.9
2026-09-16T14:33:00+02:00	0	0.0	low	0	living_room	0.334	0.502	0.865	0.516	0	0	0	0	0	0	0	46.4	0	0.6	3.0
2026-09-16T14:34:00+02:00	0	0.0	low	0	living_room	0.395	0.502	0.883	0.524	0	0	0	0	0	0	0	45.9	0	0.7	3.9
2026-09-16T14:35:00+02:00	0	0.0	low	0	living_room	0.358	0.466	0.895	0.568	0	0	0	0	0	0	0	46.5	0	0.7	3.3
2026-09-16T14:36:00+02:00	2	1.4	low	0	living_room	0.344	0.536	0.856	0.548	0	0	1	0	0	0	0	46.5	0	0.6	4.4
2026-09-16T14:37:00+02:00	0	0.0	low	0	living_room	0.347	0.545	0.887	0.563	0	0	0	0	0	0	0	46.0	0	0.6	4.9
2026-09-16T14:38:00+02:00	2	1.3	low	0	living_room	0.393	0.515	0.860	0.536	0	0	1	0	0	0	0	45.9	0	0.6	2.9
2026-09-16T14:39:00+02:00	0	0.0	low	0	living_room	0.370	0.538	0.843	0.522	0	0	0	0	0	0	0	46.2	0	0.6	4.6
2026-09-16T14:40:00+02:00	0	0.0	low	0	living_room	0.400	0.461	0.887	0.521	0	0	1	0	0	0	0	46.3	0	0.7	4.0
2026-09-16T14:41:00+02:00	0	0.0	low	0	living_room	0.321	0.492	0.829	0.559	0	0	0	0	0	0	0	46.2	0	0.5	2.2
2026-09-16T14:42:00+02:00	0	0.0	low	0	living_room	0.390	0.492	0.836	0.501	0	0	0	0	0	0	0	46.0	0	0.6	3.6
2026-09-16T14:43:00+02:00	0	0.0	low	0	living_room	0.305	0.471	0.870	0.504	0	0	0	0	0	0	0	46.2	0	0.5	3.8
2026-09-16T14:44:00+02:00	0	0.0	low	0	living_room	0.340	0.521	0.868	0.577	0	0	0	0	0	0	0	46.1	0	0.6	2.8
2026-09-16T14:45:00+02:00	3	2.1	low	0	away					0	0	0	0	0	0	0	46.2	0	0.5	3.1
2026-09-16T14:46:00+02:00	4	2.8	low	0	away					0	0	0	0	0	0	0	46.0	0	0.6	2.2
2026-09-16T14:47:00+02:00	0	0.0	low	0	away					0	0	0	0	0	0	0	45.9	0	0.6	3.5
2026-09-16T14:48:00+02:00	1	0.7	low	0	away					0	0	0	0	0	0	0	46.1	0	0.6	3.5
2026-09-16T14:49:00+02:00	3	2.0	low	0	away					0	0	0	0	0	0	0	46.4	0	0.6	4.9
2026-09-16T14:50:00+02:00	14	9.9	low	0	away					0	0	0	0	0	0	0	46.4	0	0.6	2.4
2026-09-16T14:51:00+02:00	11	7.7	low	0	away					0	0	0	0	0	0	0	46.1	0	0.6	4.4
2026-09-16T14:52:00+02:00	18	12.3	low	0	away					0	0	0	0	0	0	0	46.4	0	0.6	2.9
2026-09-16T14:53:00+02:00	3	2.0	low	0	away					0	0	0	0	0	0	0	46.4	0	0.7	3.9
2026-09-16T14:54:00+02:00	2	1.3	low	0	away					0	0	0	0	0	0	0	46.0	0	0.6	4.6
2026-09-16T14:55:00+02:00	1	0.7	low	0	away					0	0	0	0	0	0	0	46.5	0	0.6	2.5
2026-09-16T14:56:00+02:00	3	2.2	low	0	away					0	0	0	0	0	0	0	45.9	0	0.6	4.4
2026-09-16T14:57:00+02:00	4	2.8	low	0	away					0	0	0	0	0	0	0	46.5	0	0.7	3.6
2026-09-16T14:58:00+02:00	0	0.0	low	0	away					0	0	0	0	0	0	0	46.4	0	0.6	2.3
2026-09-16T14:59:00+02:00	2	1.4	low	0	away					0	0	0	0	0	0	0	46.2	0	0.6	2.8
2026-09-16T15:00:00+02:00	4	3.0	low	0	away					0	0	0	0	0	0	0	46.0	0	0.6	3.9
2026-09-16T15:01:00+02:00	15	9.6	low	0	away					0	0	0	0	0	0	0	46.3	0	0.6	2.5
2026-09-16T15:02:00+02:00	4	2.9	low	0	away					0	0	0	0	0	0	0	45.9	0	0.6	4.1
2026-09-16T15:03:00+02:00	1	0.7	low	0	away					0	0	0	0	0	0	0	46.0	0	0.7	4.1
2026-09-16T15:04:00+02:00	3	1.9	low	0	away					0	0	0	0	0	0	0	46.3	0	0.6	3.1
2026-09-16T15:05:00+02:00	11	7.4	low	0	away					0	0	0	0	0	0	0	46.0	0	0.7	3.2
2026-09-16T15:06:00+02:00	1	0.7	low	0	away					0	0	0	0	0	0	0	46.5	0	0.6	3.0
2026-09-16T15:07:00+02:00	14	9.2	low	0	away					0	0	0	0	0	0	0	46.1	0	0.6	3.4
2026-09-16T15:08:00+02:00	35	26.0	moderate	0	away					0	0	0	0	0	0	0	45.9	0	0.6	2.5
2026-09-16T15:09:00+02:00	2	1.5	low	0	away					0	0	0	0	0	0	0	46.3	0	0.6	3.8
2026-09-16T15:10:00+02:00	1	0.7	low	0	away					0	0	0	0	0	0	0	46.0	0	0.6	3.9
2026-09-16T15:11:00+02:00	4	2.9	low	0	away					0	0	0	0	0	0	0	46.4	0	0.6	4.8
2026-09-16T15:12:00+02:00	4	2.6	low	0	away					0	0	0	0	0	0	0	46.2	0	0.6	4.0
2026-09-16T15:13:00+02:00	4	2.6	low	0	away					0	0	0	0	0	0	0	46.5	0	0.6	2.6
2026-09-16T15:14:00+02:00	5	3.5	low	0	away					0	0	0	0	0	0	0	46.2	0	0.7	3.4
2026-09-16T15:15:00+02:00	9	5.9	low	0	away					0	0	0	0	0	0	0	45.7	0	0.6	4.4
2026-09-16T15:16:00+02:00	0	0.0	low	0	away					0	0	0	0	0	0	0	45.7	0	0.5	3.3
2026-09-16T15:17:00+02:00	3	2.1	low	0	away					0	0	0	0	0	0	0	46.0	0	0.5	3.2
2026-09-16T15:18:00+02:00	3	2.2	low	0	away					0	0	0	0	0	0	0	46.4	0	0.6	4.0
2026-09-16T15:19:00+02:00	2	1.4	low	0	away					0	0	0	0	0	0	0	45.9	0	0.7	4.6
2026-09-16T15:20:00+02:00	4	2.8	low	0	away					0	0	0	0	0	0	0	46.4	0	0.6	3.1
2026-09-16T15:21:00+02:00	2	1.3	low	0	away					0	0	0	0	0	0	0	45.8	0	0.7	3.2
2026-09-16T15:22:00+02:00	2	1.3	low	0	away					0	0	0	0	0	0	0	46.4	0	0.7	2.3
2026-09-16T15:23:00+02:00	30	19.3	moderate	0	away					0	0	0	0	0	0	0	45.9	0	0.6	3.2
2026-09-16T15:24:00+02:00	0	0.0	low	0	away					0	0	0	0	0	0	0	46.0	0	0.6	4.7
2026-09-16T15:25:00+02:00	1	0.7	low	0	away					0	0	0	0	0	0	0	45.8	0	0.5	4.2
2026-09-16T15:26:00+02:00	3	2.1	low	0	away					0	0	0	0	0	0	0	46.4	0	0.5	4.8
2026-09-16T15:27:00+02:00	19	13.1	low	0	away					0	0	0	0	0	0	0	46.1	0	0.6	3.9
2026-09-16T15:28:00+02:00	4	2.7	low	0	away					0	0	0	0	0	0	0	46.0	0	0.6	4.8
2026-09-16T15:29:00+02:00	1	0.7	low	0	away					0	0	0	0	0	0	0	46.0	0	0.6	2.5
2026-09-16T15:30:00+02:00	24	17.1	moderate	0	away					0	0	0	0	0	0	0	45.8	0	0.6	3.0
2026-09-16T15:31:00+02:00	2	1.3	low	0	away					0	0	0	0	0	0	0	46.4	0	0.6	4.6
2026-09-16T15:32:00+02:00	3	2.2	low	0	away					0	0	0	0	0	0	0	46.3	0	0.6	3.7
2026-09-16T15:33:00+02:00	0	0.0	low	0	away					0	0	0	0	0	0	0	45.7	0	0.6	3.5
2026-09-16T15:34:00+02:00	3	2.3	low	0	away					0	0	0	0	0	0	0	46.0	0	0.6	3.1
2026-09-16T15:35:00+02:00	11	8.1	low	0	away					0	0	0	0	0	0	0	46.2	0	0.6	3.2
2026-09-16T15:36:00+02:00	20	14.9	moderate	0	away					0	0	0	0	0	0	0	45.9	0	0.6	4.9
2026-09-16T15:37:00+02:00	3	2.1	low	0	away					0	0	0	0	0	0	0	46.2	0	0.6	2.8
2026-09-16T15:38:00+02:00	1	0.6	low	0	away					0	0	0	0	0	0	0	46.4	0	0.6	2.7
2026-09-16T15:39:00+02:00	3	2.2	low	0	away					0	0	0	0	0	0	0	46.0	0	0.6	3.1
2026-09-16T15:40:00+02:00	34	24.2	moderate	0	away					0	0	0	0	0	0	0	46.4	0	0.6	3.1
2026-09-16T15:41:00+02:00	0	0.0	low	0	away					0	0	0	0	0	0	0	45.9	0	0.6	2.4
2026-09-16T15:42:00+02:00	0	0.0	low	0	away					0	0	0	0	0	0	0	46.0	0	0.6	4.9
2026-09-16T15:43:00+02:00	2	1.4	low	0	away					0	0	0	0	0	0	0	45.8	0	0.6	2.8
2026-09-16T15:44:00+02:00	26	19.4	moderate	0	away					0	0	0	0	0	0	0	46.0	0	0.6	4.3
2026-09-16T15:45:00+02:00	13	9.4	low	0	away					0	0	0	0	0	0	0	45.6	0	0.6	2.3
2026-09-16T15:46:00+02:00	1	0.7	low	0	away					0	0	0	0	0	0	0	45.9	0	0.6	2.5
2026-09-16T15:47:00+02:00	0	0.0	low	0	away					0	0	0	0	0	0	0	46.2	0	0.6	3.3
2026-09-16T15:48:00+02:00	24	17.3	moderate	0	away					0	0	0	0	0	0	0	45.8	0	0.6	3.5
2026-09-16T15:49:00+02:00	1	0.6	low	0	away					0	0	0	0	0	0	0	45.6	0	0.6	4.0
2026-09-16T15:50:00+02:00	4	2.9	low	0	away					0	0	0	0	0	0	0	46.0	0	0.6	3.1
2026-09-16T15:51:00+02:00	10	7.2	low	0	away					0	0	0	0	0	0	0	45.7	0	0.6	2.7
2026-09-16T15:52:00+02:00	2	1.5	low	0	away					0	0	0	0	0	0	0	46.0	0	0.6	3.8
2026-09-16T15:53:00+02:00	1	0.7	low	0	away					0	0	0	0	0	0	0	46.1	0	0.6	3.8
2026-09-16T15:54:00+02:00	4	3.0	low	0	away					0	0	0	0	0	0	0	46.0	0	0.5	3.0
2026-09-16T15:55:00+02:00	4	2.8	low	0	away					0	0	0	0	0	0	0	46.3	0	0.6	2.2
2026-09-16T15:56:00+02:00	3	2.1	low	0	away					0	0	0	0	0	0	0	46.3	0	0.6	2.0
2026-09-16T15:57:00+02:00	3	2.1	low	0	away					0	0	0	0	0	0	0	45.8	0	0.6	4.0
2026-09-16T15:58:00+02:00	12	8.2	low	0	away					0	0	0	0	0	0	0	46.2	0	0.6	2.4
2026-09-16T15:59:00+02:00	2	1.5	low	0	away					0	0	0	0	0	0	0	45.6	0	0.6	2.7
2026-09-16T16:00:00+02:00	0	0.0	low	0	away					0	0	0	0	0	0	0	45.6	0	0.5	3.0
2026-09-16T16:01:00+02:00	4	3.0	low	0	away					0	0	0	0	0	0	0	46.2	0	0.6	2.3
2026-09-16T16:02:00+02:00	4	3.0	low	0	away					0	0	0	0	0	0	0	46.3	0	0.6	2.4
2026-09-16T16:03:00+02:00	27	19.2	moderate	0	away					0	0	0	0	0	0	0	46.3	0	0.6	3.7
2026-09-16T16:04:00+02:00	34	25.8	moderate	0	away					0	0	0	0	0	0	0	45.6	0	0.6	2.2
2026-09-16T16:05:00+02:00	2	1.3	low	0	away					0	0	0	0	0	0	0	45.9	0	0.6	2.1
2026-09-16T16:06:00+02:00	3	2.0	low	0	away					0	0	0	0	0	0	0	45.9	0	0.6	3.2
2026-09-16T16:07:00+02:00	24	16.2	moderate	0	away					0	0	0	0	0	0	0	45.7	0	0.6	4.7
2026-09-16T16:08:00+02:00	5	3.3	low	0	away					0	0	0	0	0	0	0	45.9	0	0.6	4.1
2026-09-16T16:09:00+02:00	3	2.0	low	0	away					0	0	0	0	0	0	0	46.3	0	0.6	3.1
2026-09-16T16:10:00+02:00	0	0.0	low	0	away					0	0	0	0	0	0	0	46.3	0	0.6	3.9
2026-09-16T16:11:00+02:00	4	2.9	low	0	away					0	0	0	0	0	0	0	46.2	0	0.6	3.3
2026-09-16T16:12:00+02:00	35	25.5	moderate	0	away					0	0	0	0	0	0	0	45.9	0	0.6	3.8
2026-09-16T16:13:00+02:00	2	1.5	low	0	away					0	0	0	0	0	0	0	45.8	0	0.6	2.2
2026-09-16T16:14:00+02:00	1	0.7	low	0	away					0	0	0	0	0	0	0	46.1	0	0.6	2.2
2026-09-16T16:15:00+02:00	3	2.2	low	0	away					0	0	0	0	0	0	0	46.2	0	0.6	4.0
2026-09-16T16:16:00+02:00	25	17.2	moderate	0	away					0	0	0	0	0	0	0	46.0	0	0.6	4.5
2026-09-16T16:17:00+02:00	0	0.0	low	0	away					0	0	0	0	0	0	0	45.6	0	0.5	3.6
2026-09-16T16:18:00+02:00	3	2.3	low	0	away					0	0	0	0	0	0	0	45.6	0	0.5	2.1
2026-09-16T16:19:00+02:00	19	13.3	low	0	away					0	0	0	0	0	0	0	46.2	0	0.6	3.2
2026-09-16T16:20:00+02:00	0	0.0	low	0	away					0	0	0	0	0	0	0	45.9	0	0.6	3.7
2026-09-16T16:21:00+02:00	29	20.3	moderate	0	away					0	0	0	0	0	0	0	46.2	0	0.6	3.2
2026-09-16T16:22:00+02:00	35	23.6	moderate	0	away					0	0	0	0	0	0	0	46.2	0	0.6	3.4
2026-09-16T16:23:00+02:00	5	3.4	low	0	away					0	0	0	0	0	0	0	46.0	0	0.6	3.6
2026-09-16T16:24:00+02:00	1	0.7	low	0	away					0	0	0	0	0	0	0	45.6	0	0.6	3.9
2026-09-16T16:25:00+02:00	3	2.2	low	0	away					0	0	0	0	0	0	0	46.0	0	0.6	4.7
2026-09-16T16:26:00+02:00	12	8.1	low	0	away					0	0	0	0	0	0	0	46.3	0	0.6	2.2
2026-09-16T16:27:00+02:00	1	0.7	low	0	away					0	0	0	0	0	0	0	45.9	0	0.6	3.1
2026-09-16T16:28:00+02:00	1	0.7	low	0	away					0	0	0	0	0	0	0	45.6	0	0.6	3.4
2026-09-16T16:29:00+02:00	3	2.3	low	0	away					0	0	0	0	0	0	0	45.6	0	0.6	4.7
2026-09-16T16:30:00+02:00	2	1.4	low	0	away					0	0	0	0	0	0	0	45.5	0	0.7	3.8
2026-09-16T16:31:00+02:00	2	1.5	low	0	away					0	0	0	0	0	0	0	46.2	0	0.6	2.5
2026-09-16T16:32:00+02:00	2	1.5	low	0	away					0	0	0	0	0	0	0	45.5	0	0.6	2.9
2026-09-16T16:33:00+02:00	3	2.2	low	0	away					0	0	0	0	0	0	0	45.8	0	0.6	2.2
2026-09-16T16:34:00+02:00	2	1.4	low	0	away					0	0	0	0	0	0	0	46.1	0	0.6	3.4
2026-09-16T16:35:00+02:00	2	1.4	low	0	away					0	0	0	0	0	0	0	46.1	0	0.7	2.6
2026-09-16T16:36:00+02:00	2	1.5	low	0	away					0	0	0	0	0	0	0	46.2	0	0.6	4.2
2026-09-16T16:37:00+02:00	3	2.0	low	0	away					0	0	0	0	0	0	0	46.2	0	0.7	3.7
2026-09-16T16:38:00+02:00	4	2.6	low	0	away					0	0	0	0	0	0	0	45.7	0	0.6	4.2
2026-09-16T16:39:00+02:00	0	0.0	low	0	away					0	0	0	0	0	0	0	46.0	0	0.6	4.3
2026-09-16T16:40:00+02:00	1	0.7	low	0	away					0	0	0	0	0	0	0	45.6	0	0.6	4.0
2026-09-16T16:41:00+02:00	16	11.3	low	0	away					0	0	0	0	0	0	0	45.5	0	0.6	4.2
2026-09-16T16:42:00+02:00	1	0.6	low	0	away					0	0	0	0	0	0	0	46.2	0	0.6	3.1
2026-09-16T16:43:00+02:00	3	2.1	low	0	away					0	0	0	0	0	0	0	46.1	0	0.6	4.6
2026-09-16T16:44:00+02:00	32	23.5	moderate	0	away					0	0	0	0	0	0	0	46.2	0	0.7	2.9
2026-09-16T16:45:00+02:00	2	1.4	low	0	away					0	0	0	0	0	0	0	45.8	0	0.6	3.7
2026-09-16T16:46:00+02:00	1	0.7	low	0	away					0	0	0	0	0	0	0	46.0	0	0.5	4.3
2026-09-16T16:47:00+02:00	3	2.1	low	0	away					0	0	0	0	0	0	0	46.2	0	0.6	4.9
2026-09-16T16:48:00+02:00	2	1.5	low	0	away					0	0	0	0	0	0	0	45.8	0	0.6	4.3
2026-09-16T16:49:00+02:00	3	2.2	low	0	away					0	0	0	0	0	0	0	45.5	0	0.5	4.3
2026-09-16T16:50:00+02:00	25	18.6	moderate	0	away					0	0	0	0	0	0	0	45.7	0	0.6	4.1
2026-09-16T16:51:00+02:00	35	23.6	moderate	0	away					0	0	0	0	0	0	0	46.2	0	0.7	2.7
2026-09-16T16:52:00+02:00	0	0.0	low	0	away					0	0	0	0	0	0	0	45.8	0	0.6	4.5
2026-09-16T16:53:00+02:00	0	0.0	low	0	away					0	0	0	0	0	0	0	45.9	0	0.6	2.1
2026-09-16T16:54:00+02:00	3	2.1	low	0	away					0	0	0	0	0	0	0	46.0	0	0.6	3.8
2026-09-16T16:55:00+02:00	12	8.0	low	0	away					0	0	0	0	0	0	0	46.1	0	0.6	4.6
2026-09-16T16:56:00+02:00	8	5.5	low	0	away					0	0	0	0	0	0	0	45.8	0	0.6	2.3
2026-09-16T16:57:00+02:00	3	2.1	low	0	away					0	0	0	0	0	0	0	46.0	0	0.6	4.7
2026-09-16T16:58:00+02:00	31	19.9	moderate	0	away					0	0	0	0	0	0	0	46.0	0	0.6	4.5
2026-09-16T16:59:00+02:00	3	2.0	low	0	away					0	0	0	0	0	0	0	46.0	0	0.5	2.2
2026-09-16T17:00:00+02:00	23	16.5	moderate	0	away					0	0	0	0	0	0	0	45.5	0	0.7	3.0
2026-09-16T17:01:00+02:00	1	0.7	low	0	away					0	0	0	0	0	0	0	45.5	0	0.5	2.7
2026-09-16T17:02:00+02:00	29	21.7	moderate	0	away					0	0	0	0	0	0	0	46.1	0	0.5	4.2
2026-09-16T17:03:00+02:00	7	4.5	low	0	away					0	0	0	0	0	0	0	45.6	0	0.6	4.7
2026-09-16T17:04:00+02:00	2	1.4	low	0	away					0	0	0	0	0	0	0	45.9	0	0.6	2.7
2026-09-16T17:05:00+02:00	2	1.5	low	0	away					0	0	0	0	0	0	0	45.6	0	0.6	4.9
2026-09-16T17:06:00+02:00	3	2.3	low	0	away					0	0	0	0	0	0	0	45.9	0	0.6	4.2
2026-09-16T17:07:00+02:00	2	1.4	low	0	away					0	0	0	0	0	0	0	46.0	0	0.6	4.8
2026-09-16T17:08:00+02:00	29	20.3	moderate	0	away					0	0	0	0	0	0	0	46.2	0	0.6	3.5
2026-09-16T17:09:00+02:00	29	19.2	moderate	0	away					0	0	0	0	0	0	0	46.0	0	0.6	2.7
2026-09-16T17:10:00+02:00	4	3.0	low	0	away					0	0	0	0	0	0	0	46.0	0	0.6	3.9
2026-09-16T17:11:00+02:00	3	2.1	low	0	away					0	0	0	0	0	0	0	45.9	0	0.6	4.2
2026-09-16T17:12:00+02:00	13	9.1	low	0	away					0	0	0	0	0	0	0	45.5	0	0.6	2.4
2026-09-16T17:13:00+02:00	2	1.4	low	0	away					0	0	0	0	0	0	0	45.5	0	0.6	3.8
2026-09-16T17:14:00+02:00	1	0.8	low	0	away					0	0	0	0	0	0	0	46.2	0	0.6	3.7
2026-09-16T17:15:00+02:00	29	19.5	moderate	0	away					0	0	0	0	0	0	0	45.7	0	0.6	2.4
2026-09-16T17:16:00+02:00	4	2.8	low	0	away					0	0	0	0	0	0	0	45.6	0	0.6	2.6
2026-09-16T17:17:00+02:00	2	1.5	low	0	away					0	0	0	0	0	0	0	45.9	0	0.6	5.0
2026-09-16T17:18:00+02:00	1	0.7	low	0	away					0	0	0	0	0	0	0	45.7	0	0.6	2.1
2026-09-16T17:19:00+02:00	1	0.7	low	0	away					0	0	0	0	0	0	0	45.7	0	0.6	2.9
2026-09-16T17:20:00+02:00	1	0.7	low	0	away					0	0	0	0	0	0	0	45.4	0	0.7	4.0
2026-09-16T17:21:00+02:00	35	23.8	moderate	0	away					0	0	0	0	0	0	0	46.1	0	0.6	3.1
2026-09-16T17:22:00+02:00	3	1.9	low	0	away					0	0	0	0	0	0	0	45.7	0	0.6	2.5
2026-09-16T17:23:00+02:00	0	0.0	low	0	away					0	0	0	0	0	0	0	45.5	0	0.6	4.1
2026-09-16T17:24:00+02:00	3	2.1	low	0	away					0	0	0	0	0	0	0	45.5	0	0.7	4.5
2026-09-16T17:25:00+02:00	0	0.0	low	0	away					0	0	0	0	0	0	0	46.1	0	0.6	2.9
2026-09-16T17:26:00+02:00	30	20.8	moderate	0	away					0	0	0	0	0	0	0	45.7	0	0.6	3.8
2026-09-16T17:27:00+02:00	14	9.6	low	0	away					0	0	0	0	0	0	0	45.7	0	0.6	4.2
2026-09-16T17:28:00+02:00	2	1.4	low	0	away					0	0	0	0	0	0	0	45.9	0	0.6	4.8
2026-09-16T17:29:00+02:00	1	0.7	low	0	away					0	0	0	0	0	0	0	45.7	0	0.6	3.4
2026-09-16T17:30:00+02:00	0	0.0	low	0	away					0	0	0	0	0	0	0	46.0	0	0.6	3.0
2026-09-16T17:31:00+02:00	2	1.4	low	0	away					0	0	0	0	0	0	0	45.8	0	0.6	2.9
2026-09-16T17:32:00+02:00	0	0.0	low	0	away					0	0	0	0	0	0	0	45.5	0	0.6	4.9
2026-09-16T17:33:00+02:00	3	2.2	low	0	away					0	0	0	0	0	0	0	45.5	0	0.6	4.1
2026-09-16T17:34:00+02:00	7	5.2	low	0	away					0	0	0	0	0	0	0	45.9	0	0.6	2.6
2026-09-16T17:35:00+02:00	31	22.9	moderate	0	away					0	0	0	0	0	0	0	45.7	0	0.7	2.5
2026-09-16T17:36:00+02:00	18	12.3	low	0	away					0	0	0	0	0	0	0	45.6	0	0.6	4.8
2026-09-16T17:37:00+02:00	2	1.4	low	0	away					0	0	0	0	0	0	0	45.5	0	0.6	4.9
2026-09-16T17:38:00+02:00	1	0.7	low	0	away					0	0	0	0	0	0	0	45.8	0	0.6	3.3
2026-09-16T17:39:00+02:00	3	2.3	low	0	away					0	0	0	0	0	0	0	45.8	0	0.6	2.4
2026-09-16T17:40:00+02:00	1	0.7	low	0	away					0	0	0	0	0	0	0	45.9	0	0.6	3.4
2026-09-16T17:41:00+02:00	3	2.2	low	0	away					0	0	0	0	0	0	0	45.7	0	0.6	3.0
2026-09-16T17:42:00+02:00	0	0.0	low	0	away					0	0	0	0	0	0	0	45.8	0	0.6	3.5
2026-09-16T17:43:00+02:00	0	0.0	low	0	away					0	0	0	0	0	0	0	45.6	0	0.6	4.6
2026-09-16T17:44:00+02:00	3	2.1	low	0	away					0	0	0	0	0	0	0	45.4	0	0.6	4.0
2026-09-16T17:45:00+02:00	0	0.0	low	0	away					0	0	0	0	0	0	0	45.9	0	0.6	3.4
2026-09-16T17:46:00+02:00	12	8.1	low	0	away					0	0	0	0	0	0	0	45.9	0	0.6	3.9
2026-09-16T17:47:00+02:00	3	2.0	low	0	away					0	0	0	0	0	0	0	45.4	0	0.6	4.7
2026-09-16T17:48:00+02:00	7	5.0	low	0	away					0	0	0	0	0	0	0	45.5	0	0.6	2.6
2026-09-16T17:49:00+02:00	23	17.5	moderate	0	away					0	0	0	0	0	0	0	45.7	0	0.5	2.1
2026-09-16T17:50:00+02:00	0	0.0	low	0	away					0	0	0	0	0	0	0	46.0	0	0.6	2.5
2026-09-16T17:51:00+02:00	4	2.7	low	0	away					0	0	0	0	0	0	0	46.0	0	0.6	2.1
2026-09-16T17:52:00+02:00	1	0.8	low	0	away					0	0	0	0	0	0	0	45.6	0	0.6	4.6
2026-09-16T17:53:00+02:00	3	1.9	low	0	away					0	0	0	0	0	0	0	45.8	0	0.6	2.4
2026-09-16T17:54:00+02:00	2	1.5	low	0	away					0	0	0	0	0	0	0	45.4	0	0.5	3.7
2026-09-16T17:55:00+02:00	0	0.0	low	0	away					0	0	0	0	0	0	0	46.0	0	0.6	4.4
2026-09-16T17:56:00+02:00	35	24.7	moderate	0	away					0	0	0	0	0	0	0	46.0	0	0.6	3.1
2026-09-16T17:57:00+02:00	35	25.5	moderate	0	away					0	0	0	0	0	0	0	45.4	0	0.7	2.5
2026-09-16T17:58:00+02:00	31	23.2	moderate	0	away					0	0	0	0	0	0	0	45.6	0	0.6	3.6
2026-09-16T17:59:00+02:00	4	2.7	low	0	away					0	0	0	0	0	0	0	46.0	0	0.6	4.2
2026-09-16T18:00:00+02:00	3	1.9	low	0	away					0	0	0	0	0	0	0	45.5	0	0.6	3.0
2026-09-16T18:01:00+02:00	0	0.0	low	0	away					0	0	0	0	0	0	0	46.2	0	0.5	4.3
2026-09-16T18:02:00+02:00	18	13.0	low	0	away					0	0	0	0	0	0	0	45.4	0	0.7	3.8
2026-09-16T18:03:00+02:00	2	1.4	low	0	away					0	0	0	0	0	0	0	46.1	0	0.6	3.0
2026-09-16T18:04:00+02:00	28	18.0	moderate	0	away					0	0	0	0	0	0	0	46.0	0	0.6	4.7
2026-09-16T18:05:00+02:00	25	16.5	moderate	0	away					0	0	0	0	0	0	0	46.1	0	0.6	3.6
2026-09-16T18:06:00+02:00	1	0.7	low	0	away					0	0	0	0	0	0	0	45.5	0	0.7	4.8
2026-09-16T18:07:00+02:00	4	2.8	low	0	away					0	0	0	0	0	0	0	46.0	0	0.6	4.9
2026-09-16T18:08:00+02:00	2	1.5	low	0	away					0	0	0	0	0	0	0	45.8	0	0.7	3.0
2026-09-16T18:09:00+02:00	3	2.2	low	0	away					0	0	0	0	0	0	0	46.0	0	0.6	3.6
2026-09-16T18:10:00+02:00	32	23.8	moderate	0	away					0	0	0	0	0	0	0	45.4	0	0.6	3.1
2026-09-16T18:11:00+02:00	1	0.7	low	0	away					0	0	0	0	0	0	0	46.2	0	0.6	3.2
2026-09-16T18:12:00+02:00	3	2.1	low	0	away					0	0	0	0	0	0	0	46.1	0	0.6	2.1
2026-09-16T18:13:00+02:00	0	0.0	low	0	away					0	0	0	0	0	0	0	45.9	0	0.6	3.4
2026-09-16T18:14:00+02:00	3	2.1	low	0	away					0	0	0	0	0	0	0	46.0	0	0.6	2.3
2026-09-16T18:15:00+02:00	4	3.0	low	0	away					0	0	0	0	0	0	0	46.2	0	0.6	3.4
2026-09-16T18:16:00+02:00	5	3.3	low	0	away					0	0	0	0	0	0	0	46.1	0	0.5	2.1
2026-09-16T18:17:00+02:00	0	0.0	low	0	away					0	0	0	0	0	0	0	45.5	0	0.6	2.0
2026-09-16T18:18:00+02:00	2	1.5	low	0	away					0	0	0	0	0	0	0	45.9	0	0.6	2.5
2026-09-16T18:19:00+02:00	24	18.1	moderate	0	away					0	0	0	0	0	0	0	45.9	0	0.6	2.3
2026-09-16T18:20:00+02:00	1	0.7	low	0	away					0	0	0	0	0	0	0	46.1	0	0.5	3.6
2026-09-16T18:21:00+02:00	31	22.9	moderate	0	away					0	0	0	0	0	0	0	45.5	0	0.6	3.7
2026-09-16T18:22:00+02:00	0	0.0	low	0	away					0	0	0	0	0	0	0	45.6	0	0.6	4.2
2026-09-16T18:23:00+02:00	13	8.8	low	0	away					0	0	0	0	0	0	0	45.8	0	0.6	4.1
2026-09-16T18:24:00+02:00	0	0.0	low	0	away					0	0	0	0	0	0	0	45.9	0	0.6	2.1
2026-09-16T18:25:00+02:00	4	2.6	low	0	away					0	0	0	0	0	0	0	46.0	0	0.6	2.4
2026-09-16T18:26:00+02:00	15	10.9	low	0	away					0	0	0	0	0	0	0	45.8	0	0.6	3.1
2026-09-16T18:27:00+02:00	0	0.0	low	0	away					0	0	0	0	0	0	0	45.6	0	0.6	4.3
2026-09-16T18:28:00+02:00	1	0.8	low	0	away					0	0	0	0	0	0	0	46.1	0	0.6	3.2
2026-09-16T18:29:00+02:00	14	9.3	low	0	away					0	0	0	0	0	0	0	45.7	0	0.7	4.4
2026-09-16T18:30:00+02:00	6	4.0	low	0	toilet	0.246	0.929	0.457	0.372	0	1	0	0	0	0	0	47.7	0	0.6	115.0
2026-09-16T18:31:00+02:00	0	0.0	low	0	toilet	0.220	0.915	0.547	0.430	0	1	0	0	0	0	0	48.2	0	0.6	120.0
2026-09-16T18:32:00+02:00	6	4.1	low	0	toilet	0.231	0.898	0.465	0.439	0	1	0	0	0	0	0	48.7	0	0.7	118.0
2026-09-16T18:33:00+02:00	6	4.4	low	0	toilet	0.212	0.909	0.456	0.358	0	1	0	0	0	0	0	48.5	0	0.6	121.0
2026-09-16T18:34:00+02:00	1	0.7	low	0	toilet	0.290	0.886	0.489	0.449	0	1	0	0	0	1	0	49.4	0	0.6	123.0
2026-09-16T18:35:00+02:00	5	3.5	low	0	toilet	0.268	0.875	0.452	0.368	0	1	0	0	0	1	0	49.5	0	0.6	113.0
2026-09-16T18:36:00+02:00	6	4.0	low	0	toilet	0.243	0.936	0.454	0.401	0	1	0	0	0	0	0	50.1	0	0.6	121.0
2026-09-16T18:37:00+02:00	3	2.1	low	0	toilet	0.232	0.938	0.503	0.351	0	1	0	0	0	0	0	49.3	0	0.6	116.0
2026-09-16T18:38:00+02:00	0	0.0	low	0	toilet	0.272	0.890	0.497	0.383	0	1	0	0	0	0	0	49.2	0	0.6	117.0
2026-09-16T18:39:00+02:00	3	2.1	low	0	toilet	0.232	0.873	0.535	0.382	0	1	0	0	0	0	0	49.0	0	0.6	122.0
2026-09-16T18:40:00+02:00	9	5.8	low	0	kitchen	0.116	0.408	0.590	0.887	0	0	0	1	0	0	0	48.6	0	0.6	4.3
2026-09-16T18:41:00+02:00	14	9.2	low	0	kitchen	0.111	0.384	0.539	0.902	0	0	0	1	0	0	0	47.9	0	0.6	2.1
2026-09-16T18:42:00+02:00	4	2.7	low	0	kitchen	0.119	0.448	0.583	0.904	0	0	0	1	1	0	0	47.9	0	0.5	2.3
2026-09-16T18:43:00+02:00	10	7.3	low	0	kitchen	0.120	0.427	0.543	0.908	0	0	0	1	1	0	0	47.7	0	0.6	2.2
2026-09-16T18:44:00+02:00	6	4.2	low	0	kitchen	0.146	0.444	0.597	0.842	0	0	0	1	0	0	0	46.9	0	0.6	3.8
2026-09-16T18:45:00+02:00	18	11.7	low	0	kitchen	0.083	0.378	0.531	0.919	0	0	0	1	0	0	0	46.8	0	0.6	4.3
2026-09-16T18:46:00+02:00	7	4.6	low	0	kitchen	0.096	0.396	0.565	0.888	0	0	0	1	0	0	0	46.1	1	0.6	2.4
2026-09-16T18:47:00+02:00	15	10.7	low	0	kitchen	0.130	0.403	0.590	0.928	0	0	0	1	0	0	0	46.1	1	0.6	4.9
2026-09-16T18:48:00+02:00	12	8.2	low	0	kitchen	0.064	0.447	0.599	0.868	0	0	0	1	0	0	0	45.6	0	0.6	3.2
2026-09-16T18:49:00+02:00	16	10.6	low	0	kitchen	0.128	0.397	0.514	0.907	0	0	0	1	0	0	1	45.9	0	0.6	2.4
2026-09-16T18:50:00+02:00	14	9.8	low	0	kitchen	0.078	0.426	0.596	0.912	0	0	0	1	0	0	1	45.5	0	0.6	4.7
2026-09-16T18:51:00+02:00	11	7.2	low	0	kitchen	0.081	0.375	0.548	0.891	0	0	0	1	0	0	1	46.1	0	0.7	4.7
2026-09-16T18:52:00+02:00	16	10.8	low	0	kitchen	0.120	0.393	0.511	0.922	0	0	0	1	0	0	1	45.6	0	0.6	4.9
2026-09-16T18:53:00+02:00	4	2.7	low	0	kitchen	0.081	0.430	0.558	0.846	0	0	0	1	0	0	0	46.1	0	0.6	2.4
2026-09-16T18:54:00+02:00	11	8.0	low	0	kitchen	0.121	0.429	0.578	0.870	0	0	0	1	0	0	0	45.6	0	0.7	4.4
2026-09-16T18:55:00+02:00	3	2.1	low	0	kitchen	0.107	0.406	0.504	0.890	0	0	0	1	0	0	0	45.7	0	0.6	3.0
2026-09-16T18:56:00+02:00	5	3.3	low	0	kitchen	0.123	0.441	0.527	0.861	0	0	0	1	0	0	0	46.0	0	0.6	4.1
2026-09-16T18:57:00+02:00	18	12.8	low	0	kitchen	0.059	0.363	0.529	0.922	0	0	0	1	0	0	0	45.8	0	0.5	2.7
2026-09-16T18:58:00+02:00	10	6.9	low	0	kitchen	0.082	0.409	0.572	0.888	0	0	0	1	0	0	0	45.8	0	0.6	2.2
2026-09-16T18:59:00+02:00	6	4.3	low	0	kitchen	0.125	0.371	0.576	0.863	0	0	0	1	0	0	0	45.8	0	0.7	3.8
2026-09-16T19:00:00+02:00	18	13.4	low	0	kitchen	0.058	0.416	0.568	0.924	0	0	0	1	0	0	0	45.5	0	0.6	3.6
2026-09-16T19:01:00+02:00	16	10.8	low	0	kitchen	0.073	0.350	0.503	0.845	0	0	0	1	0	0	0	45.5	0	0.7	3.3
2026-09-16T19:02:00+02:00	7	4.9	low	0	kitchen	0.137	0.446	0.574	0.878	0	0	0	1	0	0	0	45.9	0	0.6	4.3
2026-09-16T19:03:00+02:00	17	12.7	low	0	kitchen	0.109	0.365	0.530	0.862	0	0	0	1	0	0	0	46.2	0	0.6	4.2
2026-09-16T19:04:00+02:00	7	5.3	low	0	kitchen	0.123	0.448	0.576	0.882	0	0	0	1	0	0	0	46.0	0	0.6	3.5
2026-09-16T19:05:00+02:00	16	10.7	low	0	kitchen	0.109	0.430	0.588	0.885	0	0	0	1	0	0	0	45.9	0	0.6	4.8
2026-09-16T19:06:00+02:00	6	3.9	low	0	kitchen	0.085	0.353	0.505	0.904	0	0	0	1	0	0	0	45.8	0	0.6	4.9
2026-09-16T19:07:00+02:00	5	3.2	low	0	kitchen	0.050	0.419	0.539	0.855	0	0	0	1	0	0	0	45.8	0	0.6	3.3
2026-09-16T19:08:00+02:00	11	8.1	low	0	kitchen	0.063	0.414	0.554	0.874	0	0	0	1	0	0	0	45.6	0	0.6	4.0
2026-09-16T19:09:00+02:00	4	2.6	low	0	kitchen	0.071	0.386	0.551	0.843	0	0	0	1	0	0	0	45.9	0	0.7	2.9
2026-09-16T19:10:00+02:00	0	0.0	low	0	living_room	0.308	0.467	0.864	0.590	0	0	0	0	0	0	0	46.1	0	80.4	3.9
2026-09-16T19:11:00+02:00	0	0.0	low	0	living_room	0.362	0.527	0.899	0.521	0	0	0	0	0	0	0	45.7	0	81.5	3.2
2026-09-16T19:12:00+02:00	0	0.0	low	0	living_room	0.363	0.495	0.870	0.513	0	0	0	0	0	0	0	46.0	0	79.5	4.3
2026-09-16T19:13:00+02:00	0	0.0	low	0	living_room	0.356	0.494	0.876	0.597	0	0	1	0	0	0	0	45.6	0	81.0	3.4
2026-09-16T19:14:00+02:00	0	0.0	low	0	living_room	0.302	0.454	0.897	0.550	0	0	0	0	0	0	0	46.0	0	85.8	2.4
2026-09-16T19:15:00+02:00	0	0.0	low	0	living_room	0.308	0.480	0.898	0.570	0	0	0	0	0	0	0	45.7	0	85.3	3.1
2026-09-16T19:16:00+02:00	0	0.0	low	0	living_room	0.309	0.494	0.875	0.576	0	0	0	0	0	0	0	45.7	0	80.4	3.7
2026-09-16T19:17:00+02:00	0	0.0	low	0	living_room	0.325	0.500	0.830	0.504	0	0	0	0	0	0	0	45.7	0	80.9	4.5
2026-09-16T19:18:00+02:00	0	0.0	low	0	living_room	0.303	0.458	0.854	0.572	0	0	1	0	0	0	0	46.0	0	83.2	3.3
2026-09-16T19:19:00+02:00	0	0.0	low	0	living_room	0.307	0.462	0.887	0.548	0	0	0	0	0	0	0	45.6	0	81.1	3.8
2026-09-16T19:20:00+02:00	0	0.0	low	0	living_room	0.357	0.491	0.912	0.578	0	0	0	0	0	0	0	46.2	0	79.7	3.4
2026-09-16T19:21:00+02:00	0	0.0	low	0	living_room	0.345	0.451	0.835	0.549	0	0	0	0	0	0	0	45.5	0	82.5	4.1
2026-09-16T19:22:00+02:00	0	0.0	low	0	living_room	0.300	0.503	0.845	0.586	0	0	0	0	0	0	0	46.2	0	81.3	2.4
2026-09-16T19:23:00+02:00	0	0.0	low	0	living_room	0.377	0.483	0.850	0.561	0	0	0	0	0	0	0	46.2	0	85.3	2.2
2026-09-16T19:24:00+02:00	0	0.0	low	0	living_room	0.344	0.528	0.832	0.569	0	0	0	0	0	0	0	46.1	0	81.8	3.9
2026-09-16T19:25:00+02:00	0	0.0	low	0	living_room	0.343	0.476	0.862	0.532	0	0	0	0	0	0	0	45.6	0	82.5	4.7
2026-09-16T19:26:00+02:00	0	0.0	low	0	living_room	0.376	0.544	0.841	0.515	0	0	0	0	0	0	0	46.2	0	82.5	4.5
2026-09-16T19:27:00+02:00	0	0.0	low	0	living_room	0.353	0.462	0.893	0.556	0	0	0	0	0	0	0	45.6	0	82.1	2.9
2026-09-16T19:28:00+02:00	0	0.0	low	0	living_room	0.303	0.539	0.826	0.512	0	0	0	0	0	0	0	46.2	0	80.7	3.1
2026-09-16T19:29:00+02:00	0	0.0	low	0	living_room	0.359	0.543	0.867	0.587	0	0	0	0	0	0	0	45.6	0	79.7	2.9
2026-09-16T19:30:00+02:00	0	0.0	low	0	living_room	0.358	0.521	0.918	0.520	0	0	0	0	0	0	0	46.1	0	78.1	3.4
2026-09-16T19:31:00+02:00	0	0.0	low	0	living_room	0.309	0.454	0.846	0.567	0	0	0	0	0	0	0	45.9	0	80.7	2.1
2026-09-16T19:32:00+02:00	0	0.0	low	0	living_room	0.381	0.539	0.820	0.519	0	0	0	0	0	0	0	45.7	0	79.8	2.0
2026-09-16T19:33:00+02:00	0	0.0	low	0	living_room	0.309	0.499	0.821	0.518	0	0	0	0	0	0	0	46.0	0	78.4	4.8
2026-09-16T19:34:00+02:00	0	0.0	low	0	living_room	0.359	0.534	0.854	0.502	0	0	0	0	0	0	0	46.1	0	80.5	2.7
2026-09-16T19:35:00+02:00	0	0.0	low	0	living_room	0.321	0.455	0.863	0.584	0	0	0	0	0	0	0	45.7	0	84.1	2.9
2026-09-16T19:36:00+02:00	0	0.0	low	0	living_room	0.361	0.541	0.917	0.574	0	0	0	0	0	0	0	45.7	0	84.4	4.9
2026-09-16T19:37:00+02:00	0	0.0	low	0	living_room	0.391	0.480	0.823	0.547	0	0	0	0	0	0	0	45.6	0	84.2	2.1
2026-09-16T19:38:00+02:00	0	0.0	low	0	living_room	0.322	0.538	0.861	0.575	0	0	0	0	0	0	0	46.0	0	79.5	3.0
2026-09-16T19:39:00+02:00	0	0.0	low	0	living_room	0.366	0.464	0.911	0.534	0	0	0	0	0	0	0	45.6	0	83.9	4.9
2026-09-16T19:40:00+02:00	0	0.0	low	0	living_room	0.365	0.478	0.878	0.514	0	0	0	0	0	0	0	45.9	0	81.5	2.6
2026-09-16T19:41:00+02:00	0	0.0	low	0	living_room	0.343	0.490	0.917	0.589	0	0	1	0	0	0	0	46.2	0	83.7	4.7
2026-09-16T19:42:00+02:00	0	0.0	low	0	living_room	0.344	0.462	0.870	0.513	0	0	0	0	0	0	0	45.9	0	82.8	4.0
2026-09-16T19:43:00+02:00	0	0.0	low	0	living_room	0.379	0.527	0.852	0.591	0	0	0	0	0	0	0	45.7	0	78.1	3.1
2026-09-16T19:44:00+02:00	0	0.0	low	0	living_room	0.365	0.456	0.847	0.582	0	0	0	0	0	0	0	45.6	0	81.7	4.9
2026-09-16T19:45:00+02:00	0	0.0	low	0	living_room	0.335	0.545	0.899	0.535	0	0	0	0	0	0	0	45.8	0	81.8	3.3
2026-09-16T19:46:00+02:00	0	0.0	low	0	living_room	0.309	0.535	0.853	0.564	0	0	0	0	0	0	0	46.1	0	81.5	2.3
2026-09-16T19:47:00+02:00	4	2.8	low	0	living_room	0.388	0.460	0.916	0.582	0	0	1	0	0	0	0	46.2	0	82.4	3.0
2026-09-16T19:48:00+02:00	0	0.0	low	0	living_room	0.375	0.520	0.830	0.549	0	0	0	0	0	0	0	46.2	0	84.1	4.7
2026-09-16T19:49:00+02:00	0	0.0	low	0	living_room	0.306	0.489	0.916	0.564	0	0	0	0	0	0	0	46.0	0	82.6	4.2
2026-09-16T19:50:00+02:00	0	0.0	low	0	living_room	0.302	0.541	0.887	0.524	0	0	0	0	0	0	0	45.7	0	84.3	4.4
2026-09-16T19:51:00+02:00	0	0.0	low	0	living_room	0.312	0.516	0.835	0.501	0	0	0	0	0	0	0	45.8	0	85.6	4.2
2026-09-16T19:52:00+02:00	0	0.0	low	0	living_room	0.346	0.539	0.899	0.506	0	0	0	0	0	0	0	45.7	0	78.8	3.1
2026-09-16T19:53:00+02:00	0	0.0	low	0	living_room	0.354	0.481	0.860	0.568	0	0	0	0	0	0	0	46.2	0	79.2	2.8
2026-09-16T19:54:00+02:00	0	0.0	low	0	living_room	0.325	0.489	0.874	0.593	0	0	0	0	0	0	0	46.3	0	83.1	2.7
2026-09-16T19:55:00+02:00	0	0.0	low	0	living_room	0.324	0.450	0.875	0.526	0	0	0	0	0	0	0	46.3	0	85.2	4.8
2026-09-16T19:56:00+02:00	0	0.0	low	0	living_room	0.348	0.512	0.861	0.520	0	0	0	0	0	0	0	45.8	0	85.3	2.5
2026-09-16T19:57:00+02:00	0	0.0	low	0	living_room	0.359	0.544	0.859	0.596	0	0	0	0	0	0	0	45.9	0	83.7	2.1
2026-09-16T19:58:00+02:00	0	0.0	low	0	living_room	0.302	0.501	0.888	0.593	0	0	0	0	0	0	0	46.0	0	80.3	2.1
2026-09-16T19:59:00+02:00	0	0.0	low	0	living_room	0.389	0.507	0.832	0.543	0	0	0	0	0	0	0	45.6	0	84.5	4.9
2026-09-16T20:00:00+02:00	0	0.0	low	0	living_room	0.351	0.488	0.849	0.564	0	0	0	0	0	0	0	45.8	0	83.6	0.3
2026-09-16T20:01:00+02:00	0	0.0	low	0	living_room	0.354	0.490	0.854	0.519	0	0	0	0	0	0	0	45.8	0	78.4	0.2
2026-09-16T20:02:00+02:00	0	0.0	low	0	living_room	0.381	0.519	0.878	0.552	0	0	0	0	0	0	0	45.7	0	80.3	0.3
2026-09-16T20:03:00+02:00	0	0.0	low	0	living_room	0.379	0.518	0.919	0.572	0	0	0	0	0	0	0	46.3	0	81.0	0.3
2026-09-16T20:04:00+02:00	0	0.0	low	0	living_room	0.395	0.512	0.880	0.516	0	0	0	0	0	0	0	46.4	0	85.8	0.3
2026-09-16T20:05:00+02:00	0	0.0	low	0	living_room	0.339	0.506	0.881	0.514	0	0	0	0	0	0	0	46.1	0	78.2	0.3
2026-09-16T20:06:00+02:00	0	0.0	low	0	living_room	0.328	0.533	0.912	0.562	0	0	0	0	0	0	0	45.9	0	84.7	0.3
2026-09-16T20:07:00+02:00	0	0.0	low	0	living_room	0.330	0.523	0.824	0.599	0	0	0	0	0	0	0	45.6	0	80.2	0.1
2026-09-16T20:08:00+02:00	0	0.0	low	0	living_room	0.358	0.485	0.834	0.517	0	0	0	0	0	0	0	45.9	0	84.2	0.2
2026-09-16T20:09:00+02:00	0	0.0	low	0	living_room	0.343	0.521	0.835	0.561	0	0	0	0	0	0	0	45.9	0	83.2	0.4
2026-09-16T20:10:00+02:00	3	2.2	low	0	living_room	0.375	0.490	0.824	0.597	0	0	1	0	0	0	0	46.1	0	85.2	0.2
2026-09-16T20:11:00+02:00	0	0.0	low	0	living_room	0.304	0.494	0.856	0.509	0	0	0	0	0	0	0	45.7	0	85.2	0.2
2026-09-16T20:12:00+02:00	0	0.0	low	0	living_room	0.318	0.539	0.894	0.514	0	0	0	0	0	0	0	46.1	0	83.8	0.3
2026-09-16T20:13:00+02:00	0	0.0	low	0	living_room	0.323	0.524	0.833	0.570	0	0	0	0	0	0	0	46.0	0	78.1	0.4
2026-09-16T20:14:00+02:00	0	0.0	low	0	living_room	0.301	0.534	0.825	0.543	0	0	0	0	0	0	0	46.1	0	84.3	0.2
2026-09-16T20:15:00+02:00	0	0.0	low	0	living_room	0.380	0.520	0.873	0.545	0	0	0	0	0	0	0	46.0	0	79.6	0.4
2026-09-16T20:16:00+02:00	3	2.3	low	0	living_room	0.392	0.549	0.877	0.583	0	0	1	0	0	0	0	46.1	0	83.4	0.4
2026-09-16T20:17:00+02:00	4	3.0	low	0	living_room	0.320	0.507	0.831	0.542	0	0	1	0	0	0	0	46.1	0	81.7	0.4
2026-09-16T20:18:00+02:00	0	0.0	low	0	living_room	0.309	0.537	0.822	0.587	0	0	0	0	0	0	0	46.0	0	80.4	0.3
2026-09-16T20:19:00+02:00	0	0.0	low	0	living_room	0.303	0.462	0.919	0.576	0	0	0	0	0	0	0	46.1	0	82.0	0.3
2026-09-16T20:20:00+02:00	0	0.0	low	0	living_room	0.332	0.510	0.871	0.573	0	0	0	0	0	0	0	45.8	0	85.4	0.5
2026-09-16T20:21:00+02:00	3	2.3	low	0	living_room	0.388	0.526	0.900	0.584	0	0	1	0	0	0	0	46.4	0	83.3	0.3
2026-09-16T20:22:00+02:00	0	0.0	low	0	living_room	0.395	0.452	0.886	0.519	0	0	0	0	0	0	0	46.2	0	81.9	0.2
2026-09-16T20:23:00+02:00	0	0.0	low	0	living_room	0.371	0.481	0.840	0.595	0	0	0	0	0	0	0	46.0	0	81.7	0.4
2026-09-16T20:24:00+02:00	0	0.0	low	0	living_room	0.379	0.545	0.870	0.506	0	0	0	0	0	0	0	45.8	0	85.5	0.4
2026-09-16T20:25:00+02:00	0	0.0	low	0	living_room	0.390	0.469	0.896	0.571	0	0	0	0	0	0	0	46.1	0	84.9	0.2
2026-09-16T20:26:00+02:00	0	0.0	low	0	living_room	0.308	0.456	0.845	0.599	0	0	0	0	0	0	0	46.1	0	85.2	0.2
2026-09-16T20:27:00+02:00	0	0.0	low	0	living_room	0.358	0.529	0.902	0.524	0	0	0	0	0	0	0	46.1	0	78.9	0.1
2026-09-16T20:28:00+02:00	0	0.0	low	0	living_room	0.383	0.488	0.913	0.527	0	0	0	0	0	0	0	45.8	0	83.5	0.4
2026-09-16T20:29:00+02:00	0	0.0	low	0	living_room	0.343	0.471	0.900	0.571	0	0	0	0	0	0	0	45.8	0	79.4	0.4
2026-09-16T20:30:00+02:00	0	0.0	low	0	living_room	0.354	0.527	0.916	0.531	0	0	1	0	0	0	0	46.3	0	82.0	0.2
2026-09-16T20:31:00+02:00	0	0.0	low	0	living_room	0.396	0.511	0.902	0.548	0	0	0	0	0	0	0	46.2	0	84.6	0.1
2026-09-16T20:32:00+02:00	0	0.0	low	0	living_room	0.388	0.495	0.919	0.510	0	0	0	0	0	0	0	45.7	0	82.3	0.5
2026-09-16T20:33:00+02:00	0	0.0	low	0	living_room	0.326	0.483	0.871	0.575	0	0	0	0	0	0	0	46.1	0	85.1	0.5
2026-09-16T20:34:00+02:00	0	0.0	low	0	living_room	0.340	0.498	0.858	0.600	0	0	0	0	0	0	0	46.4	0	78.3	0.1
2026-09-16T20:35:00+02:00	2	1.3	low	0	living_room	0.368	0.503	0.878	0.536	0	0	1	0	0	0	0	46.0	0	81.8	0.4
2026-09-16T20:36:00+02:00	0	0.0	low	0	living_room	0.364	0.525	0.825	0.580	0	0	1	0	0	0	0	46.2	0	83.7	0.2
2026-09-16T20:37:00+02:00	0	0.0	low	0	living_room	0.363	0.526	0.846	0.519	0	0	0	0	0	0	0	45.9	0	85.0	0.5
2026-09-16T20:38:00+02:00	1	0.7	low	0	living_room	0.386	0.496	0.898	0.521	0	0	1	0	0	0	0	46.5	0	78.2	0.1
2026-09-16T20:39:00+02:00	0	0.0	low	0	living_room	0.378	0.526	0.876	0.525	0	0	1	0	0	0	0	45.9	0	83.1	0.1
2026-09-16T20:40:00+02:00	0	0.0	low	0	living_room	0.326	0.454	0.832	0.528	0	0	0	0	0	0	0	46.4	0	80.1	0.1
2026-09-16T20:41:00+02:00	0	0.0	low	0	living_room	0.349	0.502	0.855	0.531	0	0	0	0	0	0	0	45.8	0	78.4	0.3
2026-09-16T20:42:00+02:00	0	0.0	low	0	living_room	0.331	0.537	0.904	0.599	0	0	0	0	0	0	0	46.3	0	80.4	0.4
2026-09-16T20:43:00+02:00	0	0.0	low	0	living_room	0.337	0.465	0.898	0.579	0	0	0	0	0	0	0	46.0	0	84.6	0.3
2026-09-16T20:44:00+02:00	0	0.0	low	0	living_room	0.339	0.503	0.880	0.597	0	0	0	0	0	0	0	46.2	0	83.3	0.5
2026-09-16T20:45:00+02:00	0	0.0	low	0	living_room	0.397	0.478	0.826	0.501	0	0	0	0	0	0	0	46.1	0	85.4	0.4
2026-09-16T20:46:00+02:00	4	2.9	low	0	living_room	0.387	0.519	0.825	0.546	0	0	1	0	0	0	0	45.8	0	78.9	0.5
2026-09-16T20:47:00+02:00	2	1.4	low	0	living_room	0.304	0.461	0.839	0.519	0	0	1	0	0	0	0	46.3	0	84.0	0.4
2026-09-16T20:48:00+02:00	0	0.0	low	0	living_room	0.323	0.488	0.882	0.530	0	0	0	0	0	0	0	45.8	0	85.7	0.1
2026-09-16T20:49:00+02:00	2	1.4	low	0	living_room	0.383	0.531	0.887	0.566	0	0	1	0	0	0	0	45.8	0	79.2	0.2
2026-09-16T20:50:00+02:00	0	0.0	low	0	living_room	0.329	0.550	0.911	0.553	0	0	0	0	0	0	0	46.2	0	84.5	0.5
2026-09-16T20:51:00+02:00	0	0.0	low	0	living_room	0.314	0.511	0.857	0.533	0	0	0	0	0	0	0	45.7	0	84.3	0.2
2026-09-16T20:52:00+02:00	2	1.4	low	0	living_room	0.333	0.520	0.920	0.515	0	0	1	0	0	0	0	45.8	0	81.5	0.4
2026-09-16T20:53:00+02:00	0	0.0	low	0	living_room	0.365	0.469	0.834	0.529	0	0	0	0	0	0	0	45.9	0	79.6	0.3
2026-09-16T20:54:00+02:00	0	0.0	low	0	living_room	0.379	0.513	0.905	0.502	0	0	0	0	0	0	0	45.9	0	78.3	0.5
2026-09-16T20:55:00+02:00	0	0.0	low	0	living_room	0.345	0.523	0.913	0.538	0	0	0	0	0	0	0	45.9	0	80.3	0.3
2026-09-16T20:56:00+02:00	0	0.0	low	0	living_room	0.353	0.512	0.914	0.591	0	0	0	0	0	0	0	46.2	0	85.2	0.4
2026-09-16T20:57:00+02:00	0	0.0	low	0	living_room	0.400	0.499	0.880	0.570	0	0	0	0	0	0	0	45.9	0	78.6	0.3
2026-09-16T20:58:00+02:00	0	0.0	low	0	living_room	0.321	0.461	0.859	0.557	0	0	1	0	0	0	0	46.4	0	82.4	0.4
2026-09-16T20:59:00+02:00	0	0.0	low	0	living_room	0.389	0.495	0.864	0.548	0	0	0	0	0	0	0	46.2	0	79.4	0.4
2026-09-16T21:00:00+02:00	0	0.0	low	0	living_room	0.367	0.546	0.876	0.563	0	0	0	0	0	0	0	46.2	0	82.1	0.5
2026-09-16T21:01:00+02:00	0	0.0	low	0	living_room	0.340	0.498	0.892	0.503	0	0	0	0	0	0	0	46.6	0	78.7	0.5
2026-09-16T21:02:00+02:00	0	0.0	low	0	living_room	0.375	0.515	0.873	0.592	0	0	0	0	0	0	0	45.8	0	82.5	0.3
2026-09-16T21:03:00+02:00	0	0.0	low	0	living_room	0.332	0.457	0.859	0.545	0	0	0	0	0	0	0	46.3	0	81.5	0.4
2026-09-16T21:04:00+02:00	0	0.0	low	0	living_room	0.354	0.531	0.917	0.579	0	0	0	0	0	0	0	46.5	0	78.8	0.2
2026-09-16T21:05:00+02:00	2	1.5	low	0	living_room	0.376	0.525	0.855	0.551	0	0	1	0	0	0	0	46.2	0	83.3	0.3
2026-09-16T21:06:00+02:00	0	0.0	low	0	living_room	0.347	0.485	0.852	0.538	0	0	0	0	0	0	0	46.1	0	83.4	0.3
2026-09-16T21:07:00+02:00	0	0.0	low	0	living_room	0.348	0.548	0.885	0.584	0	0	0	0	0	0	0	46.4	0	84.3	0.3
2026-09-16T21:08:00+02:00	0	0.0	low	0	living_room	0.352	0.532	0.836	0.502	0	0	0	0	0	0	0	46.4	0	79.7	0.5
2026-09-16T21:09:00+02:00	0	0.0	low	0	living_room	0.321	0.519	0.867	0.549	0	0	0	0	0	0	0	46.5	0	80.4	0.3
2026-09-16T21:10:00+02:00	0	0.0	low	0	living_room	0.315	0.504	0.856	0.532	0	0	1	0	0	0	0	46.4	0	80.6	0.5
2026-09-16T21:11:00+02:00	0	0.0	low	0	living_room	0.314	0.468	0.918	0.505	0	0	0	0	0	0	0	45.9	0	80.5	0.3
2026-09-16T21:12:00+02:00	0	0.0	low	0	living_room	0.348	0.488	0.887	0.557	0	0	0	0	0	0	0	46.4	0	82.5	0.5
2026-09-16T21:13:00+02:00	0	0.0	low	0	living_room	0.344	0.544	0.905	0.506	0	0	0	0	0	0	0	46.4	0	81.7	0.2
2026-09-16T21:14:00+02:00	0	0.0	low	0	living_room	0.326	0.468	0.882	0.552	0	0	0	0	0	0	0	46.3	0	84.7	0.3
2026-09-16T21:15:00+02:00	0	0.0	low	0	living_room	0.362	0.489	0.858	0.572	0	0	0	0	0	0	0	46.0	0	79.9	0.3
2026-09-16T21:16:00+02:00	0	0.0	low	0	living_room	0.334	0.494	0.910	0.571	0	0	0	0	0	0	0	46.5	0	78.8	0.4
2026-09-16T21:17:00+02:00	0	0.0	low	0	living_room	0.398	0.533	0.889	0.564	0	0	0	0	0	0	0	45.9	0	83.4	0.2
2026-09-16T21:18:00+02:00	0	0.0	low	0	living_room	0.372	0.501	0.895	0.500	0	0	0	0	0	0	0	46.2	0	78.5	0.3
2026-09-16T21:19:00+02:00	0	0.0	low	0	living_room	0.383	0.452	0.869	0.527	0	0	0	0	0	0	0	46.0	0	83.7	0.3
2026-09-16T21:20:00+02:00	0	0.0	low	0	living_room	0.361	0.502	0.905	0.571	0	0	0	0	0	0	0	45.8	0	83.4	0.3
2026-09-16T21:21:00+02:00	0	0.0	low	0	living_room	0.351	0.475	0.839	0.520	0	0	0	0	0	0	0	46.3	0	82.4	0.4
2026-09-16T21:22:00+02:00	0	0.0	low	0	living_room	0.370	0.537	0.902	0.574	0	0	0	0	0	0	0	45.9	0	81.8	0.5
2026-09-16T21:23:00+02:00	2	1.4	low	0	living_room	0.366	0.538	0.881	0.563	0	0	1	0	0	0	0	46.1	0	83.9	0.4
2026-09-16T21:24:00+02:00	0	0.0	low	0	living_room	0.393	0.533	0.856	0.558	0	0	0	0	0	0	0	46.2	0	79.6	0.4
2026-09-16T21:25:00+02:00	0	0.0	low	0	living_room	0.321	0.483	0.868	0.562	0	0	0	0	0	0	0	46.1	0	86.0	0.2
2026-09-16T21:26:00+02:00	0	0.0	low	0	living_room	0.327	0.523	0.871	0.592	0	0	1	0	0	0	0	46.4	0	85.9	0.4
2026-09-16T21:27:00+02:00	0	0.0	low	0	living_room	0.373	0.484	0.842	0.510	0	0	0	0	0	0	0	46.3	0	85.9	0.4
2026-09-16T21:28:00+02:00	0	0.0	low	0	living_room	0.338	0.518	0.895	0.545	0	0	0	0	0	0	0	46.6	0	81.5	0.1
2026-09-16T21:29:00+02:00	0	0.0	low	0	living_room	0.308	0.528	0.821	0.551	0	0	0	0	0	0	0	46.2	0	81.0	0.2
2026-09-16T21:30:00+02:00	5	3.4	low	0	toilet	0.206	0.931	0.522	0.445	0	1	0	0	0	0	0	47.5	0	0.6	114.0
2026-09-16T21:31:00+02:00	0	0.0	low	0	toilet	0.261	0.872	0.499	0.401	0	1	0	0	0	0	0	47.7	0	0.5	115.0
2026-09-16T21:32:00+02:00	6	4.5	low	0	toilet	0.248	0.881	0.543	0.446	0	1	0	0	0	0	0	47.7	0	0.6	119.0
2026-09-16T21:33:00+02:00	3	2.0	low	0	toilet	0.292	0.908	0.546	0.421	0	1	0	0	0	0	0	48.0	0	0.5	122.0
2026-09-16T21:34:00+02:00	2	1.4	low	0	toilet	0.219	0.923	0.493	0.424	0	1	0	0	0	1	0	48.4	0	0.6	117.0
2026-09-16T21:35:00+02:00	5	3.5	low	0	toilet	0.232	0.935	0.536	0.390	0	1	0	0	0	1	0	49.0	0	0.6	117.0
2026-09-16T21:36:00+02:00	6	3.9	low	0	toilet	0.238	0.918	0.469	0.426	0	1	0	0	0	0	0	49.7	0	0.7	116.0
2026-09-16T21:37:00+02:00	0	0.0	low	0	toilet	0.277	0.926	0.480	0.362	0	1	0	0	0	0	0	48.9	0	0.6	119.0
2026-09-16T21:38:00+02:00	3	2.1	low	0	toilet	0.262	0.908	0.550	0.444	0	1	0	0	0	0	0	48.7	0	0.6	120.0
2026-09-16T21:39:00+02:00	1	0.7	low	0	toilet	0.232	0.877	0.463	0.365	0	1	0	0	0	0	0	48.2	0	0.6	119.0
2026-09-16T21:40:00+02:00	0	0.0	low	0	bedroom	0.873	0.243	0.389	0.134	1	0	0	0	0	0	0	48.4	0	0.5	0.4
2026-09-16T21:41:00+02:00	0	0.0	low	0	bedroom	0.879	0.297	0.317	0.097	1	0	0	0	0	0	0	47.9	0	0.6	0.4
2026-09-16T21:42:00+02:00	0	0.0	low	0	bedroom	0.913	0.253	0.327	0.122	1	0	0	0	0	0	0	47.5	0	0.5	0.3
2026-09-16T21:43:00+02:00	1	0.7	low	0	bedroom	0.927	0.250	0.378	0.074	1	0	0	0	0	0	0	47.0	0	0.6	0.3
2026-09-16T21:44:00+02:00	0	0.0	low	0	bedroom	0.908	0.295	0.326	0.113	1	0	0	0	0	0	0	46.7	0	0.7	0.3
2026-09-16T21:45:00+02:00	0	0.0	low	0	bedroom	0.930	0.288	0.307	0.106	1	0	0	0	0	0	0	46.4	0	0.6	0.4
2026-09-16T21:46:00+02:00	0	0.0	low	0	bedroom	0.905	0.280	0.318	0.083	1	0	0	0	0	0	0	46.7	0	0.6	0.1
2026-09-16T21:47:00+02:00	0	0.0	low	0	bedroom	0.906	0.235	0.340	0.074	1	0	0	0	0	0	0	46.7	0	0.6	0.4
2026-09-16T21:48:00+02:00	0	0.0	low	0	bedroom	0.872	0.270	0.393	0.129	1	0	0	0	0	0	0	46.1	0	0.6	0.4
2026-09-16T21:49:00+02:00	0	0.0	low	0	bedroom	0.860	0.293	0.360	0.079	1	0	0	0	0	0	0	46.1	0	0.6	0.5
2026-09-16T21:50:00+02:00	1	0.7	low	0	bedroom	0.860	0.237	0.379	0.105	1	0	0	0	0	0	0	46.1	0	0.6	0.4
2026-09-16T21:51:00+02:00	0	0.0	low	0	bedroom	0.925	0.278	0.319	0.086	1	0	0	0	0	0	0	46.5	0	0.6	0.3
2026-09-16T21:52:00+02:00	1	0.7	low	0	bedroom	0.914	0.247	0.304	0.078	1	0	0	0	0	0	0	46.0	0	0.6	0.1
2026-09-16T21:53:00+02:00	0	0.0	low	0	bedroom	0.889	0.269	0.385	0.105	1	0	0	0	0	0	0	46.2	0	0.7	0.2
2026-09-16T21:54:00+02:00	0	0.0	low	0	bedroom	0.889	0.233	0.320	0.064	1	0	0	0	0	0	0	46.6	0	0.6	0.4
2026-09-16T21:55:00+02:00	0	0.0	low	0	bedroom	0.930	0.252	0.349	0.110	1	0	0	0	0	0	0	46.7	0	0.6	0.2
2026-09-16T21:56:00+02:00	0	0.0	low	0	bedroom	0.891	0.261	0.357	0.058	1	0	0	0	0	0	0	46.1	0	0.6	0.4
2026-09-16T21:57:00+02:00	0	0.0	low	0	bedroom	0.924	0.242	0.398	0.052	1	0	0	0	0	0	0	46.7	0	0.6	0.1
2026-09-16T21:58:00+02:00	0	0.0	low	0	bedroom	0.899	0.229	0.327	0.069	1	0	0	0	0	0	0	46.6	0	0.6	0.2
2026-09-16T21:59:00+02:00	0	0.0	low	0	bedroom	0.883	0.255	0.364	0.134	1	0	0	0	0	0	0	46.6	0	0.6	0.2
2026-09-16T22:00:00+02:00	0	0.0	low	0	bedroom	0.854	0.231	0.348	0.138	1	0	0	0	0	0	0	46.2	0	0.6	0.4
2026-09-16T22:01:00+02:00	0	0.0	low	0	bedroom	0.905	0.287	0.308	0.095	1	0	0	0	0	0	0	46.1	0	0.6	0.5
2026-09-16T22:02:00+02:00	0	0.0	low	0	bedroom	0.873	0.275	0.368	0.095	1	0	0	0	0	0	0	46.3	0	0.6	0.2
2026-09-16T22:03:00+02:00	0	0.0	low	0	bedroom	0.915	0.272	0.332	0.082	1	0	0	0	0	0	0	46.5	0	0.6	0.2
2026-09-16T22:04:00+02:00	0	0.0	low	0	bedroom	0.896	0.231	0.342	0.135	1	0	0	0	0	0	0	46.2	0	0.6	0.4
2026-09-16T22:05:00+02:00	0	0.0	low	0	bedroom	0.875	0.275	0.385	0.092	1	0	0	0	0	0	0	46.2	0	0.6	0.1
2026-09-16T22:06:00+02:00	3	1.9	low	0	bedroom	0.897	0.263	0.357	0.068	1	0	0	0	0	0	0	46.1	0	0.7	0.2
2026-09-16T22:07:00+02:00	0	0.0	low	0	bedroom	0.893	0.240	0.359	0.079	1	0	0	0	0	0	0	46.2	0	0.6	0.2
2026-09-16T22:08:00+02:00	0	0.0	low	0	bedroom	0.897	0.272	0.374	0.102	1	0	0	0	0	0	0	46.6	0	0.6	0.4
2026-09-16T22:09:00+02:00	3	2.1	low	0	bedroom	0.851	0.270	0.326	0.069	1	0	0	0	0	0	0	46.3	0	0.6	0.4
2026-09-16T22:10:00+02:00	0	0.0	low	0	bedroom	0.894	0.228	0.304	0.140	1	0	0	0	0	0	0	46.1	0	0.6	0.3
2026-09-16T22:11:00+02:00	0	0.0	low	0	bedroom	0.876	0.239	0.367	0.106	1	0	0	0	0	0	0	46.2	0	0.6	0.5
2026-09-16T22:12:00+02:00	0	0.0	low	0	bedroom	0.917	0.252	0.335	0.089	1	0	0	0	0	0	0	46.5	0	0.6	0.4
2026-09-16T22:13:00+02:00	0	0.0	low	0	bedroom	0.883	0.269	0.347	0.150	1	0	0	0	0	0	0	46.8	0	0.6	0.2
2026-09-16T22:14:00+02:00	0	0.0	low	0	bedroom	0.862	0.232	0.347	0.125	1	0	0	0	0	0	0	46.4	0	0.6	0.3
2026-09-16T22:15:00+02:00	0	0.0	sleep	1	bedroom	0.921	0.223	0.353	0.117	0	0	0	0	0	0	0	46.6	0	0.6	0.1
2026-09-16T22:16:00+02:00	0	0.0	sleep	1	bedroom	0.871	0.226	0.384	0.078	0	0	0	0	0	0	0	46.5	0	0.6	0.3
2026-09-16T22:17:00+02:00	0	0.0	sleep	1	bedroom	0.929	0.232	0.369	0.147	0	0	0	0	0	0	0	46.6	0	0.6	0.2
2026-09-16T22:18:00+02:00	0	0.0	sleep	1	bedroom	0.930	0.281	0.308	0.093	0	0	0	0	0	0	0	46.8	0	0.6	0.3
2026-09-16T22:19:00+02:00	0	0.0	sleep	1	bedroom	0.920	0.261	0.400	0.097	0	0	0	0	0	0	0	46.7	0	0.7	0.4
2026-09-16T22:20:00+02:00	0	0.0	sleep	1	bedroom	0.854	0.247	0.394	0.094	0	0	0	0	0	0	0	46.9	0	0.6	0.3
2026-09-16T22:21:00+02:00	0	0.0	sleep	1	bedroom	0.868	0.299	0.387	0.094	0	0	0	0	0	0	0	46.4	0	0.6	0.4
2026-09-16T22:22:00+02:00	0	0.0	sleep	1	bedroom	0.879	0.268	0.393	0.105	0	0	0	0	0	0	0	46.2	0	0.6	0.3
2026-09-16T22:23:00+02:00	0	0.0	sleep	1	bedroom	0.887	0.274	0.369	0.118	0	0	0	0	0	0	0	46.4	0	0.6	0.3
2026-09-16T22:24:00+02:00	0	0.0	sleep	1	bedroom	0.911	0.278	0.313	0.116	0	0	0	0	0	0	0	46.8	0	0.6	0.5
2026-09-16T22:25:00+02:00	0	0.0	sleep	1	bedroom	0.884	0.287	0.352	0.054	0	0	0	0	0	0	0	46.2	0	0.6	0.1
2026-09-16T22:26:00+02:00	0	0.0	sleep	1	bedroom	0.888	0.290	0.391	0.111	0	0	0	0	0	0	0	46.1	0	0.6	0.5
2026-09-16T22:27:00+02:00	0	0.0	sleep	1	bedroom	0.871	0.265	0.355	0.105	0	0	0	0	0	0	0	46.7	0	0.6	0.1
2026-09-16T22:28:00+02:00	0	0.0	sleep	1	bedroom	0.872	0.261	0.394	0.075	0	0	0	0	0	0	0	46.5	0	0.6	0.2
2026-09-16T22:29:00+02:00	0	0.0	sleep	1	bedroom	0.917	0.290	0.352	0.144	0	0	0	0	0	0	0	46.4	0	0.5	0.2
2026-09-16T22:30:00+02:00	1	0.7	sleep	1	bedroom	0.918	0.227	0.345	0.076	1	0	0	0	0	0	0	46.8	0	0.6	0.2
2026-09-16T22:31:00+02:00	0	0.0	sleep	1	bedroom	0.922	0.225	0.396	0.084	0	0	0	0	0	0	0	46.7	0	0.5	0.4
2026-09-16T22:32:00+02:00	0	0.0	sleep	1	bedroom	0.854	0.240	0.339	0.147	0	0	0	0	0	0	0	46.5	0	0.6	0.4
2026-09-16T22:33:00+02:00	0	0.0	sleep	1	bedroom	0.930	0.230	0.397	0.146	0	0	0	0	0	0	0	46.3	0	0.6	0.1
2026-09-16T22:34:00+02:00	0	0.0	sleep	1	bedroom	0.890	0.259	0.301	0.072	0	0	0	0	0	0	0	46.4	0	0.6	0.5
2026-09-16T22:35:00+02:00	0	0.0	sleep	1	bedroom	0.913	0.249	0.361	0.135	0	0	0	0	0	0	0	46.5	0	0.6	0.2
2026-09-16T22:36:00+02:00	0	0.0	sleep	1	bedroom	0.918	0.226	0.317	0.097	0	0	0	0	0	0	0	46.6	0	0.6	0.3
2026-09-16T22:37:00+02:00	0	0.0	sleep	1	bedroom	0.913	0.235	0.350	0.120	0	0	0	0	0	0	0	46.6	0	0.6	0.2
2026-09-16T22:38:00+02:00	0	0.0	sleep	1	bedroom	0.901	0.282	0.304	0.133	0	0	0	0	0	0	0	46.3	0	0.6	0.3
2026-09-16T22:39:00+02:00	0	0.0	sleep	1	bedroom	0.877	0.282	0.376	0.140	0	0	0	0	0	0	0	46.6	0	0.6	0.2
2026-09-16T22:40:00+02:00	0	0.0	sleep	1	bedroom	0.861	0.274	0.364	0.087	0	0	0	0	0	0	0	46.6	0	0.6	0.2
2026-09-16T22:41:00+02:00	0	0.0	sleep	1	bedroom	0.911	0.238	0.361	0.089	0	0	0	0	0	0	0	46.6	0	0.6	0.3
2026-09-16T22:42:00+02:00	0	0.0	sleep	1	bedroom	0.862	0.286	0.371	0.087	0	0	0	0	0	0	0	46.2	0	0.6	0.4
2026-09-16T22:43:00+02:00	0	0.0	sleep	1	bedroom	0.908	0.271	0.316	0.133	0	0	0	0	0	0	0	46.5	0	0.6	0.3
2026-09-16T22:44:00+02:00	0	0.0	sleep	1	bedroom	0.894	0.236	0.370	0.116	0	0	0	0	0	0	0	46.6	0	0.6	0.1
2026-09-16T22:45:00+02:00	0	0.0	sleep	1	bedroom	0.885	0.295	0.373	0.097	0	0	0	0	0	0	0	46.5	0	0.6	0.4
2026-09-16T22:46:00+02:00	0	0.0	sleep	1	bedroom	0.927	0.283	0.310	0.117	0	0	0	0	0	0	0	46.7	0	0.6	0.4
2026-09-16T22:47:00+02:00	0	0.0	sleep	1	bedroom	0.857	0.263	0.312	0.068	0	0	0	0	0	0	0	46.6	0	0.6	0.2
2026-09-16T22:48:00+02:00	0	0.0	sleep	1	bedroom	0.886	0.253	0.370	0.098	0	0	0	0	0	0	0	46.9	0	0.6	0.5
2026-09-16T22:49:00+02:00	0	0.0	sleep	1	bedroom	0.871	0.241	0.399	0.069	0	0	0	0	0	0	0	46.8	0	0.6	0.3
2026-09-16T22:50:00+02:00	0	0.0	sleep	1	bedroom	0.893	0.266	0.304	0.062	0	0	0	0	0	0	0	46.6	0	0.6	0.3
2026-09-16T22:51:00+02:00	0	0.0	sleep	1	bedroom	0.860	0.253	0.380	0.090	0	0	0	0	0	0	0	47.0	0	0.6	0.2
2026-09-16T22:52:00+02:00	0	0.0	sleep	1	bedroom	0.906	0.286	0.313	0.132	0	0	0	0	0	0	0	46.3	0	0.6	0.4
2026-09-16T22:53:00+02:00	0	0.0	sleep	1	bedroom	0.887	0.232	0.394	0.081	0	0	0	0	0	0	0	47.0	0	0.6	0.4
2026-09-16T22:54:00+02:00	0	0.0	sleep	1	bedroom	0.900	0.276	0.386	0.124	0	0	0	0	0	0	0	46.8	0	0.6	0.1
2026-09-16T22:55:00+02:00	0	0.0	sleep	1	bedroom	0.878	0.288	0.332	0.138	0	0	0	0	0	0	0	46.8	0	0.6	0.3
2026-09-16T22:56:00+02:00	0	0.0	sleep	1	bedroom	0.853	0.272	0.376	0.117	0	0	0	0	0	0	0	46.9	0	0.6	0.2
2026-09-16T22:57:00+02:00	0	0.0	sleep	1	bedroom	0.881	0.265	0.326	0.122	0	0	0	0	0	0	0	46.6	0	0.7	0.3
2026-09-16T22:58:00+02:00	0	0.0	sleep	1	bedroom	0.864	0.277	0.384	0.063	0	0	0	0	0	0	0	47.1	0	0.6	0.1
2026-09-16T22:59:00+02:00	0	0.0	sleep	1	bedroom	0.887	0.285	0.315	0.143	0	0	0	0	0	0	0	46.4	0	0.6	0.1
2026-09-16T23:00:00+02:00	0	0.0	sleep	1	bedroom	0.884	0.241	0.304	0.074	0	0	0	0	0	0	0	46.7	0	0.6	0.5
2026-09-16T23:01:00+02:00	0	0.0	sleep	1	bedroom	0.913	0.253	0.362	0.134	0	0	0	0	0	0	0	46.6	0	0.6	0.2
2026-09-16T23:02:00+02:00	0	0.0	sleep	1	bedroom	0.897	0.220	0.368	0.146	0	0	0	0	0	0	0	46.7	0	0.6	0.4
2026-09-16T23:03:00+02:00	0	0.0	sleep	1	bedroom	0.862	0.267	0.393	0.134	0	0	0	0	0	0	0	46.3	0	0.7	0.4
2026-09-16T23:04:00+02:00	0	0.0	sleep	1	bedroom	0.851	0.298	0.367	0.050	0	0	0	0	0	0	0	47.1	0	0.6	0.1
2026-09-16T23:05:00+02:00	0	0.0	sleep	1	bedroom	0.870	0.260	0.397	0.093	0	0	0	0	0	0	0	46.7	0	0.6	0.4
2026-09-16T23:06:00+02:00	0	0.0	sleep	1	bedroom	0.853	0.255	0.307	0.106	0	0	0	0	0	0	0	46.5	0	0.6	0.2
2026-09-16T23:07:00+02:00	0	0.0	sleep	1	bedroom	0.885	0.264	0.361	0.058	0	0	0	0	0	0	0	46.4	0	0.6	0.1
2026-09-16T23:08:00+02:00	0	0.0	sleep	1	bedroom	0.882	0.263	0.372	0.111	0	0	0	0	0	0	0	46.4	0	0.6	0.1
2026-09-16T23:09:00+02:00	0	0.0	sleep	1	bedroom	0.904	0.258	0.387	0.067	0	0	0	0	0	0	0	46.7	0	0.7	0.5
2026-09-16T23:10:00+02:00	0	0.0	sleep	1	bedroom	0.870	0.242	0.319	0.117	0	0	0	0	0	0	0	46.8	0	0.6	0.3
2026-09-16T23:11:00+02:00	0	0.0	sleep	1	bedroom	0.868	0.228	0.364	0.080	0	0	0	0	0	0	0	46.5	0	0.6	0.5
2026-09-16T23:12:00+02:00	0	0.0	sleep	1	bedroom	0.898	0.252	0.356	0.146	0	0	0	0	0	0	0	46.7	0	0.5	0.2
2026-09-16T23:13:00+02:00	0	0.0	sleep	1	bedroom	0.880	0.273	0.343	0.053	0	0	0	0	0	0	0	46.4	0	0.5	0.5
2026-09-16T23:14:00+02:00	0	0.0	sleep	1	bedroom	0.856	0.239	0.392	0.074	0	0	0	0	0	0	0	46.8	0	0.6	0.4
2026-09-16T23:15:00+02:00	0	0.0	sleep	1	bedroom	0.912	0.299	0.367	0.121	0	0	0	0	0	0	0	47.0	0	0.6	0.2
2026-09-16T23:16:00+02:00	0	0.0	sleep	1	bedroom	0.912	0.295	0.359	0.057	0	0	0	0	0	0	0	47.0	0	0.6	0.2
2026-09-16T23:17:00+02:00	0	0.0	sleep	1	bedroom	0.890	0.225	0.324	0.102	0	0	0	0	0	0	0	47.0	0	0.6	0.2
2026-09-16T23:18:00+02:00	0	0.0	sleep	1	bedroom	0.912	0.272	0.382	0.055	0	0	0	0	0	0	0	46.7	0	0.6	0.1
2026-09-16T23:19:00+02:00	0	0.0	sleep	1	bedroom	0.866	0.276	0.372	0.150	0	0	0	0	0	0	0	46.8	0	0.6	0.4
2026-09-16T23:20:00+02:00	0	0.0	sleep	1	bedroom	0.894	0.299	0.349	0.084	0	0	0	0	0	0	0	47.2	0	0.5	0.3
2026-09-16T23:21:00+02:00	0	0.0	sleep	1	bedroom	0.892	0.290	0.329	0.057	0	0	0	0	0	0	0	46.7	0	0.6	0.3
2026-09-16T23:22:00+02:00	0	0.0	sleep	1	bedroom	0.911	0.235	0.335	0.104	0	0	0	0	0	0	0	47.0	0	0.6	0.3
2026-09-16T23:23:00+02:00	0	0.0	sleep	1	bedroom	0.868	0.271	0.306	0.129	0	0	0	0	0	0	0	46.8	0	0.6	0.4
2026-09-16T23:24:00+02:00	0	0.0	sleep	1	bedroom	0.902	0.246	0.352	0.100	0	0	0	0	0	0	0	46.4	0	0.6	0.1
2026-09-16T23:25:00+02:00	0	0.0	sleep	1	bedroom	0.866	0.266	0.361	0.081	0	0	0	0	0	0	0	46.7	0	0.6	0.5
2026-09-16T23:26:00+02:00	2	1.5	sleep	1	bedroom	0.883	0.286	0.397	0.070	1	0	0	0	0	0	0	47.1	0	0.6	0.4
2026-09-16T23:27:00+02:00	0	0.0	sleep	1	bedroom	0.894	0.233	0.337	0.134	0	0	0	0	0	0	0	47.1	0	0.7	0.2
2026-09-16T23:28:00+02:00	0	0.0	sleep	1	bedroom	0.869	0.299	0.334	0.081	0	0	0	0	0	0	0	47.1	0	0.6	0.3
2026-09-16T23:29:00+02:00	0	0.0	sleep	1	bedroom	0.860	0.246	0.397	0.072	0	0	0	0	0	0	0	47.2	0	0.5	0.3
2026-09-16T23:30:00+02:00	0	0.0	sleep	1	bedroom	0.880	0.224	0.394	0.120	0	0	0	0	0	0	0	46.7	0	0.6	0.2
2026-09-16T23:31:00+02:00	0	0.0	sleep	1	bedroom	0.930	0.254	0.322	0.077	0	0	0	0	0	0	0	46.6	0	0.6	0.4
2026-09-16T23:32:00+02:00	0	0.0	sleep	1	bedroom	0.930	0.226	0.389	0.095	0	0	0	0	0	0	0	46.9	0	0.6	0.4
2026-09-16T23:33:00+02:00	0	0.0	sleep	1	bedroom	0.921	0.244	0.361	0.117	0	0	0	0	0	0	0	47.0	0	0.6	0.2
2026-09-16T23:34:00+02:00	0	0.0	sleep	1	bedroom	0.915	0.276	0.376	0.139	0	0	0	0	0	0	0	47.0	0	0.6	0.4
2026-09-16T23:35:00+02:00	0	0.0	sleep	1	bedroom	0.860	0.266	0.351	0.139	0	0	0	0	0	0	0	46.7	0	0.6	0.2
2026-09-16T23:36:00+02:00	0	0.0	sleep	1	bedroom	0.857	0.260	0.381	0.061	0	0	0	0	0	0	0	46.8	0	0.6	0.1
2026-09-16T23:37:00+02:00	0	0.0	sleep	1	bedroom	0.895	0.253	0.348	0.078	0	0	0	0	0	0	0	46.7	0	0.7	0.1
2026-09-16T23:38:00+02:00	0	0.0	sleep	1	bedroom	0.900	0.287	0.333	0.100	0	0	0	0	0	0	0	46.9	0	0.6	0.5
2026-09-16T23:39:00+02:00	0	0.0	sleep	1	bedroom	0.926	0.288	0.359	0.056	0	0	0	0	0	0	0	46.6	0	0.6	0.3
2026-09-16T23:40:00+02:00	0	0.0	sleep	1	bedroom	0.880	0.280	0.400	0.090	0	0	0	0	0	0	0	47.2	0	0.6	0.2
2026-09-16T23:41:00+02:00	0	0.0	sleep	1	bedroom	0.924	0.252	0.311	0.088	0	0	0	0	0	0	0	47.0	0	0.5	0.2
2026-09-16T23:42:00+02:00	0	0.0	sleep	1	bedroom	0.852	0.227	0.348	0.075	0	0	0	0	0	0	0	47.1	0	0.6	0.2
2026-09-16T23:43:00+02:00	0	0.0	sleep	1	bedroom	0.925	0.273	0.320	0.148	0	0	0	0	0	0	0	46.7	0	0.6	0.2
2026-09-16T23:44:00+02:00	0	0.0	sleep	1	bedroom	0.902	0.290	0.376	0.066	0	0	0	0	0	0	0	46.9	0	0.6	0.2
2026-09-16T23:45:00+02:00	0	0.0	sleep	1	bedroom	0.876	0.270	0.360	0.080	0	0	0	0	0	0	0	47.0	0	0.6	0.1
2026-09-16T23:46:00+02:00	0	0.0	sleep	1	bedroom	0.866	0.260	0.388	0.068	0	0	0	0	0	0	0	47.0	0	0.7	0.2
2026-09-16T23:47:00+02:00	0	0.0	sleep	1	bedroom	0.892	0.293	0.389	0.091	0	0	0	0	0	0	0	47.1	0	0.6	0.3
2026-09-16T23:48:00+02:00	0	0.0	sleep	1	bedroom	0.873	0.226	0.312	0.110	0	0	0	0	0	0	0	47.0	0	0.6	0.2
2026-09-16T23:49:00+02:00	1	0.7	sleep	1	bedroom	0.870	0.259	0.367	0.131	1	0	0	0	0	0	0	47.1	0	0.6	0.3
2026-09-16T23:50:00+02:00	0	0.0	sleep	1	bedroom	0.852	0.221	0.326	0.143	0	0	0	0	0	0	0	46.7	0	0.6	0.2
2026-09-16T23:51:00+02:00	0	0.0	sleep	1	bedroom	0.890	0.288	0.360	0.056	0	0	0	0	0	0	0	46.7	0	0.6	0.3
2026-09-16T23:52:00+02:00	0	0.0	sleep	1	bedroom	0.901	0.295	0.349	0.087	0	0	0	0	0	0	0	46.6	0	0.6	0.4
2026-09-16T23:53:00+02:00	0	0.0	sleep	1	bedroom	0.901	0.293	0.396	0.116	0	0	0	0	0	0	0	46.6	0	0.6	0.5
2026-09-16T23:54:00+02:00	0	0.0	sleep	1	bedroom	0.857	0.280	0.311	0.067	0	0	0	0	0	0	0	47.2	0	0.6	0.2
2026-09-16T23:55:00+02:00	0	0.0	sleep	1	bedroom	0.894	0.233	0.319	0.125	0	0	0	0	0	0	0	46.7	0	0.6	0.5
2026-09-16T23:56:00+02:00	0	0.0	sleep	1	bedroom	0.908	0.227	0.363	0.107	0	0	0	0	0	0	0	47.0	0	0.6	0.5
2026-09-16T23:57:00+02:00	0	0.0	sleep	1	bedroom	0.857	0.237	0.392	0.098	0	0	0	0	0	0	0	47.0	0	0.6	0.4
2026-09-16T23:58:00+02:00	0	0.0	sleep	1	bedroom	0.912	0.278	0.374	0.139	0	0	0	0	0	0	0	46.7	0	0.6	0.4
2026-09-16T23:59:00+02:00	0	0.0	sleep	1	bedroom	0.884	0.241	0.358	0.094	0	0	0	0	0	0	0	47.1	0	0.6	0.2
