timestamp	steps	distance_m	activity_level	sleep	room	uwb_distance_bedroom_m	uwb_distance_toilet_m	uwb_distance_living_room_m	uwb_distance_kitchen_m	pir_bedroom	pir_toilet	pir_living_room	pir_kitchen	fridge_open	toilet_tap_on	kitchen_tap_on	toilet_humidity_pct	kitchen_cabinet_open	tv_power_w	toilet_lux
2026-09-16T00:00:00+02:00	0	0.0	sleep	1	bedroom	1.19	7.12	6.25	9.19	0	0	0	0	0	0	0	47.0	0	0.6	0.1
2026-09-16T00:01:00+02:00	0	0.0	sleep	1	bedroom	1.17	7.08	6.78	9.18	0	0	0	0	0	0	0	47.2	0	0.6	0.3
2026-09-16T00:02:00+02:00	0	0.0	sleep	1	bedroom	1.39	7.27	6.67	9.22	0	0	0	0	0	0	0	46.9	0	0.6	0.5
2026-09-16T00:03:00+02:00	0	0.0	sleep	1	bedroom	1.29	7.68	6.12	8.90	0	0	0	0	0	0	0	47.4	0	0.6	0.3
2026-09-16T00:04:00+02:00	0	0.0	sleep	1	bedroom	1.47	7.45	6.52	9.01	0	0	0	0	0	0	0	46.8	0	0.6	0.4
2026-09-16T00:05:00+02:00	0	0.0	sleep	1	bedroom	1.41	7.69	6.92	9.02	0	0	0	0	0	0	0	47.2	0	0.5	0.4
2026-09-16T00:06:00+02:00	0	0.0	sleep	1	bedroom	1.26	7.02	6.91	9.29	0	0	0	0	0	0	0	47.2	0	0.6	0.3
2026-09-16T00:07:00+02:00	0	0.0	sleep	1	bedroom	1.09	7.01	6.71	8.63	0	0	0	0	0	0	0	47.1	0	0.6	0.2
2026-09-16T00:08:00+02:00	0	0.0	sleep	1	bedroom	1.21	7.53	6.69	9.03	0	0	0	0	0	0	0	46.8	0	0.6	0.1
2026-09-16T00:09:00+02:00	0	0.0	sleep	1	bedroom	0.86	7.05	6.00	8.94	0	0	0	0	0	0	0	46.7	0	0.6	0.2
2026-09-16T00:10:00+02:00	0	0.0	sleep	1	bedroom	0.93	7.47	6.14	8.99	0	0	0	0	0	0	0	46.9	0	0.6	0.2
2026-09-16T00:11:00+02:00	0	0.0	sleep	1	bedroom	0.98	7.16	6.12	8.99	0	0	0	0	0	0	0	46.9	0	0.6	0.3
2026-09-16T00:12:00+02:00	0	0.0	sleep	1	bedroom	0.97	7.56	6.40	9.24	0	0	0	0	0	0	0	47.2	0	0.6	0.3
2026-09-16T00:13:00+02:00	0	0.0	sleep	1	bedroom	1.03	7.32	6.76	9.02	0	0	0	0	0	0	0	46.7	0	0.6	0.5
2026-09-16T00:14:00+02:00	0	0.0	sleep	1	bedroom	1.48	7.16	6.92	8.84	0	0	0	0	0	0	0	46.7	0	0.6	0.2
2026-09-16T00:15:00+02:00	0	0.0	sleep	1	bedroom	1.05	7.32	6.25	9.43	0	0	0	0	0	0	0	47.4	0	0.6	0.5
2026-09-16T00:16:00+02:00	0	0.0	sleep	1	bedroom	0.83	7.64	6.97	8.64	0	0	0	0	0	0	0	46.9	0	0.6	0.2
2026-09-16T00:17:00+02:00	0	0.0	sleep	1	bedroom	0.75	7.15	6.10	8.83	0	0	0	0	0	0	0	47.1	0	0.7	0.4
2026-09-16T00:18:00+02:00	0	0.0	sleep	1	bedroom	0.86	7.65	6.04	8.82	0	0	0	0	0	0	0	47.0	0	0.5	0.3
2026-09-16T00:19:00+02:00	0	0.0	sleep	1	bedroom	0.84	7.37	6.83	8.92	0	0	0	0	0	0	0	46.9	0	0.5	0.1
2026-09-16T00:20:00+02:00	0	0.0	sleep	1	bedroom	1.18	7.78	6.69	8.96	0	0	0	0	0	0	0	47.5	0	0.6	0.4
2026-09-16T00:21:00+02:00	0	0.0	sleep	1	bedroom	1.42	7.52	6.33	9.21	0	0	0	0	0	0	0	47.0	0	0.6	0.3
2026-09-16T00:22:00+02:00	0	0.0	sleep	1	bedroom	1.41	7.44	6.51	9.29	0	0	0	0	0	0	0	46.8	0	0.6	0.3
2026-09-16T00:23:00+02:00	0	0.0	sleep	1	bedroom	1.35	7.60	6.91	9.35	0	0	0	0	0	0	0	47.4	0	0.6	0.2
2026-09-16T00:24:00+02:00	0	0.0	sleep	1	bedroom	1.15	7.39	6.72	9.34	0	0	0	0	0	0	0	47.0	0	0.6	0.3
2026-09-16T00:25:00+02:00	0	0.0	sleep	1	bedroom	1.02	7.34	6.08	9.26	0	0	0	0	0	0	0	46.7	0	0.6	0.5
2026-09-16T00:26:00+02:00	0	0.0	sleep	1	bedroom	1.18	7.68	6.43	9.28	0	0	0	0	0	0	0	46.9	0	0.6	0.3
2026-09-16T00:27:00+02:00	0	0.0	sleep	1	bedroom	1.05	7.45	6.96	8.84	0	0	0	0	0	0	0	46.8	0	0.6	0.1
2026-09-16T00:28:00+02:00	0	0.0	sleep	1	bedroom	1.35	7.78	6.95	9.13	0	0	0	0	0	0	0	46.7	0	0.6	0.2
2026-09-16T00:29:00+02:00	0	0.0	sleep	1	bedroom	0.94	7.78	6.98	8.86	0	0	0	0	0	0	0	47.5	0	0.6	0.5
2026-09-16T00:30:00+02:00	0	0.0	sleep	1	bedroom	1.17	7.51	6.83	8.86	0	0	0	0	0	0	0	47.0	0	0.6	0.5
2026-09-16T00:31:00+02:00	0	0.0	sleep	1	bedroom	1.17	7.63	6.55	8.94	0	0	0	0	0	0	0	47.3	0	0.6	0.3
2026-09-16T00:32:00+02:00	0	0.0	sleep	1	bedroom	0.71	7.65	6.22	8.90	0	0	0	0	0	0	0	47.4	0	0.6	0.1
2026-09-16T00:33:00+02:00	0	0.0	sleep	1	bedroom	1.45	7.79	6.16	8.53	0	0	0	0	0	0	0	47.0	0	0.6	0.4
2026-09-16T00:34:00+02:00	0	0.0	sleep	1	bedroom	1.02	7.27	6.49	9.28	0	0	0	0	0	0	0	47.1	0	0.6	0.5
2026-09-16T00:35:00+02:00	0	0.0	sleep	1	bedroom	1.08	7.23	6.02	8.94	0	0	0	0	0	0	0	46.9	0	0.6	0.4
2026-09-16T00:36:00+02:00	0	0.0	sleep	1	bedroom	0.92	7.59	6.79	9.17	0	0	0	0	0	0	0	47.3	0	0.6	0.2
2026-09-16T00:37:00+02:00	0	0.0	sleep	1	bedroom	0.71	7.75	6.19	9.36	0	0	0	0	0	0	0	47.0	0	0.7	0.2
2026-09-16T00:38:00+02:00	0	0.0	sleep	1	bedroom	1.22	7.52	6.16	8.99	0	0	0	0	0	0	0	46.9	0	0.6	0.2
2026-09-16T00:39:00+02:00	0	0.0	sleep	1	bedroom	1.11	7.01	6.76	8.91	0	0	0	0	0	0	0	47.0	0	0.5	0.4
2026-09-16T00:40:00+02:00	0	0.0	sleep	1	bedroom	1.18	7.38	6.99	8.51	0	0	0	0	0	0	0	47.0	0	0.6	0.2
2026-09-16T00:41:00+02:00	0	0.0	sleep	1	bedroom	0.82	7.39	6.02	9.22	0	0	0	0	0	0	0	46.9	0	0.6	0.3
2026-09-16T00:42:00+02:00	0	0.0	sleep	1	bedroom	0.81	7.20	6.93	8.88	0	0	0	0	0	0	0	47.6	0	0.6	0.4
2026-09-16T00:43:00+02:00	1	0.7	sleep	1	bedroom	1.44	7.64	6.69	9.31	1	0	0	0	0	0	0	46.9	0	0.6	0.2
2026-09-16T00:44:00+02:00	0	0.0	sleep	1	bedroom	0.80	7.25	6.56	9.00	0	0	0	0	0	0	0	47.6	0	0.7	0.3
2026-09-16T00:45:00+02:00	0	0.0	sleep	1	bedroom	0.90	7.77	6.15	9.32	0	0	0	0	0	0	0	47.6	0	0.7	0.2
2026-09-16T00:46:00+02:00	0	0.0	sleep	1	bedroom	0.71	7.32	6.91	8.61	0	0	0	0	0	0	0	47.1	0	0.6	0.3
2026-09-16T00:47:00+02:00	0	0.0	sleep	1	bedroom	0.83	7.68	6.75	9.02	0	0	0	0	0	0	0	47.3	0	0.6	0.3
2026-09-16T00:48:00+02:00	0	0.0	sleep	1	bedroom	1.10	7.40	6.02	9.32	0	0	0	0	0	0	0	47.6	0	0.6	0.2
2026-09-16T00:49:00+02:00	0	0.0	sleep	1	bedroom	0.85	7.69	6.58	9.15	0	0	0	0	0	0	0	47.3	0	0.6	0.4
2026-09-16T00:50:00+02:00	0	0.0	sleep	1	bedroom	0.90	7.05	6.74	8.79	0	0	0	0	0	0	0	47.5	0	0.5	0.5
2026-09-16T00:51:00+02:00	0	0.0	sleep	1	bedroom	0.83	7.18	6.84	8.59	0	0	0	0	0	0	0	47.4	0	0.5	0.3
2026-09-16T00:52:00+02:00	0	0.0	sleep	1	bedroom	1.08	7.39	6.76	8.96	0	0	0	0	0	0	0	47.1	0	0.6	0.2
2026-09-16T00:53:00+02:00	0	0.0	sleep	1	bedroom	1.31	7.02	6.67	8.67	0	0	0	0	0	0	0	47.4	0	0.6	0.2
2026-09-16T00:54:00+02:00	0	0.0	sleep	1	bedroom	0.74	7.07	6.14	9.13	0	0	0	0	0	0	0	47.0	0	0.6	0.5
2026-09-16T00:55:00+02:00	0	0.0	sleep	1	bedroom	0.97	7.01	6.87	8.63	0	0	0	0	0	0	0	47.4	0	0.6	0.3
2026-09-16T00:56:00+02:00	0	0.0	sleep	1	bedroom	0.97	7.70	6.52	8.83	0	0	0	0	0	0	0	47.4	0	0.6	0.1
2026-09-16T00:57:00+02:00	0	0.0	sleep	1	bedroom	0.96	7.27	6.08	8.53	0	0	0	0	0	0	0	47.2	0	0.6	0.4
2026-09-16T00:58:00+02:00	0	0.0	sleep	1	bedroom	1.45	7.23	6.46	9.43	0	0	0	0	0	0	0	47.2	0	0.6	0.2
2026-09-16T00:59:00+02:00	0	0.0	sleep	1	bedroom	1.39	7.42	6.28	9.05	0	0	0	0	0	0	0	46.9	0	0.7	0.2
2026-09-16T01:00:00+02:00	0	0.0	sleep	1	bedroom	1.11	7.59	6.93	9.06	0	0	0	0	0	0	0	47.5	0	0.6	0.3
2026-09-16T01:01:00+02:00	0	0.0	sleep	1	bedroom	1.20	7.74	6.89	9.14	0	0	0	0	0	0	0	47.1	0	0.6	0.2
2026-09-16T01:02:00+02:00	0	0.0	sleep	1	bedroom	0.89	7.01	6.16	8.74	0	0	0	0	0	0	0	47.2	0	0.6	0.4
2026-09-16T01:03:00+02:00	0	0.0	sleep	1	bedroom	1.20	7.75	6.89	9.16	0	0	0	0	0	0	0	47.4	0	0.6	0.4
2026-09-16T01:04:00+02:00	0	0.0	sleep	1	bedroom	0.85	7.56	6.72	9.10	0	0	0	0	0	0	0	47.3	0	0.6	0.3
2026-09-16T01:05:00+02:00	0	0.0	sleep	1	bedroom	1.02	7.15	6.44	8.72	0	0	0	0	0	0	0	47.1	0	0.6	0.4
2026-09-16T01:06:00+02:00	0	0.0	sleep	1	bedroom	1.38	7.22	6.30	9.31	0	0	0	0	0	0	0	47.0	0	0.6	0.5
2026-09-16T01:07:00+02:00	0	0.0	sleep	1	bedroom	0.82	7.52	6.11	8.89	0	0	0	0	0	0	0	47.0	0	0.7	0.5
2026-09-16T01:08:00+02:00	0	0.0	sleep	1	bedroom	1.24	7.41	6.48	8.83	0	0	0	0	0	0	0	47.7	0	0.6	0.2
2026-09-16T01:09:00+02:00	0	0.0	sleep	1	bedroom	0.96	7.69	6.41	9.16	0	0	0	0	0	0	0	47.4	0	0.6	0.4
2026-09-16T01:10:00+02:00	0	0.0	sleep	1	bedroom	1.05	7.29	6.55	8.65	0	0	0	0	0	0	0	47.7	0	0.6	0.3
2026-09-16T01:11:00+02:00	0	0.0	sleep	1	bedroom	0.99	7.53	6.88	9.02	0	0	0	0	0	0	0	47.4	0	0.6	0.1
2026-09-16T01:12:00+02:00	0	0.0	sleep	1	bedroom	1.25	7.71	6.17	9.28	0	0	0	0	0	0	0	47.1	0	0.6	0.4
2026-09-16T01:13:00+02:00	0	0.0	sleep	1	bedroom	1.26	7.64	6.29	8.61	0	0	0	0	0	0	0	47.4	0	0.6	0.2
2026-09-16T01:14:00+02:00	0	0.0	sleep	1	bedroom	0.88	7.52	6.06	9.32	0	0	0	0	0	0	0	47.2	0	0.6	0.3
2026-09-16T01:15:00+02:00	0	0.0	sleep	1	bedroom	0.88	7.07	6.20	9.03	0	0	0	0	0	0	0	47.4	0	0.6	0.3
2026-09-16T01:16:00+02:00	0	0.0	sleep	1	bedroom	1.24	7.72	6.93	8.83	0	0	0	0	0	0	0	47.4	0	0.6	0.4
2026-09-16T01:17:00+02:00	0	0.0	sleep	1	bedroom	1.47	7.26	6.65	8.79	0	0	0	0	0	0	0	47.7	0	0.6	0.1
2026-09-16T01:18:00+02:00	0	0.0	sleep	1	bedroom	1.36	7.37	6.78	8.57	0	0	0	0	0	0	0	47.1	0	0.7	0.4
2026-09-16T01:19:00+02:00	0	0.0	sleep	1	bedroom	1.41	7.58	6.27	9.17	0	0	0	0	0	0	0	47.6	0	0.6	0.2
2026-09-16T01:20:00+02:00	0	0.0	sleep	1	bedroom	1.47	7.47	6.73	9.09	0	0	0	0	0	0	0	47.4	0	0.7	0.3
2026-09-16T01:21:00+02:00	0	0.0	sleep	1	bedroom	1.24	7.40	6.83	9.47	0	0	0	0	0	0	0	47.1	0	0.6	0.2
2026-09-16T01:22:00+02:00	0	0.0	sleep	1	bedroom	1.29	7.15	6.92	8.93	0	0	0	0	0	0	0	47.1	0	0.6	0.3
2026-09-16T01:23:00+02:00	0	0.0	sleep	1	bedroom	1.22	7.76	6.37	8.90	0	0	0	0	0	0	0	47.7	0	0.6	0.4
2026-09-16T01:24:00+02:00	0	0.0	sleep	1	bedroom	1.04	7.27	6.04	8.79	0	0	0	0	0	0	0	47.5	0	0.6	0.2
2026-09-16T01:25:00+02:00	0	0.0	sleep	1	bedroom	1.11	7.49	7.00	8.57	0	0	0	0	0	0	0	47.6	0	0.5	0.2
2026-09-16T01:26:00+02:00	0	0.0	sleep	1	bedroom	1.28	7.80	6.94	8.56	0	0	0	0	0	0	0	47.6	0	0.7	0.3
2026-09-16T01:27:00+02:00	0	0.0	sleep	1	bedroom	1.45	7.58	6.25	8.58	0	0	0	0	0	0	0	47.1	0	0.6	0.2
2026-09-16T01:28:00+02:00	0	0.0	sleep	1	bedroom	1.38	7.17	6.44	9.43	0	0	0	0	0	0	0	47.7	0	0.6	0.3
2026-09-16T01:29:00+02:00	0	0.0	sleep	1	bedroom	1.18	7.58	6.59	8.79	0	0	0	0	0	0	0	47.2	0	0.6	0.1
2026-09-16T01:30:00+02:00	2	1.5	sleep	1	bedroom	1.27	7.78	6.25	9.01	1	0	0	0	0	0	0	47.2	0	0.6	0.4
2026-09-16T01:31:00+02:00	0	0.0	sleep	1	bedroom	0.97	7.42	6.71	8.90	0	0	0	0	0	0	0	47.8	0	0.6	0.4
2026-09-16T01:32:00+02:00	0	0.0	sleep	1	bedroom	1.03	7.69	6.85	8.84	0	0	0	0	0	0	0	47.6	0	0.6	0.2
2026-09-16T01:33:00+02:00	0	0.0	sleep	1	bedroom	0.79	7.54	6.27	8.52	0	0	0	0	0	0	0	47.5	0	0.6	0.2
2026-09-16T01:34:00+02:00	0	0.0	sleep	1	bedroom	1.46	7.57	6.46	9.00	0	0	0	0	0	0	0	47.1	0	0.6	0.3
2026-09-16T01:35:00+02:00	0	0.0	sleep	1	bedroom	0.76	7.21	6.10	8.92	0	0	0	0	0	0	0	47.4	0	0.6	0.4
2026-09-16T01:36:00+02:00	0	0.0	sleep	1	bedroom	1.06	7.07	6.20	9.04	0	0	0	0	0	0	0	47.6	0	0.6	0.4
2026-09-16T01:37:00+02:00	0	0.0	sleep	1	bedroom	1.43	7.61	6.79	8.81	0	0	0	0	0	0	0	47.7	0	0.5	0.3
2026-09-16T01:38:00+02:00	0	0.0	sleep	1	bedroom	1.03	7.14	6.81	9.19	0	0	0	0	0	0	0	47.3	0	0.6	0.2
2026-09-16T01:39:00+02:00	0	0.0	sleep	1	bedroom	0.77	7.79	6.81	8.64	0	0	0	0	0	0	0	47.6	0	0.6	0.4
2026-09-16T01:40:00+02:00	0	0.0	sleep	1	bedroom	1.23	7.34	6.84	9.41	0	0	0	0	0	0	0	47.2	0	0.6	0.2
2026-09-16T01:41:00+02:00	0	0.0	sleep	1	bedroom	1.00	7.03	6.29	8.77	0	0	0	0	0	0	0	47.8	0	0.6	0.3
2026-09-16T01:42:00+02:00	0	0.0	sleep	1	bedroom	1.46	7.58	6.89	9.32	0	0	0	0	0	0	0	47.1	0	0.6	0.1
2026-09-16T01:43:00+02:00	0	0.0	sleep	1	bedroom	0.80	7.44	6.56	8.52	0	0	0	0	0	0	0	47.4	0	0.6	0.3
2026-09-16T01:44:00+02:00	0	0.0	sleep	1	bedroom	0.98	7.59	6.10	9.14	0	0	0	0	0	0	0	47.6	0	0.6	0.1
2026-09-16T01:45:00+02:00	0	0.0	sleep	1	bedroom	0.96	7.05	6.88	9.25	0	0	0	0	0	0	0	47.6	0	0.6	0.5
2026-09-16T01:46:00+02:00	0	0.0	sleep	1	bedroom	1.35	7.42	6.29	8.51	0	0	0	0	0	0	0	47.3	0	0.6	0.2
2026-09-16T01:47:00+02:00	0	0.0	sleep	1	bedroom	1.33	7.63	6.09	9.13	0	0	0	0	0	0	0	47.4	0	0.6	0.4
2026-09-16T01:48:00+02:00	0	0.0	sleep	1	bedroom	1.07	7.35	6.11	8.55	0	0	0	0	0	0	0	47.9	0	0.6	0.2
2026-09-16T01:49:00+02:00	0	0.0	sleep	1	bedroom	0.75	7.37	6.56	8.90	0	0	0	0	0	0	0	47.3	0	0.6	0.3
2026-09-16T01:50:00+02:00	0	0.0	sleep	1	bedroom	0.89	7.06	6.26	8.61	0	0	0	0	0	0	0	47.4	0	0.6	0.2
2026-09-16T01:51:00+02:00	0	0.0	sleep	1	bedroom	1.20	7.61	6.72	8.74	0	0	0	0	0	0	0	47.2	0	0.6	0.3
2026-09-16T01:52:00+02:00	0	0.0	sleep	1	bedroom	1.18	7.75	6.96	9.11	0	0	0	0	0	0	0	47.3	0	0.6	0.1
2026-09-16T01:53:00+02:00	0	0.0	sleep	1	bedroom	1.15	7.11	6.35	9.16	0	0	0	0	0	0	0	47.4	0	0.6	0.3
2026-09-16T01:54:00+02:00	0	0.0	sleep	1	bedroom	0.89	7.47	6.35	9.29	0	0	0	0	0	0	0	47.5	0	0.6	0.1
2026-09-16T01:55:00+02:00	0	0.0	sleep	1	bedroom	0.80	7.07	6.99	8.86	0	0	0	0	0	0	0	47.8	0	0.5	0.4
2026-09-16T01:56:00+02:00	0	0.0	sleep	1	bedroom	0.70	7.53	6.96	9.09	0	0	0	0	0	0	0	47.5	0	0.7	0.4
2026-09-16T01:57:00+02:00	0	0.0	sleep	1	bedroom	1.24	7.71	6.58	8.67	0	0	0	0	0	0	0	48.0	0	0.6	0.1
2026-09-16T01:58:00+02:00	0	0.0	sleep	1	bedroom	0.89	7.28	6.93	9.00	0	0	0	0	0	0	0	47.2	0	0.6	0.5
2026-09-16T01:59:00+02:00	0	0.0	sleep	1	bedroom	1.05	7.51	6.06	8.70	0	0	0	0	0	0	0	47.8	0	0.5	0.5
2026-09-16T02:00:00+02:00	0	0.0	sleep	1	bedroom	1.19	7.64	6.75	9.15	0	0	0	0	0	0	0	47.7	0	0.6	0.3
2026-09-16T02:01:00+02:00	0	0.0	sleep	1	bedroom	1.48	7.52	6.39	8.95	0	0	0	0	0	0	0	47.6	0	0.7	0.3
2026-09-16T02:02:00+02:00	0	0.0	sleep	1	bedroom	1.45	7.29	6.04	9.35	0	0	0	0	0	0	0	47.4	0	0.6	0.2
2026-09-16T02:03:00+02:00	0	0.0	sleep	1	bedroom	1.09	7.49	6.98	9.14	0	0	0	0	0	0	0	47.3	0	0.6	0.2
2026-09-16T02:04:00+02:00	0	0.0	sleep	1	bedroom	0.94	7.11	6.09	8.56	0	0	0	0	0	0	0	47.3	0	0.6	0.3
2026-09-16T02:05:00+02:00	0	0.0	sleep	1	bedroom	0.77	7.61	6.40	9.23	0	0	0	0	0	0	0	48.0	0	0.6	0.5
2026-09-16T02:06:00+02:00	0	0.0	sleep	1	bedroom	1.19	7.67	6.85	9.49	0	0	0	0	0	0	0	47.3	0	0.6	0.4
2026-09-16T02:07:00+02:00	0	0.0	sleep	1	bedroom	1.18	7.59	6.82	8.74	0	0	0	0	0	0	0	47.8	0	0.6	0.1
2026-09-16T02:08:00+02:00	0	0.0	sleep	1	bedroom	1.48	7.70	6.52	8.70	0	0	0	0	0	0	0	47.6	0	0.6	0.1
2026-09-16T02:09:00+02:00	0	0.0	sleep	1	bedroom	1.41	7.61	6.94	8.71	0	0	0	0	0	0	0	47.3	0	0.6	0.2
2026-09-16T02:10:00+02:00	0	0.0	sleep	1	bedroom	1.22	7.33	6.75	8.51	0	0	0	0	0	0	0	48.0	0	0.6	0.2
2026-09-16T02:11:00+02:00	0	0.0	sleep	1	bedroom	0.71	7.13	6.27	8.61	0	0	0	0	0	0	0	47.4	0	0.6	0.5
2026-09-16T02:12:00+02:00	0	0.0	sleep	1	bedroom	0.90	7.16	6.16	9.10	0	0	0	0	0	0	0	47.5	0	0.6	0.4
2026-09-16T02:13:00+02:00	0	0.0	sleep	1	bedroom	1.41	7.58	6.36	8.89	0	0	0	0	0	0	0	47.5	0	0.6	0.3
2026-09-16T02:14:00+02:00	0	0.0	sleep	1	bedroom	1.48	7.07	6.82	9.08	0	0	0	0	0	0	0	47.6	0	0.6	0.2
2026-09-16T02:15:00+02:00	0	0.0	sleep	1	bedroom	1.28	7.19	6.39	9.49	0	0	0	0	0	0	0	47.5	0	0.5	0.4
2026-09-16T02:16:00+02:00	0	0.0	sleep	1	bedroom	1.25	7.72	6.51	9.25	0	0	0	0	0	0	0	47.9	0	0.6	0.4
2026-09-16T02:17:00+02:00	0	0.0	sleep	1	bedroom	1.15	7.24	6.33	8.60	0	0	0	0	0	0	0	48.1	0	0.6	0.3
2026-09-16T02:18:00+02:00	0	0.0	sleep	1	bedroom	1.37	7.26	6.21	8.76	0	0	0	0	0	0	0	47.6	0	0.6	0.4
2026-09-16T02:19:00+02:00	0	0.0	sleep	1	bedroom	1.32	7.18	6.35	9.21	0	0	0	0	0	0	0	47.3	0	0.7	0.4
2026-09-16T02:20:00+02:00	0	0.0	sleep	1	bedroom	1.36	7.34	6.87	8.72	0	0	0	0	0	0	0	47.8	0	0.6	0.2
2026-09-16T02:21:00+02:00	0	0.0	sleep	1	bedroom	1.15	7.56	6.12	8.79	0	0	0	0	0	0	0	47.5	0	0.6	0.1
2026-09-16T02:22:00+02:00	0	0.0	sleep	1	bedroom	0.72	7.61	6.75	8.63	0	0	0	0	0	0	0	47.6	0	0.5	0.5
2026-09-16T02:23:00+02:00	0	0.0	sleep	1	bedroom	1.21	7.63	6.53	9.35	0	0	0	0	0	0	0	48.1	0	0.5	0.3
2026-09-16T02:24:00+02:00	0	0.0	sleep	1	bedroom	1.24	7.19	6.75	8.55	0	0	0	0	0	0	0	47.8	0	0.6	0.4
2026-09-16T02:25:00+02:00	0	0.0	sleep	1	bedroom	0.73	7.36	6.25	9.41	0	0	0	0	0	0	0	47.7	0	0.6	0.2
2026-09-16T02:26:00+02:00	0	0.0	sleep	1	bedroom	1.03	7.40	6.60	9.33	0	0	0	0	0	0	0	48.1	0	0.7	0.3
2026-09-16T02:27:00+02:00	0	0.0	sleep	1	bedroom	1.06	7.47	6.32	8.84	0	0	0	0	0	0	0	48.0	0	0.6	0.2
2026-09-16T02:28:00+02:00	0	0.0	sleep	1	bedroom	0.89	7.14	6.59	8.83	0	0	0	0	0	0	0	48.0	0	0.6	0.4
2026-09-16T02:29:00+02:00	0	0.0	sleep	1	bedroom	1.07	7.51	6.06	8.73	0	0	0	0	0	0	0	48.1	0	0.6	0.2
2026-09-16T02:30:00+02:00	0	0.0	sleep	1	bedroom	1.05	7.69	6.07	8.54	0	0	0	0	0	0	0	47.9	0	0.6	0.4
2026-09-16T02:31:00+02:00	0	0.0	sleep	1	bedroom	1.00	7.38	6.34	8.71	0	0	0	0	0	0	0	47.8	0	0.6	0.1
2026-09-16T02:32:00+02:00	0	0.0	sleep	1	bedroom	0.88	7.20	6.27	9.00	0	0	0	0	0	0	0	48.1	0	0.6	0.2
2026-09-16T02:33:00+02:00	0	0.0	sleep	1	bedroom	1.31	7.78	6.03	9.12	0	0	0	0	0	0	0	47.5	0	0.6	0.1
2026-09-16T02:34:00+02:00	0	0.0	sleep	1	bedroom	0.75	7.17	6.67	8.53	0	0	0	0	0	0	0	47.9	0	0.6	0.2
2026-09-16T02:35:00+02:00	0	0.0	sleep	1	bedroom	0.81	7.06	6.09	9.46	0	0	0	0	0	0	0	47.8	0	0.6	0.3
2026-09-16T02:36:00+02:00	0	0.0	sleep	1	bedroom	0.86	7.14	6.63	9.14	0	0	0	0	0	0	0	47.9	0	0.7	0.1
2026-09-16T02:37:00+02:00	0	0.0	sleep	1	bedroom	1.18	7.65	6.94	9.02	0	0	0	0	0	0	0	48.1	0	0.6	0.2
2026-09-16T02:38:00+02:00	0	0.0	sleep	1	bedroom	0.79	7.13	6.12	9.29	0	0	0	0	0	0	0	47.4	0	0.6	0.5
2026-09-16T02:39:00+02:00	0	0.0	sleep	1	bedroom	1.14	7.59	6.13	8.53	0	0	0	0	0	0	0	47.4	0	0.6	0.3
2026-09-16T02:40:00+02:00	0	0.0	sleep	1	bedroom	1.14	7.33	6.81	9.48	0	0	0	0	0	0	0	48.0	0	0.6	0.4
2026-09-16T02:41:00+02:00	0	0.0	sleep	1	bedroom	0.76	7.05	6.20	8.57	0	0	0	0	0	0	0	47.6	0	0.6	0.4
2026-09-16T02:42:00+02:00	0	0.0	sleep	1	bedroom	0.80	7.05	6.94	9.42	0	0	0	0	0	0	0	47.7	0	0.5	0.2
2026-09-16T02:43:00+02:00	0	0.0	sleep	1	bedroom	1.22	7.19	6.36	8.86	0	0	0	0	0	0	0	48.0	0	0.6	0.3
2026-09-16T02:44:00+02:00	0	0.0	sleep	1	bedroom	0.93	7.58	6.01	8.81	0	0	0	0	0	0	0	47.7	0	0.5	0.4
2026-09-16T02:45:00+02:00	1	0.7	sleep	1	bedroom	1.21	7.72	6.89	9.25	1	0	0	0	0	0	0	47.5	0	0.6	0.4
2026-09-16T02:46:00+02:00	0	0.0	sleep	1	bedroom	0.74	7.53	6.24	9.21	0	0	0	0	0	0	0	47.4	0	0.6	0.3
2026-09-16T02:47:00+02:00	0	0.0	sleep	1	bedroom	1.09	7.01	6.20	8.72	0	0	0	0	0	0	0	48.0	0	0.6	0.3
2026-09-16T02:48:00+02:00	0	0.0	sleep	1	bedroom	0.92	7.16	6.92	8.57	0	0	0	0	0	0	0	47.4	0	0.6	0.2
2026-09-16T02:49:00+02:00	0	0.0	sleep	1	bedroom	1.26	7.35	6.64	9.03	0	0	0	0	0	0	0	48.0	0	0.6	0.4
2026-09-16T02:50:00+02:00	0	0.0	sleep	1	bedroom	1.20	7.79	6.79	8.96	0	0	0	0	0	0	0	47.5	0	0.6	0.2
2026-09-16T02:51:00+02:00	0	0.0	sleep	1	bedroom	0.95	7.30	6.43	9.17	0	0	0	0	0	0	0	47.6	0	0.6	0.2
2026-09-16T02:52:00+02:00	0	0.0	sleep	1	bedroom	1.42	7.62	6.46	8.82	0	0	0	0	0	0	0	47.9	0	0.6	0.4
2026-09-16T02:53:00+02:00	0	0.0	sleep	1	bedroom	0.78	7.63	6.53	8.91	0	0	0	0	0	0	0	47.9	0	0.7	0.5
2026-09-16T02:54:00+02:00	0	0.0	sleep	1	bedroom	1.23	7.31	6.78	9.13	0	0	0	0	0	0	0	48.1	0	0.6	0.1
2026-09-16T02:55:00+02:00	0	0.0	sleep	1	bedroom	0.83	7.30	6.27	8.64	0	0	0	0	0	0	0	47.6	0	0.6	0.3
2026-09-16T02:56:00+02:00	2	1.3	sleep	1	bedroom	0.84	7.55	6.22	8.56	1	0	0	0	0	0	0	47.5	0	0.6	0.3
2026-09-16T02:57:00+02:00	0	0.0	sleep	1	bedroom	1.29	7.01	6.51	9.29	0	0	0	0	0	0	0	47.6	0	0.7	0.5
2026-09-16T02:58:00+02:00	0	0.0	sleep	1	bedroom	1.32	7.37	6.72	9.45	0	0	0	0	0	0	0	47.9	0	0.7	0.2
2026-09-16T02:59:00+02:00	0	0.0	sleep	1	bedroom	1.15	7.78	6.94	8.69	0	0	0	0	0	0	0	47.6	0	0.6	0.2
2026-09-16T03:00:00+02:00	0	0.0	sleep	1	bedroom	1.46	7.00	6.19	9.21	0	0	0	0	0	0	0	48.2	0	0.6	0.3
2026-09-16T03:01:00+02:00	0	0.0	sleep	1	bedroom	1.28	7.06	6.19	9.37	0	0	0	0	0	0	0	47.7	0	0.6	0.3
2026-09-16T03:02:00+02:00	0	0.0	sleep	1	bedroom	1.16	7.21	6.30	9.38	0	0	0	0	0	0	0	47.6	0	0.6	0.4
2026-09-16T03:03:00+02:00	0	0.0	sleep	1	bedroom	0.80	7.71	6.49	9.48	0	0	0	0	0	0	0	48.2	0	0.6	0.4
2026-09-16T03:04:00+02:00	0	0.0	sleep	1	bedroom	1.39	7.26	6.15	9.28	0	0	0	0	0	0	0	47.8	0	0.6	0.4
2026-09-16T03:05:00+02:00	0	0.0	sleep	1	bedroom	1.47	7.03	6.19	9.29	0	0	0	0	0	0	0	47.8	0	0.6	0.3
2026-09-16T03:06:00+02:00	0	0.0	sleep	1	bedroom	0.73	7.29	6.89	9.19	0	0	0	0	0	0	0	47.9	0	0.6	0.4
2026-09-16T03:07:00+02:00	0	0.0	sleep	1	bedroom	1.45	7.12	6.21	9.17	0	0	0	0	0	0	0	47.8	0	0.6	0.4
2026-09-16T03:08:00+02:00	0	0.0	sleep	1	bedroom	1.47	7.56	6.67	9.49	0	0	0	0	0	0	0	48.2	0	0.5	0.1
2026-09-16T03:09:00+02:00	0	0.0	sleep	1	bedroom	0.79	7.60	6.06	9.10	0	0	0	0	0	0	0	47.8	0	0.5	0.4
2026-09-16T03:10:00+02:00	0	0.0	sleep	1	bedroom	1.30	7.62	6.38	9.27	0	0	0	0	0	0	0	47.9	0	0.6	0.3
2026-09-16T03:11:00+02:00	0	0.0	sleep	1	bedroom	1.33	7.55	6.97	8.97	0	0	0	0	0	0	0	47.6	0	0.6	0.4
2026-09-16T03:12:00+02:00	0	0.0	sleep	1	bedroom	1.29	7.45	6.69	9.48	0	0	0	0	0	0	0	48.1	0	0.6	0.4
2026-09-16T03:13:00+02:00	0	0.0	sleep	1	bedroom	1.23	7.46	6.65	8.97	0	0	0	0	0	0	0	47.7	0	0.6	0.5
2026-09-16T03:14:00+02:00	0	0.0	sleep	1	bedroom	1.28	7.38	6.40	8.67	0	0	0	0	0	0	0	47.7	0	0.6	0.5
2026-09-16T03:15:00+02:00	0	0.0	sleep	1	bedroom	0.97	7.35	6.52	8.99	0	0	0	0	0	0	0	47.6	0	0.5	0.1
2026-09-16T03:16:00+02:00	0	0.0	sleep	1	bedroom	1.27	7.53	6.07	8.68	0	0	0	0	0	0	0	48.1	0	0.6	0.1
2026-09-16T03:17:00+02:00	0	0.0	sleep	1	bedroom	1.33	7.42	6.91	9.00	0	0	0	0	0	0	0	48.1	0	0.6	0.1
2026-09-16T03:18:00+02:00	0	0.0	sleep	1	bedroom	1.01	7.17	6.17	9.01	0	0	0	0	0	0	0	47.8	0	0.6	0.3
2026-09-16T03:19:00+02:00	0	0.0	sleep	1	bedroom	0.99	7.67	6.80	9.11	0	0	0	0	0	0	0	47.9	0	0.6	0.3
2026-09-16T03:20:00+02:00	0	0.0	sleep	1	bedroom	0.88	7.11	6.99	9.49	0	0	0	0	0	0	0	48.2	0	0.6	0.1
2026-09-16T03:21:00+02:00	0	0.0	sleep	1	bedroom	0.90	7.39	6.45	9.18	0	0	0	0	0	0	0	48.2	0	0.6	0.5
2026-09-16T03:22:00+02:00	0	0.0	sleep	1	bedroom	1.12	7.03	6.89	8.83	0	0	0	0	0	0	0	47.7	0	0.7	0.4
2026-09-16T03:23:00+02:00	0	0.0	sleep	1	bedroom	1.04	7.13	6.30	8.65	0	0	0	0	0	0	0	47.7	0	0.6	0.2
2026-09-16T03:24:00+02:00	0	0.0	sleep	1	bedroom	0.83	7.04	6.96	9.08	0	0	0	0	0	0	0	47.8	0	0.6	0.1
2026-09-16T03:25:00+02:00	0	0.0	sleep	1	bedroom	1.25	7.31	6.62	9.17	0	0	0	0	0	0	0	47.6	0	0.6	0.3
2026-09-16T03:26:00+02:00	0	0.0	sleep	1	bedroom	1.32	7.52	6.63	8.93	0	0	0	0	0	0	0	48.3	0	0.6	0.2
2026-09-16T03:27:00+02:00	0	0.0	sleep	1	bedroom	0.70	7.07	6.55	9.44	0	0	0	0	0	0	0	47.7	0	0.6	0.4
2026-09-16T03:28:00+02:00	0	0.0	sleep	1	bedroom	1.37	7.39	6.95	9.09	0	0	0	0	0	0	0	47.7	0	0.6	0.3
2026-09-16T03:29:00+02:00	0	0.0	sleep	1	bedroom	1.06	7.54	6.88	8.83	0	0	0	0	0	0	0	48.0	0	0.6	0.4
2026-09-16T03:30:00+02:00	0	0.0	sleep	1	bedroom	1.08	7.09	6.25	9.07	0	0	0	0	0	0	0	48.3	0	0.6	0.4
2026-09-16T03:31:00+02:00	0	0.0	sleep	1	bedroom	1.19	7.49	6.64	9.44	0	0	0	0	0	0	0	47.6	0	0.6	0.3
2026-09-16T03:32:00+02:00	0	0.0	sleep	1	bedroom	1.07	7.11	6.92	9.22	0	0	0	0	0	0	0	48.2	0	0.6	0.1
2026-09-16T03:33:00+02:00	0	0.0	sleep	1	bedroom	1.19	7.48	6.97	9.48	0	0	0	0	0	0	0	47.9	0	0.7	0.4
2026-09-16T03:34:00+02:00	0	0.0	sleep	1	bedroom	1.35	7.44	6.93	9.05	0	0	0	0	0	0	0	47.8	0	0.6	0.2
2026-09-16T03:35:00+02:00	0	0.0	sleep	1	bedroom	1.18	7.28	6.30	9.02	0	0	0	0	0	0	0	48.3	0	0.6	0.4
2026-09-16T03:36:00+02:00	1	0.7	sleep	1	bedroom	1.25	7.60	6.74	9.49	1	0	0	0	0	0	0	48.2	0	0.6	0.3
2026-09-16T03:37:00+02:00	0	0.0	sleep	1	bedroom	0.76	7.79	7.00	8.80	0	0	0	0	0	0	0	47.9	0	0.5	0.5
2026-09-16T03:38:00+02:00	0	0.0	sleep	1	bedroom	1.42	7.15	6.53	9.14	0	0	0	0	0	0	0	48.4	0	0.6	0.5
2026-09-16T03:39:00+02:00	0	0.0	sleep	1	bedroom	1.22	7.65	6.16	8.96	0	0	0	0	0	0	0	47.9	0	0.6	0.5
2026-09-16T03:40:00+02:00	0	0.0	sleep	1	bedroom	1.25	7.27	6.70	8.54	0	0	0	0	0	0	0	47.6	0	0.6	0.2
2026-09-16T03:41:00+02:00	0	0.0	sleep	1	bedroom	0.76	7.28	6.18	8.53	0	0	0	0	0	0	0	47.8	0	0.5	0.4
2026-09-16T03:42:00+02:00	0	0.0	sleep	1	bedroom	1.31	7.47	6.22	9.38	0	0	0	0	0	0	0	48.1	0	0.5	0.2
2026-09-16T03:43:00+02:00	0	0.0	sleep	1	bedroom	1.50	7.06	6.96	9.28	0	0	0	0	0	0	0	47.9	0	0.5	0.4
2026-09-16T03:44:00+02:00	0	0.0	sleep	1	bedroom	1.25	7.33	6.10	9.18	0	0	0	0	0	0	0	48.0	0	0.5	0.2
2026-09-16T03:45:00+02:00	0	0.0	sleep	1	bedroom	1.42	7.35	6.97	9.45	0	0	0	0	0	0	0	48.0	0	0.5	0.2
2026-09-16T03:46:00+02:00	0	0.0	sleep	1	bedroom	1.47	7.35	6.10	9.07	0	0	0	0	0	0	0	47.6	0	0.6	0.5
2026-09-16T03:47:00+02:00	0	0.0	sleep	1	bedroom	1.48	7.13	6.46	8.92	0	0	0	0	0	0	0	47.8	0	0.6	0.4
2026-09-16T03:48:00+02:00	0	0.0	sleep	1	bedroom	1.21	7.21	6.43	9.01	0	0	0	0	0	0	0	47.7	0	0.6	0.3
2026-09-16T03:49:00+02:00	0	0.0	sleep	1	bedroom	1.35	7.17	6.49	8.56	0	0	0	0	0	0	0	48.4	0	0.6	0.5
2026-09-16T03:50:00+02:00	0	0.0	sleep	1	bedroom	1.00	7.14	6.06	9.27	0	0	0	0	0	0	0	47.9	0	0.6	0.3
2026-09-16T03:51:00+02:00	0	0.0	sleep	1	bedroom	1.09	7.53	6.49	9.26	0	0	0	0	0	0	0	48.3	0	0.6	0.3
2026-09-16T03:52:00+02:00	0	0.0	sleep	1	bedroom	0.70	7.39	6.40	8.74	0	0	0	0	0	0	0	47.9	0	0.5	0.2
2026-09-16T03:53:00+02:00	0	0.0	sleep	1	bedroom	1.33	7.13	6.92	9.13	0	0	0	0	0	0	0	48.3	0	0.6	0.3
2026-09-16T03:54:00+02:00	0	0.0	sleep	1	bedroom	0.82	7.33	6.84	9.19	0	0	0	0	0	0	0	48.4	0	0.5	0.2
2026-09-16T03:55:00+02:00	0	0.0	sleep	1	bedroom	1.44	7.23	6.14	8.54	0	0	0	0	0	0	0	48.3	0	0.6	0.3
2026-09-16T03:56:00+02:00	0	0.0	sleep	1	bedroom	0.77	7.29	6.61	8.73	0	0	0	0	0	0	0	48.3	0	0.6	0.4
2026-09-16T03:57:00+02:00	0	0.0	sleep	1	bedroom	1.00	7.36	6.80	8.87	0	0	0	0	0	0	0	48.3	0	0.6	0.3
2026-09-16T03:58:00+02:00	0	0.0	sleep	1	bedroom	0.94	7.42	6.31	9.02	0	0	0	0	0	0	0	48.1	0	0.6	0.2
2026-09-16T03:59:00+02:00	0	0.0	sleep	1	bedroom	1.32	7.54	6.08	8.78	0	0	0	0	0	0	0	48.1	0	0.6	0.2
2026-09-16T04:00:00+02:00	0	0.0	sleep	1	bedroom	1.10	7.55	6.62	8.94	0	0	0	0	0	0	0	47.9	0	0.6	0.4
2026-09-16T04:01:00+02:00	0	0.0	sleep	1	bedroom	0.75	7.72	6.13	9.23	0	0	0	0	0	0	0	48.4	0	0.6	0.3
2026-09-16T04:02:00+02:00	0	0.0	sleep	1	bedroom	1.02	7.43	6.60	9.20	0	0	0	0	0	0	0	48.2	0	0.6	0.1
2026-09-16T04:03:00+02:00	0	0.0	sleep	1	bedroom	1.29	7.40	6.65	9.39	0	0	0	0	0	0	0	47.9	0	0.7	0.2
2026-09-16T04:04:00+02:00	0	0.0	sleep	1	bedroom	1.19	7.68	6.59	9.10	0	0	0	0	0	0	0	48.4	0	0.6	0.2
2026-09-16T04:05:00+02:00	0	0.0	sleep	1	bedroom	1.05	7.40	6.46	8.75	0	0	0	0	0	0	0	48.5	0	0.6	0.4
2026-09-16T04:06:00+02:00	0	0.0	sleep	1	bedroom	1.31	7.47	6.32	9.20	0	0	0	0	0	0	0	48.3	0	0.6	0.2
2026-09-16T04:07:00+02:00	0	0.0	sleep	1	bedroom	0.82	7.78	6.70	9.46	0	0	0	0	0	0	0	48.1	0	0.6	0.4
2026-09-16T04:08:00+02:00	0	0.0	sleep	1	bedroom	1.25	7.58	6.95	9.02	0	0	0	0	0	0	0	47.8	0	0.6	0.3
2026-09-16T04:09:00+02:00	0	0.0	sleep	1	bedroom	0.80	7.30	6.28	8.51	0	0	0	0	0	0	0	47.8	0	0.6	0.2
2026-09-16T04:10:00+02:00	0	0.0	sleep	1	bedroom	1.00	7.09	6.57	9.44	0	0	0	0	0	0	0	47.8	0	0.6	0.4
2026-09-16T04:11:00+02:00	0	0.0	sleep	1	bedroom	1.13	7.56	6.99	8.86	0	0	0	0	0	0	0	48.1	0	0.5	0.1
2026-09-16T04:12:00+02:00	0	0.0	sleep	1	bedroom	1.39	7.47	6.93	9.03	0	0	0	0	0	0	0	47.9	0	0.6	0.5
2026-09-16T04:13:00+02:00	0	0.0	sleep	1	bedroom	1.02	7.25	6.52	8.93	0	0	0	0	0	0	0	48.2	0	0.6	0.4
2026-09-16T04:14:00+02:00	0	0.0	sleep	1	bedroom	1.13	7.62	6.52	9.11	0	0	0	0	0	0	0	47.7	0	0.6	0.4
2026-09-16T04:15:00+02:00	0	0.0	sleep	1	bedroom	1.22	7.27	6.53	8.60	0	0	0	0	0	0	0	47.8	0	0.6	0.5
2026-09-16T04:16:00+02:00	0	0.0	sleep	1	bedroom	0.86	7.09	6.58	9.04	0	0	0	0	0	0	0	47.8	0	0.6	0.3
2026-09-16T04:17:00+02:00	0	0.0	sleep	1	bedroom	1.31	7.42	6.77	8.64	0	0	0	0	0	0	0	48.3	0	0.7	0.2
2026-09-16T04:18:00+02:00	0	0.0	sleep	1	bedroom	1.39	7.50	6.58	8.84	0	0	0	0	0	0	0	48.2	0	0.6	0.1
2026-09-16T04:19:00+02:00	0	0.0	sleep	1	bedroom	1.35	7.34	6.34	9.30	0	0	0	0	0	0	0	47.9	0	0.6	0.3
2026-09-16T04:20:00+02:00	0	0.0	sleep	1	bedroom	1.11	7.14	6.92	8.85	0	0	0	0	0	0	0	48.3	0	0.6	0.4
2026-09-16T04:21:00+02:00	0	0.0	sleep	1	bedroom	0.73	7.08	6.67	9.06	0	0	0	0	0	0	0	48.1	0	0.5	0.2
2026-09-16T04:22:00+02:00	0	0.0	sleep	1	bedroom	0.74	7.75	6.62	8.57	0	0	0	0	0	0	0	48.0	0	0.5	0.4
2026-09-16T04:23:00+02:00	0	0.0	sleep	1	bedroom	0.79	7.41	6.35	9.45	0	0	0	0	0	0	0	48.5	0	0.6	0.2
2026-09-16T04:24:00+02:00	0	0.0	sleep	1	bedroom	1.23	7.03	6.30	8.65	0	0	0	0	0	0	0	47.9	0	0.7	0.5
2026-09-16T04:25:00+02:00	0	0.0	sleep	1	bedroom	1.24	7.26	6.64	9.00	0	0	0	0	0	0	0	48.3	0	0.6	0.1
2026-09-16T04:26:00+02:00	0	0.0	sleep	1	bedroom	1.46	7.68	6.69	9.02	0	0	0	0	0	0	0	48.2	0	0.6	0.4
2026-09-16T04:27:00+02:00	0	0.0	sleep	1	bedroom	0.99	7.26	6.61	8.97	0	0	0	0	0	0	0	47.8	0	0.6	0.4
2026-09-16T04:28:00+02:00	0	0.0	sleep	1	bedroom	1.11	7.09	6.84	8.65	0	0	0	0	0	0	0	48.3	0	0.6	0.2
2026-09-16T04:29:00+02:00	0	0.0	sleep	1	bedroom	0.94	7.71	6.67	9.38	0	0	0	0	0	0	0	47.8	0	0.5	0.1
2026-09-16T04:30:00+02:00	1	0.7	sleep	1	bedroom	1.36	7.09	6.20	9.16	1	0	0	0	0	0	0	48.1	0	0.5	0.3
2026-09-16T04:31:00+02:00	0	0.0	sleep	1	bedroom	1.16	7.69	6.80	9.42	0	0	0	0	0	0	0	48.0	0	0.6	0.4
2026-09-16T04:32:00+02:00	0	0.0	sleep	1	bedroom	0.98	7.75	6.05	9.48	0	0	0	0	0	0	0	47.9	0	0.7	0.4
2026-09-16T04:33:00+02:00	0	0.0	sleep	1	bedroom	1.14	7.06	6.30	8.73	0	0	0	0	0	0	0	47.8	0	0.7	0.5
2026-09-16T04:34:00+02:00	0	0.0	sleep	1	bedroom	0.93	7.10	6.82	8.59	0	0	0	0	0	0	0	47.8	0	0.6	0.3
2026-09-16T04:35:00+02:00	0	0.0	sleep	1	bedroom	1.40	7.13	6.30	9.28	0	0	0	0	0	0	0	47.8	0	0.6	0.2
2026-09-16T04:36:00+02:00	0	0.0	sleep	1	bedroom	0.76	7.77	6.69	9.20	0	0	0	0	0	0	0	48.4	0	0.6	0.4
2026-09-16T04:37:00+02:00	0	0.0	sleep	1	bedroom	1.45	7.25	6.25	8.78	0	0	0	0	0	0	0	47.8	0	0.6	0.2
2026-09-16T04:38:00+02:00	0	0.0	sleep	1	bedroom	0.85	7.11	6.38	8.87	0	0	0	0	0	0	0	47.7	0	0.5	0.4
2026-09-16T04:39:00+02:00	0	0.0	sleep	1	bedroom	1.14	7.17	6.95	9.06	0	0	0	0	0	0	0	48.3	0	0.6	0.1
2026-09-16T04:40:00+02:00	0	0.0	sleep	1	bedroom	1.16	7.46	6.95	8.69	0	0	0	0	0	0	0	48.4	0	0.6	0.2
2026-09-16T04:41:00+02:00	0	0.0	sleep	1	bedroom	0.98	7.29	6.99	8.69	0	0	0	0	0	0	0	47.9	0	0.7	0.4
2026-09-16T04:42:00+02:00	0	0.0	sleep	1	bedroom	0.94	7.44	6.58	8.79	0	0	0	0	0	0	0	48.0	0	0.6	0.1
2026-09-16T04:43:00+02:00	0	0.0	sleep	1	bedroom	1.09	7.40	6.47	8.60	0	0	0	0	0	0	0	48.5	0	0.6	0.5
2026-09-16T04:44:00+02:00	0	0.0	sleep	1	bedroom	0.81	7.40	6.96	8.90	0	0	0	0	0	0	0	48.1	0	0.6	0.3
2026-09-16T04:45:00+02:00	0	0.0	sleep	1	bedroom	1.44	7.04	6.50	9.49	0	0	0	0	0	0	0	48.2	0	0.6	0.2
2026-09-16T04:46:00+02:00	0	0.0	sleep	1	bedroom	1.01	7.49	6.15	9.36	0	0	0	0	0	0	0	47.8	0	0.6	0.1
2026-09-16T04:47:00+02:00	0	0.0	sleep	1	bedroom	1.00	7.36	6.40	8.73	0	0	0	0	0	0	0	48.1	0	0.6	0.2
2026-09-16T04:48:00+02:00	0	0.0	sleep	1	bedroom	1.47	7.45	6.08	8.73	0	0	0	0	0	0	0	48.0	0	0.6	0.2
2026-09-16T04:49:00+02:00	0	0.0	sleep	1	bedroom	1.11	7.45	6.02	8.53	0	0	0	0	0	0	0	48.4	0	0.5	0.5
2026-09-16T04:50:00+02:00	0	0.0	sleep	1	bedroom	1.29	7.49	6.28	9.38	0	0	0	0	0	0	0	47.9	0	0.6	0.4
2026-09-16T04:51:00+02:00	0	0.0	sleep	1	bedroom	1.34	7.09	6.77	8.89	0	0	0	0	0	0	0	48.0	0	0.6	0.3
2026-09-16T04:52:00+02:00	0	0.0	sleep	1	bedroom	0.90	7.23	6.20	8.54	0	0	0	0	0	0	0	48.0	0	0.6	0.2
2026-09-16T04:53:00+02:00	0	0.0	sleep	1	bedroom	1.46	7.03	6.06	8.86	0	0	0	0	0	0	0	48.1	0	0.7	0.3
2026-09-16T04:54:00+02:00	0	0.0	sleep	1	bedroom	1.15	7.56	6.25	9.19	0	0	0	0	0	0	0	48.5	0	0.6	0.2
2026-09-16T04:55:00+02:00	0	0.0	sleep	1	bedroom	0.84	7.13	6.37	8.74	0	0	0	0	0	0	0	48.1	0	0.6	0.3
2026-09-16T04:56:00+02:00	0	0.0	sleep	1	bedroom	1.23	7.35	6.33	9.50	0	0	0	0	0	0	0	48.1	0	0.6	0.1
2026-09-16T04:57:00+02:00	0	0.0	sleep	1	bedroom	1.30	7.51	6.90	8.86	0	0	0	0	0	0	0	48.5	0	0.6	0.1
2026-09-16T04:58:00+02:00	0	0.0	sleep	1	bedroom	0.87	7.63	6.91	9.35	0	0	0	0	0	0	0	48.2	0	0.7	0.4
2026-09-16T04:59:00+02:00	0	0.0	sleep	1	bedroom	1.04	7.23	6.80	9.34	0	0	0	0	0	0	0	48.1	0	0.6	0.3
2026-09-16T05:00:00+02:00	0	0.0	sleep	1	bedroom	1.14	7.24	6.55	8.70	0	0	0	0	0	0	0	48.0	0	0.6	0.3
2026-09-16T05:01:00+02:00	0	0.0	sleep	1	bedroom	0.99	7.73	6.96	9.44	0	0	0	0	0	0	0	48.0	0	0.6	0.2
2026-09-16T05:02:00+02:00	0	0.0	sleep	1	bedroom	1.03	7.47	6.70	9.07	0	0	0	0	0	0	0	48.4	0	0.6	0.4
2026-09-16T05:03:00+02:00	0	0.0	sleep	1	bedroom	1.41	7.07	6.71	8.90	0	0	0	0	0	0	0	48.1	0	0.7	0.1
2026-09-16T05:04:00+02:00	0	0.0	sleep	1	bedroom	1.43	7.42	6.85	8.98	0	0	0	0	0	0	0	48.5	0	0.6	0.3
2026-09-16T05:05:00+02:00	0	0.0	sleep	1	bedroom	1.14	7.12	6.58	9.26	0	0	0	0	0	0	0	47.9	0	0.6	0.3
2026-09-16T05:06:00+02:00	0	0.0	sleep	1	bedroom	1.36	7.47	6.27	8.73	0	0	0	0	0	0	0	48.1	0	0.6	0.5
2026-09-16T05:07:00+02:00	0	0.0	sleep	1	bedroom	1.44	7.08	6.03	9.14	0	0	0	0	0	0	0	48.2	0	0.6	0.4
2026-09-16T05:08:00+02:00	0	0.0	sleep	1	bedroom	1.42	7.74	6.23	8.87	0	0	0	0	0	0	0	48.3	0	0.6	0.4
2026-09-16T05:09:00+02:00	0	0.0	sleep	1	bedroom	1.01	7.79	6.07	8.80	0	0	0	0	0	0	0	48.0	0	0.6	0.2
2026-09-16T05:10:00+02:00	0	0.0	sleep	1	bedroom	1.13	7.46	6.94	8.81	0	0	0	0	0	0	0	48.4	0	0.6	0.5
2026-09-16T05:11:00+02:00	0	0.0	sleep	1	bedroom	0.79	7.64	6.03	8.71	0	0	0	0	0	0	0	48.4	0	0.6	0.4
2026-09-16T05:12:00+02:00	0	0.0	sleep	1	bedroom	0.95	7.35	6.32	9.20	0	0	0	0	0	0	0	47.9	0	0.6	0.3
2026-09-16T05:13:00+02:00	0	0.0	sleep	1	bedroom	0.76	7.47	6.09	9.20	0	0	0	0	0	0	0	48.2	0	0.6	0.3
2026-09-16T05:14:00+02:00	0	0.0	sleep	1	bedroom	1.15	7.04	6.46	9.08	0	0	0	0	0	0	0	48.0	0	0.7	0.1
2026-09-16T05:15:00+02:00	0	0.0	sleep	1	bedroom	0.78	7.26	6.55	9.25	0	0	0	0	0	0	0	48.1	0	0.5	0.4
2026-09-16T05:16:00+02:00	0	0.0	sleep	1	bedroom	1.06	7.15	6.29	9.23	0	0	0	0	0	0	0	48.5	0	0.6	0.4
2026-09-16T05:17:00+02:00	0	0.0	sleep	1	bedroom	1.17	7.08	6.68	9.23	0	0	0	0	0	0	0	48.1	0	0.7	0.5
2026-09-16T05:18:00+02:00	0	0.0	sleep	1	bedroom	0.89	7.40	6.02	8.89	0	0	0	0	0	0	0	48.4	0	0.6	0.3
2026-09-16T05:19:00+02:00	0	0.0	sleep	1	bedroom	0.99	7.41	6.68	9.08	0	0	0	0	0	0	0	48.5	0	0.6	0.4
2026-09-16T05:20:00+02:00	0	0.0	sleep	1	bedroom	0.84	7.32	6.71	9.36	0	0	0	0	0	0	0	48.0	0	0.6	0.5
2026-09-16T05:21:00+02:00	0	0.0	sleep	1	bedroom	1.27	7.15	6.57	8.90	0	0	0	0	0	0	0	48.3	0	0.6	0.3
2026-09-16T05:22:00+02:00	0	0.0	sleep	1	bedroom	0.82	7.44	6.29	8.81	0	0	0	0	0	0	0	48.5	0	0.6	0.3
2026-09-16T05:23:00+02:00	0	0.0	sleep	1	bedroom	1.19	7.43	6.76	8.57	0	0	0	0	0	0	0	48.5	0	0.6	0.3
2026-09-16T05:24:00+02:00	0	0.0	sleep	1	bedroom	0.87	7.47	6.92	8.72	0	0	0	0	0	0	0	48.0	0	0.6	0.2
2026-09-16T05:25:00+02:00	0	0.0	sleep	1	bedroom	0.79	7.75	6.46	9.38	0	0	0	0	0	0	0	48.6	0	0.7	0.1
2026-09-16T05:26:00+02:00	0	0.0	sleep	1	bedroom	0.72	7.30	6.91	9.04	0	0	0	0	0	0	0	47.8	0	0.6	0.3
2026-09-16T05:27:00+02:00	0	0.0	sleep	1	bedroom	1.13	7.74	6.54	8.60	0	0	0	0	0	0	0	47.9	0	0.6	0.2
2026-09-16T05:28:00+02:00	0	0.0	sleep	1	bedroom	1.39	7.22	6.65	9.32	0	0	0	0	0	0	0	48.6	0	0.5	0.1
2026-09-16T05:29:00+02:00	0	0.0	sleep	1	bedroom	1.08	7.26	6.58	9.36	0	0	0	0	0	0	0	48.2	0	0.6	0.2
2026-09-16T05:30:00+02:00	0	0.0	sleep	1	bedroom	1.17	7.70	6.90	9.34	0	0	0	0	0	0	0	48.1	0	0.6	0.3
2026-09-16T05:31:00+02:00	0	0.0	sleep	1	bedroom	1.46	7.16	6.77	8.80	0	0	0	0	0	0	0	48.2	0	0.6	0.3
2026-09-16T05:32:00+02:00	0	0.0	sleep	1	bedroom	1.31	7.79	6.35	9.44	0	0	0	0	0	0	0	48.5	0	0.6	0.2
2026-09-16T05:33:00+02:00	0	0.0	sleep	1	bedroom	1.32	7.03	6.61	9.07	0	0	0	0	0	0	0	48.2	0	0.6	0.2
2026-09-16T05:34:00+02:00	0	0.0	sleep	1	bedroom	1.16	7.40	6.78	9.44	0	0	0	0	0	0	0	48.5	0	0.6	0.2
2026-09-16T05:35:00+02:00	0	0.0	sleep	1	bedroom	1.37	7.03	6.63	9.39	0	0	0	0	0	0	0	48.1	0	0.6	0.1
2026-09-16T05:36:00+02:00	0	0.0	sleep	1	bedroom	0.95	7.46	6.29	9.46	0	0	0	0	0	0	0	48.1	0	0.6	0.3
2026-09-16T05:37:00+02:00	0	0.0	sleep	1	bedroom	0.93	7.42	6.70	9.41	0	0	0	0	0	0	0	48.1	0	0.6	0.4
2026-09-16T05:38:00+02:00	0	0.0	sleep	1	bedroom	0.79	7.60	6.34	9.01	0	0	0	0	0	0	0	48.4	0	0.7	0.4
2026-09-16T05:39:00+02:00	0	0.0	sleep	1	bedroom	1.21	7.68	6.72	8.81	0	0	0	0	0	0	0	47.9	0	0.7	0.3
2026-09-16T05:40:00+02:00	0	0.0	sleep	1	bedroom	1.46	7.03	6.27	9.39	0	0	0	0	0	0	0	48.5	0	0.6	0.2
2026-09-16T05:41:00+02:00	0	0.0	sleep	1	bedroom	1.45	7.22	6.39	9.11	0	0	0	0	0	0	0	48.0	0	0.6	0.1
2026-09-16T05:42:00+02:00	0	0.0	sleep	1	bedroom	0.95	7.60	6.43	8.87	0	0	0	0	0	0	0	47.9	0	0.6	0.2
2026-09-16T05:43:00+02:00	1	0.7	sleep	1	bedroom	0.86	7.44	6.01	9.19	1	0	0	0	0	0	0	48.1	0	0.7	0.1
2026-09-16T05:44:00+02:00	0	0.0	sleep	1	bedroom	0.80	7.65	6.24	8.64	0	0	0	0	0	0	0	48.4	0	0.6	0.2
2026-09-16T05:45:00+02:00	0	0.0	sleep	1	bedroom	1.48	7.37	6.27	8.96	0	0	0	0	0	0	0	47.9	0	0.6	0.3
2026-09-16T05:46:00+02:00	0	0.0	sleep	1	bedroom	1.08	7.18	6.37	9.39	0	0	0	0	0	0	0	48.1	0	0.7	0.3
2026-09-16T05:47:00+02:00	0	0.0	sleep	1	bedroom	0.97	7.64	6.07	8.81	0	0	0	0	0	0	0	48.0	0	0.6	0.4
2026-09-16T05:48:00+02:00	0	0.0	sleep	1	bedroom	1.26	7.67	6.96	9.01	0	0	0	0	0	0	0	48.2	0	0.6	0.2
2026-09-16T05:49:00+02:00	0	0.0	sleep	1	bedroom	1.41	7.02	6.69	8.83	0	0	0	0	0	0	0	48.3	0	0.6	0.3
2026-09-16T05:50:00+02:00	0	0.0	sleep	1	bedroom	0.90	7.58	6.14	9.21	0	0	0	0	0	0	0	47.8	0	0.6	0.5
2026-09-16T05:51:00+02:00	0	0.0	sleep	1	bedroom	0.73	7.53	6.45	9.40	0	0	0	0	0	0	0	48.2	0	0.6	0.5
2026-09-16T05:52:00+02:00	0	0.0	sleep	1	bedroom	1.19	7.37	6.65	9.37	0	0	0	0	0	0	0	48.2	0	0.6	0.5
2026-09-16T05:53:00+02:00	0	0.0	sleep	1	bedroom	1.18	7.48	6.81	8.74	0	0	0	0	0	0	0	48.1	0	0.6	0.2
2026-09-16T05:54:00+02:00	0	0.0	sleep	1	bedroom	0.74	7.42	6.75	8.53	0	0	0	0	0	0	0	48.0	0	0.6	0.3
2026-09-16T05:55:00+02:00	0	0.0	sleep	1	bedroom	0.79	7.11	6.15	8.68	0	0	0	0	0	0	0	48.5	0	0.6	0.5
2026-09-16T05:56:00+02:00	0	0.0	sleep	1	bedroom	0.99	7.20	6.28	9.19	0	0	0	0	0	0	0	48.3	0	0.6	0.5
2026-09-16T05:57:00+02:00	0	0.0	sleep	1	bedroom	0.80	7.60	6.33	8.85	0	0	0	0	0	0	0	48.5	0	0.6	0.2
2026-09-16T05:58:00+02:00	0	0.0	sleep	1	bedroom	0.95	7.09	6.78	9.17	0	0	0	0	0	0	0	48.1	0	0.7	0.4
2026-09-16T05:59:00+02:00	0	0.0	sleep	1	bedroom	1.20	7.11	6.60	8.65	0	0	0	0	0	0	0	48.0	0	0.6	0.5
2026-09-16T06:00:00+02:00	0	0.0	sleep	1	bedroom	1.48	7.09	7.00	9.24	0	0	0	0	0	0	0	48.5	0	0.6	0.2
2026-09-16T06:01:00+02:00	0	0.0	sleep	1	bedroom	1.32	7.49	6.69	9.34	0	0	0	0	0	0	0	47.8	0	0.6	0.2
2026-09-16T06:02:00+02:00	0	0.0	sleep	1	bedroom	1.12	7.23	6.60	8.84	0	0	0	0	0	0	0	48.0	0	0.6	0.3
2026-09-16T06:03:00+02:00	0	0.0	sleep	1	bedroom	1.17	7.44	6.81	8.94	0	0	0	0	0	0	0	48.3	0	0.6	0.5
2026-09-16T06:04:00+02:00	0	0.0	sleep	1	bedroom	1.38	7.66	6.91	9.17	0	0	0	0	0	0	0	48.1	0	0.6	0.4
2026-09-16T06:05:00+02:00	0	0.0	sleep	1	bedroom	1.09	7.31	6.92	9.16	0	0	0	0	0	0	0	48.6	0	0.6	0.5
2026-09-16T06:06:00+02:00	0	0.0	sleep	1	bedroom	1.29	7.18	6.60	9.17	0	0	0	0	0	0	0	47.8	0	0.6	0.4
2026-09-16T06:07:00+02:00	0	0.0	sleep	1	bedroom	1.14	7.70	6.43	9.40	0	0	0	0	0	0	0	48.2	0	0.5	0.4
2026-09-16T06:08:00+02:00	0	0.0	sleep	1	bedroom	1.10	7.38	6.89	8.78	0	0	0	0	0	0	0	48.0	0	0.6	0.5
2026-09-16T06:09:00+02:00	0	0.0	sleep	1	bedroom	1.09	7.51	6.73	9.19	0	0	0	0	0	0	0	48.4	0	0.6	0.3
2026-09-16T06:10:00+02:00	0	0.0	sleep	1	bedroom	1.25	7.46	6.77	8.76	0	0	0	0	0	0	0	48.3	0	0.6	0.4
2026-09-16T06:11:00+02:00	0	0.0	sleep	1	bedroom	1.14	7.79	6.60	9.02	0	0	0	0	0	0	0	48.3	0	0.6	0.3
2026-09-16T06:12:00+02:00	0	0.0	sleep	1	bedroom	0.94	7.61	6.72	9.39	0	0	0	0	0	0	0	48.3	0	0.6	0.3
2026-09-16T06:13:00+02:00	0	0.0	sleep	1	bedroom	1.00	7.01	6.76	8.80	0	0	0	0	0	0	0	47.9	0	0.6	0.2
2026-09-16T06:14:00+02:00	0	0.0	sleep	1	bedroom	1.00	7.38	6.03	9.37	0	0	0	0	0	0	0	48.4	0	0.6	0.4
2026-09-16T06:15:00+02:00	0	0.0	sleep	1	bedroom	0.83	7.05	6.10	9.01	0	0	0	0	0	0	0	48.6	0	0.6	0.4
2026-09-16T06:16:00+02:00	0	0.0	sleep	1	bedroom	1.41	7.60	6.16	8.68	0	0	0	0	0	0	0	48.0	0	0.6	0.3
2026-09-16T06:17:00+02:00	0	0.0	sleep	1	bedroom	0.81	7.48	6.75	8.78	0	0	0	0	0	0	0	48.2	0	0.6	0.5
2026-09-16T06:18:00+02:00	0	0.0	sleep	1	bedroom	0.73	7.26	6.94	9.15	0	0	0	0	0	0	0	48.3	0	0.6	0.3
2026-09-16T06:19:00+02:00	0	0.0	sleep	1	bedroom	1.26	7.69	6.54	8.54	0	0	0	0	0	0	0	48.4	0	0.6	0.1
2026-09-16T06:20:00+02:00	0	0.0	sleep	1	bedroom	1.29	7.29	6.75	8.96	0	0	0	0	0	0	0	48.4	0	0.7	0.3
2026-09-16T06:21:00+02:00	0	0.0	sleep	1	bedroom	1.12	7.10	6.24	9.42	0	0	0	0	0	0	0	48.6	0	0.6	0.1
2026-09-16T06:22:00+02:00	0	0.0	sleep	1	bedroom	0.74	7.66	6.83	8.50	0	0	0	0	0	0	0	48.1	0	0.6	0.2
2026-09-16T06:23:00+02:00	0	0.0	sleep	1	bedroom	1.37	7.60	6.18	8.63	0	0	0	0	0	0	0	48.3	0	0.6	0.2
2026-09-16T06:24:00+02:00	0	0.0	sleep	1	bedroom	1.48	7.79	6.52	8.64	0	0	0	0	0	0	0	48.3	0	0.6	0.5
2026-09-16T06:25:00+02:00	0	0.0	sleep	1	bedroom	1.44	7.59	6.98	9.16	0	0	0	0	0	0	0	48.1	0	0.6	0.4
2026-09-16T06:26:00+02:00	0	0.0	sleep	1	bedroom	0.79	7.34	6.50	9.03	0	0	0	0	0	0	0	48.0	0	0.6	0.1
2026-09-16T06:27:00+02:00	0	0.0	sleep	1	bedroom	0.81	7.21	6.91	9.07	0	0	0	0	0	0	0	48.4	0	0.6	0.5
2026-09-16T06:28:00+02:00	0	0.0	sleep	1	bedroom	1.16	7.66	6.75	9.37	0	0	0	0	0	0	0	48.0	0	0.6	0.3
2026-09-16T06:29:00+02:00	0	0.0	sleep	1	bedroom	1.31	7.01	6.04	8.92	0	0	0	0	0	0	0	48.4	0	0.6	0.4
2026-09-16T06:30:00+02:00	0	0.0	sleep	1	bedroom	1.32	7.39	7.00	8.63	0	0	0	0	0	0	0	48.5	0	0.6	0.3
2026-09-16T06:31:00+02:00	0	0.0	sleep	1	bedroom	0.92	7.07	6.44	9.39	0	0	0	0	0	0	0	48.6	0	0.6	0.2
2026-09-16T06:32:00+02:00	0	0.0	sleep	1	bedroom	1.01	7.69	6.57	9.29	0	0	0	0	0	0	0	48.0	0	0.6	0.4
2026-09-16T06:33:00+02:00	0	0.0	sleep	1	bedroom	1.26	7.33	6.56	9.27	0	0	0	0	0	0	0	48.4	0	0.6	0.2
2026-09-16T06:34:00+02:00	0	0.0	sleep	1	bedroom	0.79	7.50	6.13	8.78	0	0	0	0	0	0	0	48.1	0	0.6	0.4
2026-09-16T06:35:00+02:00	0	0.0	sleep	1	bedroom	1.50	7.63	6.55	9.26	0	0	0	0	0	0	0	48.3	0	0.7	0.4
2026-09-16T06:36:00+02:00	0	0.0	sleep	1	bedroom	1.34	7.51	6.07	9.13	0	0	0	0	0	0	0	48.3	0	0.6	0.3
2026-09-16T06:37:00+02:00	0	0.0	sleep	1	bedroom	1.13	7.36	6.38	8.90	0	0	0	0	0	0	0	48.0	0	0.6	0.3
2026-09-16T06:38:00+02:00	0	0.0	sleep	1	bedroom	0.90	7.66	6.63	9.40	0	0	0	0	0	0	0	48.1	0	0.6	0.5
2026-09-16T06:39:00+02:00	0	0.0	sleep	1	bedroom	1.46	7.36	6.20	8.87	0	0	0	0	0	0	0	48.0	0	0.6	0.2
2026-09-16T06:40:00+02:00	0	0.0	sleep	1	bedroom	1.41	7.11	6.09	9.20	0	0	0	0	0	0	0	48.2	0	0.6	0.4
2026-09-16T06:41:00+02:00	0	0.0	sleep	1	bedroom	1.07	7.15	6.09	9.07	0	0	0	0	0	0	0	48.6	0	0.6	0.4
2026-09-16T06:42:00+02:00	0	0.0	sleep	1	bedroom	1.35	7.62	6.30	8.98	0	0	0	0	0	0	0	48.5	0	0.5	0.2
2026-09-16T06:43:00+02:00	0	0.0	sleep	1	bedroom	0.80	7.30	6.71	9.17	0	0	0	0	0	0	0	48.3	0	0.6	0.3
2026-09-16T06:44:00+02:00	0	0.0	sleep	1	bedroom	0.83	7.43	6.93	8.57	0	0	0	0	0	0	0	48.6	0	0.6	0.4
2026-09-16T06:45:00+02:00	0	0.0	sleep	1	bedroom	1.41	7.62	6.34	9.02	0	0	0	0	0	0	0	47.8	0	0.5	0.2
2026-09-16T06:46:00+02:00	0	0.0	sleep	1	bedroom	1.27	7.14	6.47	8.87	0	0	0	0	0	0	0	48.0	0	0.6	0.2
2026-09-16T06:47:00+02:00	0	0.0	sleep	1	bedroom	1.09	7.26	6.25	8.91	0	0	0	0	0	0	0	48.3	0	0.6	0.4
2026-09-16T06:48:00+02:00	0	0.0	sleep	1	bedroom	1.25	7.48	6.68	8.89	0	0	0	0	0	0	0	47.8	0	0.6	0.3
2026-09-16T06:49:00+02:00	0	0.0	sleep	1	bedroom	1.00	7.26	6.23	8.51	0	0	0	0	0	0	0	48.3	0	0.6	0.4
2026-09-16T06:50:00+02:00	0	0.0	sleep	1	bedroom	1.34	7.76	6.50	8.78	0	0	0	0	0	0	0	48.1	0	0.6	0.1
2026-09-16T06:51:00+02:00	0	0.0	sleep	1	bedroom	1.36	7.70	6.52	9.04	0	0	0	0	0	0	0	48.1	0	0.5	0.3
2026-09-16T06:52:00+02:00	0	0.0	sleep	1	bedroom	1.43	7.77	6.89	8.67	0	0	0	0	0	0	0	48.5	0	0.6	0.5
2026-09-16T06:53:00+02:00	0	0.0	sleep	1	bedroom	0.71	7.15	6.30	9.03	0	0	0	0	0	0	0	47.8	0	0.6	0.4
2026-09-16T06:54:00+02:00	0	0.0	sleep	1	bedroom	0.80	7.69	6.36	8.99	0	0	0	0	0	0	0	48.5	0	0.6	0.5
2026-09-16T06:55:00+02:00	0	0.0	sleep	1	bedroom	0.91	7.07	6.28	8.75	0	0	0	0	0	0	0	48.3	0	0.6	0.4
2026-09-16T06:56:00+02:00	0	0.0	sleep	1	bedroom	1.04	7.49	6.68	8.99	0	0	0	0	0	0	0	47.8	0	0.6	0.1
2026-09-16T06:57:00+02:00	0	0.0	sleep	1	bedroom	1.03	7.37	6.39	9.24	0	0	0	0	0	0	0	48.5	0	0.6	0.2
2026-09-16T06:58:00+02:00	0	0.0	sleep	1	bedroom	0.76	7.54	6.33	8.84	0	0	0	0	0	0	0	48.5	0	0.6	0.1
2026-09-16T06:59:00+02:00	0	0.0	sleep	1	bedroom	1.22	7.32	6.99	9.31	0	0	0	0	0	0	0	48.5	0	0.6	0.1
2026-09-16T07:00:00+02:00	3	2.1	low	0	toilet	7.65	0.73	5.20	5.95	0	1	0	0	0	0	0	53.6	0	0.6	122.0
2026-09-16T07:01:00+02:00	6	4.0	low	0	toilet	7.36	0.86	4.86	5.74	0	1	0	0	0	0	0	54.1	0	0.6	117.0
2026-09-16T07:02:00+02:00	3	2.2	low	0	toilet	7.57	0.71	4.96	6.48	0	1	0	0	0	0	0	55.2	0	0.6	117.0
2026-09-16T07:03:00+02:00	6	4.5	low	0	toilet	7.93	0.95	5.46	6.45	0	1	0	0	0	1	0	56.1	0	0.6	115.0
2026-09-16T07:04:00+02:00	5	3.8	low	0	toilet	7.07	0.73	4.90	6.35	0	1	0	0	0	1	0	56.9	0	0.6	120.0
2026-09-16T07:05:00+02:00	2	1.5	low	0	toilet	7.45	1.09	4.96	6.24	0	1	0	0	0	1	0	57.1	0	0.6	119.0
2026-09-16T07:06:00+02:00	6	4.0	low	0	toilet	7.88	0.77	4.86	5.85	0	1	0	0	0	0	0	57.9	0	0.6	117.0
2026-09-16T07:07:00+02:00	3	2.1	low	0	toilet	7.23	0.98	5.06	5.92	0	1	0	0	0	0	0	58.8	0	0.6	123.0
2026-09-16T07:08:00+02:00	0	0.0	low	0	toilet	7.70	1.21	4.98	6.40	0	1	0	0	0	0	0	58.3	0	0.6	118.0
2026-09-16T07:09:00+02:00	1	0.7	low	0	toilet	7.40	0.98	5.35	5.72	0	1	0	0	0	0	0	57.4	0	0.6	118.0
2026-09-16T07:10:00+02:00	11	7.1	low	0	kitchen	8.56	5.91	4.28	1.56	0	0	0	1	0	0	0	56.5	0	0.6	0.5
2026-09-16T07:11:00+02:00	16	11.0	low	0	kitchen	8.58	5.59	4.51	0.79	0	0	0	1	1	0	0	56.1	0	0.7	0.1
2026-09-16T07:12:00+02:00	13	9.0	low	0	kitchen	9.04	6.17	4.70	1.47	0	0	0	1	1	0	0	54.9	0	0.6	0.2
2026-09-16T07:13:00+02:00	7	4.9	low	0	kitchen	8.52	6.49	4.58	1.29	0	0	0	1	0	0	0	54.2	0	0.6	0.5
2026-09-16T07:14:00+02:00	3	2.2	low	0	kitchen	9.37	5.55	4.84	0.74	0	0	0	1	0	0	0	53.4	1	0.6	0.3
2026-09-16T07:15:00+02:00	14	9.3	low	0	kitchen	8.75	5.91	4.24	1.16	0	0	0	1	0	0	0	52.5	1	0.6	0.2
2026-09-16T07:16:00+02:00	18	12.6	low	0	kitchen	9.02	5.82	4.15	0.75	0	0	0	1	0	0	1	51.1	0	0.6	0.4
2026-09-16T07:17:00+02:00	11	7.1	low	0	kitchen	9.29	6.13	4.94	1.01	0	0	0	1	0	0	1	50.5	0	0.6	0.1
2026-09-16T07:18:00+02:00	7	4.9	low	0	kitchen	9.15	5.67	4.55	1.56	0	0	0	1	0	0	1	49.6	0	0.6	0.2
2026-09-16T07:19:00+02:00	16	10.3	low	0	kitchen	9.44	5.80	4.86	1.56	0	0	0	1	0	0	0	49.2	0	0.6	0.2
2026-09-16T07:20:00+02:00	14	9.7	low	0	kitchen	8.69	6.46	4.84	1.29	0	0	0	1	0	0	0	48.0	0	0.6	0.3
2026-09-16T07:21:00+02:00	13	9.1	low	0	kitchen	9.10	6.29	4.07	0.73	0	0	0	1	0	0	0	48.4	0	0.6	0.2
2026-09-16T07:22:00+02:00	14	9.4	low	0	kitchen	9.16	5.56	4.22	1.51	0	0	0	1	0	0	0	48.3	0	0.5	0.1
2026-09-16T07:23:00+02:00	14	9.1	low	0	kitchen	8.90	5.87	4.28	1.02	0	0	0	1	0	0	0	48.3	0	0.6	0.5
2026-09-16T07:24:00+02:00	7	4.8	low	0	kitchen	9.32	5.67	4.20	0.71	0	0	0	1	0	0	0	48.1	0	0.6	0.4
2026-09-16T07:25:00+02:00	15	11.4	low	0	kitchen	8.74	6.46	4.26	0.86	0	0	0	1	0	0	0	48.0	0	0.7	0.2
2026-09-16T07:26:00+02:00	8	5.6	low	0	kitchen	9.30	5.91	4.85	1.24	0	0	0	1	0	0	0	48.2	0	0.6	0.3
2026-09-16T07:27:00+02:00	16	11.6	low	0	kitchen	8.66	5.98	4.38	1.34	0	0	0	1	0	0	0	48.3	0	0.7	0.5
2026-09-16T07:28:00+02:00	5	3.4	low	0	kitchen	8.63	5.78	4.69	1.20	0	0	0	1	0	0	0	48.4	0	0.6	0.5
2026-09-16T07:29:00+02:00	17	11.1	low	0	kitchen	8.95	5.55	4.28	0.97	0	0	0	1	0	0	0	48.2	0	0.6	0.4
2026-09-16T07:30:00+02:00	16	10.8	low	0	kitchen	9.10	5.76	4.46	0.93	0	0	0	1	0	0	0	48.0	0	0.5	0.3
2026-09-16T07:31:00+02:00	13	9.8	low	0	kitchen	8.96	6.29	4.44	1.27	0	0	0	1	0	0	0	48.0	0	0.6	0.4
2026-09-16T07:32:00+02:00	6	4.3	low	0	kitchen	8.98	6.26	4.83	1.25	0	0	0	1	0	0	0	48.5	0	0.6	0.2
2026-09-16T07:33:00+02:00	15	9.7	low	0	kitchen	9.37	5.56	4.62	0.77	0	0	0	1	0	0	0	48.3	0	0.5	0.3
2026-09-16T07:34:00+02:00	12	8.2	low	0	kitchen	8.59	6.24	4.15	1.50	0	0	0	1	0	0	0	47.8	0	0.6	0.5
2026-09-16T07:35:00+02:00	0	0.0	low	0	living_room	6.61	5.17	0.95	4.28	0	0	1	0	0	0	0	48.0	0	0.5	0.5
2026-09-16T07:36:00+02:00	2	1.4	low	0	living_room	6.19	4.95	0.88	4.15	0	0	1	0	0	0	0	48.0	0	0.6	0.2
2026-09-16T07:37:00+02:00	3	2.1	low	0	living_room	6.62	4.98	1.45	4.52	0	0	1	0	0	0	0	48.4	0	0.6	0.4
2026-09-16T07:38:00+02:00	0	0.0	low	0	living_room	6.12	4.53	1.75	4.56	0	0	0	0	0	0	0	48.3	0	0.6	0.3
2026-09-16T07:39:00+02:00	0	0.0	low	0	living_room	6.73	4.56	1.05	4.75	0	0	0	0	0	0	0	48.0	0	0.7	0.2
2026-09-16T07:40:00+02:00	0	0.0	low	0	living_room	6.34	5.31	1.00	4.47	0	0	0	0	0	0	0	48.4	0	0.6	0.2
2026-09-16T07:41:00+02:00	0	0.0	low	0	living_room	6.68	4.60	0.84	4.28	0	0	0	0	0	0	0	47.7	0	0.6	0.3
2026-09-16T07:42:00+02:00	0	0.0	low	0	living_room	6.13	5.13	1.11	4.21	0	0	0	0	0	0	0	47.8	0	0.6	0.2
2026-09-16T07:43:00+02:00	0	0.0	low	0	living_room	6.13	4.96	0.89	4.18	0	0	0	0	0	0	0	48.4	0	0.6	0.5
2026-09-16T07:44:00+02:00	0	0.0	low	0	living_room	6.89	4.99	1.39	4.49	0	0	0	0	0	0	0	48.3	0	0.5	0.2
2026-09-16T07:45:00+02:00	0	0.0	low	0	living_room	6.72	5.08	1.25	4.55	0	0	0	0	0	0	0	48.5	0	0.6	0.1
2026-09-16T07:46:00+02:00	0	0.0	low	0	living_room	6.18	4.61	1.52	4.29	0	0	0	0	0	0	0	48.4	0	0.6	0.4
2026-09-16T07:47:00+02:00	0	0.0	low	0	living_room	6.04	4.51	1.68	4.08	0	0	0	0	0	0	0	48.2	0	0.6	0.3
2026-09-16T07:48:00+02:00	0	0.0	low	0	living_room	6.34	5.02	0.84	4.86	0	0	0	0	0	0	0	48.2	0	0.6	0.4
2026-09-16T07:49:00+02:00	2	1.3	low	0	living_room	6.63	4.68	1.61	4.34	0	0	1	0	0	0	0	47.8	0	0.7	0.5
2026-09-16T07:50:00+02:00	0	0.0	low	0	living_room	6.84	4.59	1.66	4.76	0	0	0	0	0	0	0	48.1	0	0.6	0.3
2026-09-16T07:51:00+02:00	0	0.0	low	0	living_room	6.12	5.44	1.18	4.46	0	0	0	0	0	0	0	47.8	0	0.7	0.4
2026-09-16T07:52:00+02:00	0	0.0	low	0	living_room	6.79	4.83	1.17	4.21	0	0	1	0	0	0	0	48.1	0	0.6	0.2
2026-09-16T07:53:00+02:00	0	0.0	low	0	living_room	6.37	4.89	1.76	4.61	0	0	0	0	0	0	0	47.7	0	0.6	0.5
2026-09-16T07:54:00+02:00	0	0.0	low	0	living_room	6.87	5.11	1.17	4.26	0	0	0	0	0	0	0	48.3	0	0.6	0.1
2026-09-16T07:55:00+02:00	0	0.0	low	0	living_room	6.06	5.12	1.05	4.44	0	0	0	0	0	0	0	48.0	0	0.6	0.3
2026-09-16T07:56:00+02:00	3	2.1	low	0	living_room	6.75	4.57	1.29	4.67	0	0	1	0	0	0	0	48.0	0	0.6	0.3
2026-09-16T07:57:00+02:00	0	0.0	low	0	living_room	6.70	4.51	1.20	4.94	0	0	0	0	0	0	0	48.0	0	0.6	0.3
2026-09-16T07:58:00+02:00	0	0.0	low	0	living_room	6.82	5.48	1.45	4.41	0	0	0	0	0	0	0	48.1	0	0.6	0.2
2026-09-16T07:59:00+02:00	0	0.0	low	0	living_room	6.63	5.40	1.44	4.65	0	0	0	0	0	0	0	48.1	0	0.7	0.4
2026-09-16T08:00:00+02:00	25	19.0	moderate	0	bedroom	1.43	7.74	6.14	9.13	1	0	0	0	0	0	0	48.2	0	0.6	2.7
2026-09-16T08:01:00+02:00	12	8.2	moderate	0	bedroom	0.74	7.14	6.41	9.35	1	0	0	0	0	0	0	47.9	0	0.5	2.2
2026-09-16T08:02:00+02:00	16	10.5	moderate	0	toilet	7.00	0.76	5.09	5.89	0	1	0	0	0	0	0	47.8	0	0.6	117.0
2026-09-16T08:03:00+02:00	16	10.4	moderate	0	toilet	7.16	0.71	4.83	5.90	0	1	0	0	0	0	0	48.2	0	0.6	118.0
2026-09-16T08:04:00+02:00	15	10.4	moderate	0	bedroom	1.32	7.30	6.40	8.62	1	0	0	0	0	0	0	48.1	0	0.6	3.3
2026-09-16T08:05:00+02:00	17	12.7	moderate	0	bedroom	0.84	7.02	6.09	8.86	1	0	0	0	0	0	0	48.0	0	0.6	3.0
2026-09-16T08:06:00+02:00	11	8.2	moderate	0	toilet	7.29	0.82	4.52	5.84	0	1	0	0	0	0	0	48.1	0	0.6	113.0
2026-09-16T08:07:00+02:00	14	9.9	moderate	0	toilet	7.01	1.22	5.44	5.95	0	1	0	0	0	0	0	48.0	0	0.6	113.0
2026-09-16T08:08:00+02:00	24	16.1	moderate	0	bedroom	1.49	7.15	6.68	8.79	1	0	0	0	0	0	0	47.7	0	0.6	2.8
2026-09-16T08:09:00+02:00	9	6.0	moderate	0	bedroom	1.15	7.51	6.49	9.32	1	0	0	0	0	0	0	48.1	0	0.7	2.9
2026-09-16T08:10:00+02:00	8	5.5	moderate	0	toilet	7.12	1.15	5.29	6.05	0	1	0	0	0	0	0	47.6	0	0.6	121.0
2026-09-16T08:11:00+02:00	9	6.4	moderate	0	toilet	7.19	1.19	4.59	6.32	0	1	0	0	0	0	0	48.1	0	0.6	115.0
2026-09-16T08:12:00+02:00	13	9.6	moderate	0	bedroom	0.87	7.23	6.52	9.44	1	0	0	0	0	0	0	48.2	0	0.6	4.8
2026-09-16T08:13:00+02:00	10	7.5	moderate	0	bedroom	1.46	7.59	6.87	8.56	1	0	0	0	0	0	0	47.9	0	0.6	3.9
2026-09-16T08:14:00+02:00	23	16.2	moderate	0	toilet	7.24	0.83	5.41	6.49	0	1	0	0	0	0	0	47.8	0	0.6	116.0
2026-09-16T08:15:00+02:00	27	19.1	moderate	0	away					0	0	0	0	0	0	0	48.0	0	0.6	3.2
2026-09-16T08:16:00+02:00	6	4.1	low	0	away					0	0	0	0	0	0	0	48.0	0	0.6	2.4
2026-09-16T08:17:00+02:00	25	16.6	moderate	0	away					0	0	0	0	0	0	0	48.3	0	0.6	4.2
2026-09-16T08:18:00+02:00	31	23.4	moderate	0	away					0	0	0	0	0	0	0	47.8	0	0.6	2.8
2026-09-16T08:19:00+02:00	28	18.0	moderate	0	away					0	0	0	0	0	0	0	48.2	0	0.6	2.8
2026-09-16T08:20:00+02:00	24	17.4	moderate	0	away					0	0	0	0	0	0	0	48.1	0	0.6	3.7
2026-09-16T08:21:00+02:00	4	2.8	low	0	away					0	0	0	0	0	0	0	47.6	0	0.6	2.4
2026-09-16T08:22:00+02:00	2	1.5	low	0	away					0	0	0	0	0	0	0	47.6	0	0.5	2.2
2026-09-16T08:23:00+02:00	2	1.3	low	0	away					0	0	0	0	0	0	0	47.8	0	0.6	2.8
2026-09-16T08:24:00+02:00	13	9.7	low	0	away					0	0	0	0	0	0	0	47.6	0	0.6	3.0
2026-09-16T08:25:00+02:00	3	2.0	low	0	away					0	0	0	0	0	0	0	47.7	0	0.6	2.8
2026-09-16T08:26:00+02:00	4	2.6	low	0	away					0	0	0	0	0	0	0	48.1	0	0.6	4.8
2026-09-16T08:27:00+02:00	0	0.0	low	0	away					0	0	0	0	0	0	0	47.7	0	0.6	3.1
2026-09-16T08:28:00+02:00	2	1.4	low	0	away					0	0	0	0	0	0	0	47.7	0	0.6	3.7
2026-09-16T08:29:00+02:00	34	23.3	moderate	0	away					0	0	0	0	0	0	0	48.0	0	0.7	4.3
2026-09-16T08:30:00+02:00	13	9.3	low	0	away					0	0	0	0	0	0	0	48.3	0	0.6	3.1
2026-09-16T08:31:00+02:00	25	16.6	moderate	0	away					0	0	0	0	0	0	0	48.2	0	0.7	4.4
2026-09-16T08:32:00+02:00	33	23.6	moderate	0	away					0	0	0	0	0	0	0	47.7	0	0.6	3.6
2026-09-16T08:33:00+02:00	2	1.5	low	0	away					0	0	0	0	0	0	0	47.9	0	0.6	3.2
2026-09-16T08:34:00+02:00	27	20.4	moderate	0	away					0	0	0	0	0	0	0	47.9	0	0.6	3.0
2026-09-16T08:35:00+02:00	17	11.4	low	0	away					0	0	0	0	0	0	0	48.2	0	0.6	3.2
2026-09-16T08:36:00+02:00	2	1.4	low	0	away					0	0	0	0	0	0	0	47.9	0	0.6	4.3
2026-09-16T08:37:00+02:00	29	19.5	moderate	0	away					0	0	0	0	0	0	0	47.9	0	0.7	2.5
2026-09-16T08:38:00+02:00	2	1.3	low	0	away					0	0	0	0	0	0	0	47.8	0	0.7	4.3
2026-09-16T08:39:00+02:00	1	0.7	low	0	away					0	0	0	0	0	0	0	47.6	0	0.6	3.8
2026-09-16T08:40:00+02:00	4	3.0	low	0	away					0	0	0	0	0	0	0	48.0	0	0.6	4.8
2026-09-16T08:41:00+02:00	0	0.0	low	0	away					0	0	0	0	0	0	0	48.0	0	0.6	4.4
2026-09-16T08:42:00+02:00	2	1.5	low	0	away					0	0	0	0	0	0	0	47.9	0	0.6	4.0
2026-09-16T08:43:00+02:00	6	4.5	low	0	away					0	0	0	0	0	0	0	47.8	0	0.6	2.1
2026-09-16T08:44:00+02:00	1	0.7	low	0	away					0	0	0	0	0	0	0	47.9	0	0.7	2.8
2026-09-16T08:45:00+02:00	4	2.7	low	0	away					0	0	0	0	0	0	0	47.8	0	0.6	4.4
2026-09-16T08:46:00+02:00	0	0.0	low	0	away					0	0	0	0	0	0	0	48.3	0	0.6	4.4
2026-09-16T08:47:00+02:00	1	0.7	low	0	away					0	0	0	0	0	0	0	48.0	0	0.6	4.0
2026-09-16T08:48:00+02:00	3	2.0	low	0	away					0	0	0	0	0	0	0	47.9	0	0.5	3.5
2026-09-16T08:49:00+02:00	0	0.0	low	0	away					0	0	0	0	0	0	0	48.0	0	0.6	2.5
2026-09-16T08:50:00+02:00	27	19.9	moderate	0	away					0	0	0	0	0	0	0	47.5	0	0.6	4.8
2026-09-16T08:51:00+02:00	3	2.2	low	0	away					0	0	0	0	0	0	0	48.1	0	0.6	3.6
2026-09-16T08:52:00+02:00	0	0.0	low	0	away					0	0	0	0	0	0	0	47.7	0	0.6	2.9
2026-09-16T08:53:00+02:00	4	2.9	low	0	away					0	0	0	0	0	0	0	47.7	0	0.6	3.9
2026-09-16T08:54:00+02:00	21	13.5	moderate	0	away					0	0	0	0	0	0	0	47.9	0	0.6	3.8
2026-09-16T08:55:00+02:00	0	0.0	low	0	away					0	0	0	0	0	0	0	47.7	0	0.6	4.6
2026-09-16T08:56:00+02:00	0	0.0	low	0	away					0	0	0	0	0	0	0	47.6	0	0.7	3.8
2026-09-16T08:57:00+02:00	1	0.8	low	0	away					0	0	0	0	0	0	0	47.5	0	0.6	3.1
2026-09-16T08:58:00+02:00	2	1.5	low	0	away					0	0	0	0	0	0	0	47.7	0	0.6	3.8
2026-09-16T08:59:00+02:00	8	5.2	low	0	away					0	0	0	0	0	0	0	48.2	0	0.5	2.3
2026-09-16T09:00:00+02:00	138	111.3	high	0	away					0	0	0	0	0	0	0	47.7	0	0.6	2.5
2026-09-16T09:01:00+02:00	143	109.8	high	0	away					0	0	0	0	0	0	0	47.8	0	0.6	2.4
2026-09-16T09:02:00+02:00	123	96.3	high	0	away					0	0	0	0	0	0	0	47.7	0	0.5	3.7
2026-09-16T09:03:00+02:00	120	93.5	high	0	away					0	0	0	0	0	0	0	48.0	0	0.6	4.1
2026-09-16T09:04:00+02:00	104	81.2	high	0	away					0	0	0	0	0	0	0	48.2	0	0.5	4.2
2026-09-16T09:05:00+02:00	101	84.8	high	0	away					0	0	0	0	0	0	0	48.1	0	0.6	4.2
2026-09-16T09:06:00+02:00	102	77.2	high	0	away					0	0	0	0	0	0	0	48.1	0	0.6	2.1
2026-09-16T09:07:00+02:00	129	102.2	high	0	away					0	0	0	0	0	0	0	47.8	0	0.5	2.8
2026-09-16T09:08:00+02:00	123	95.3	high	0	away					0	0	0	0	0	0	0	48.1	0	0.6	4.1
2026-09-16T09:09:00+02:00	116	89.7	high	0	away					0	0	0	0	0	0	0	48.1	0	0.6	3.4
2026-09-16T09:10:00+02:00	107	79.8	high	0	away					0	0	0	0	0	0	0	48.0	0	0.6	2.1
2026-09-16T09:11:00+02:00	142	107.3	high	0	away					0	0	0	0	0	0	0	48.0	0	0.6	4.8
2026-09-16T09:12:00+02:00	95	76.9	high	0	away					0	0	0	0	0	0	0	47.5	0	0.6	2.9
2026-09-16T09:13:00+02:00	125	100.9	high	0	away					0	0	0	0	0	0	0	47.6	0	0.6	2.7
2026-09-16T09:14:00+02:00	136	113.4	high	0	away					0	0	0	0	0	0	0	48.2	0	0.6	3.3
2026-09-16T09:15:00+02:00	133	100.1	high	0	away					0	0	0	0	0	0	0	47.6	0	0.6	2.5
2026-09-16T09:16:00+02:00	110	91.1	high	0	away					0	0	0	0	0	0	0	47.8	0	0.6	4.7
2026-09-16T09:17:00+02:00	96	80.6	high	0	away					0	0	0	0	0	0	0	47.7	0	0.6	3.9
2026-09-16T09:18:00+02:00	100	75.3	high	0	away					0	0	0	0	0	0	0	47.7	0	0.6	2.3
2026-09-16T09:19:00+02:00	114	87.7	high	0	away					0	0	0	0	0	0	0	48.1	0	0.6	2.0
2026-09-16T09:20:00+02:00	141	111.9	high	0	away					0	0	0	0	0	0	0	47.6	0	0.6	2.9
2026-09-16T09:21:00+02:00	102	83.4	high	0	away					0	0	0	0	0	0	0	47.4	0	0.6	2.5
2026-09-16T09:22:00+02:00	111	92.7	high	0	away					0	0	0	0	0	0	0	47.4	0	0.6	4.4
2026-09-16T09:23:00+02:00	112	88.4	high	0	away					0	0	0	0	0	0	0	48.0	0	0.6	4.7
2026-09-16T09:24:00+02:00	142	114.0	high	0	away					0	0	0	0	0	0	0	48.1	0	0.6	3.0
2026-09-16T09:25:00+02:00	149	119.0	high	0	away					0	0	0	0	0	0	0	47.6	0	0.5	2.7
2026-09-16T09:26:00+02:00	135	100.9	high	0	away					0	0	0	0	0	0	0	47.6	0	0.6	2.5
2026-09-16T09:27:00+02:00	108	82.9	high	0	away					0	0	0	0	0	0	0	47.8	0	0.6	2.1
2026-09-16T09:28:00+02:00	138	103.9	high	0	away					0	0	0	0	0	0	0	48.1	0	0.6	4.6
2026-09-16T09:29:00+02:00	99	77.7	high	0	away					0	0	0	0	0	0	0	47.5	0	0.6	4.0
2026-09-16T09:30:00+02:00	111	88.2	high	0	away					0	0	0	0	0	0	0	47.5	0	0.6	2.8
2026-09-16T09:31:00+02:00	141	111.9	high	0	away					0	0	0	0	0	0	0	48.1	0	0.6	4.1
2026-09-16T09:32:00+02:00	120	96.1	high	0	away					0	0	0	0	0	0	0	47.5	0	0.6	4.6
2026-09-16T09:33:00+02:00	130	108.5	high	0	away					0	0	0	0	0	0	0	47.8	0	0.6	4.5
2026-09-16T09:34:00+02:00	130	102.6	high	0	away					0	0	0	0	0	0	0	48.1	0	0.6	3.6
2026-09-16T09:35:00+02:00	110	83.4	high	0	away					0	0	0	0	0	0	0	47.5	0	0.6	2.7
2026-09-16T09:36:00+02:00	135	105.5	high	0	away					0	0	0	0	0	0	0	47.3	0	0.6	2.4
2026-09-16T09:37:00+02:00	111	88.9	high	0	away					0	0	0	0	0	0	0	47.5	0	0.6	2.6
2026-09-16T09:38:00+02:00	130	96.5	high	0	away					0	0	0	0	0	0	0	47.9	0	0.6	3.6
2026-09-16T09:39:00+02:00	143	113.8	high	0	away					0	0	0	0	0	0	0	47.9	0	0.6	2.4
2026-09-16T09:40:00+02:00	18	13.1	low	0	away					0	0	0	0	0	0	0	47.4	0	0.6	3.9
2026-09-16T09:41:00+02:00	22	15.8	moderate	0	away					0	0	0	0	0	0	0	47.3	0	0.6	3.8
2026-09-16T09:42:00+02:00	0	0.0	low	0	away					0	0	0	0	0	0	0	47.6	0	0.6	2.9
2026-09-16T09:43:00+02:00	3	2.1	low	0	away					0	0	0	0	0	0	0	47.9	0	0.6	2.5
2026-09-16T09:44:00+02:00	3	2.0	low	0	away					0	0	0	0	0	0	0	47.8	0	0.5	2.3
2026-09-16T09:45:00+02:00	0	0.0	low	0	away					0	0	0	0	0	0	0	47.3	0	0.6	4.1
2026-09-16T09:46:00+02:00	2	1.3	low	0	away					0	0	0	0	0	0	0	47.9	0	0.6	2.7
2026-09-16T09:47:00+02:00	0	0.0	low	0	away					0	0	0	0	0	0	0	47.3	0	0.6	4.0
2026-09-16T09:48:00+02:00	4	3.0	low	0	away					0	0	0	0	0	0	0	47.5	0	0.6	2.2
2026-09-16T09:49:00+02:00	1	0.7	low	0	away					0	0	0	0	0	0	0	48.0	0	0.6	2.2
2026-09-16T09:50:00+02:00	3	2.0	low	0	away					0	0	0	0	0	0	0	47.8	0	0.6	2.0
2026-09-16T09:51:00+02:00	4	2.8	low	0	away					0	0	0	0	0	0	0	47.3	0	0.6	2.6
2026-09-16T09:52:00+02:00	3	2.1	low	0	away					0	0	0	0	0	0	0	47.5	0	0.6	3.3
2026-09-16T09:53:00+02:00	0	0.0	low	0	away					0	0	0	0	0	0	0	47.8	0	0.6	4.9
2026-09-16T09:54:00+02:00	15	9.9	low	0	away					0	0	0	0	0	0	0	48.0	0	0.6	5.0
2026-09-16T09:55:00+02:00	4	2.6	low	0	away					0	0	0	0	0	0	0	47.6	0	0.6	3.4
2026-09-16T09:56:00+02:00	28	20.7	moderate	0	away					0	0	0	0	0	0	0	47.8	0	0.6	3.6
2026-09-16T09:57:00+02:00	32	21.8	moderate	0	away					0	0	0	0	0	0	0	47.5	0	0.7	4.3
2026-09-16T09:58:00+02:00	4	2.9	low	0	away					0	0	0	0	0	0	0	47.7	0	0.6	4.4
2026-09-16T09:59:00+02:00	3	2.1	low	0	away					0	0	0	0	0	0	0	47.6	0	0.7	3.7
2026-09-16T10:00:00+02:00	1	0.7	low	0	away					0	0	0	0	0	0	0	47.5	0	0.6	2.1
2026-09-16T10:01:00+02:00	8	5.2	low	0	away					0	0	0	0	0	0	0	47.4	0	0.5	4.2
2026-09-16T10:02:00+02:00	4	2.9	low	0	away					0	0	0	0	0	0	0	47.6	0	0.7	3.6
2026-09-16T10:03:00+02:00	0	0.0	low	0	away					0	0	0	0	0	0	0	47.8	0	0.7	4.9
2026-09-16T10:04:00+02:00	21	15.2	moderate	0	away					0	0	0	0	0	0	0	47.7	0	0.6	4.5
2026-09-16T10:05:00+02:00	1	0.8	low	0	away					0	0	0	0	0	0	0	47.2	0	0.6	3.5
2026-09-16T10:06:00+02:00	3	2.2	low	0	away					0	0	0	0	0	0	0	48.0	0	0.6	4.6
2026-09-16T10:07:00+02:00	4	2.6	low	0	away					0	0	0	0	0	0	0	47.6	0	0.6	4.5
2026-09-16T10:08:00+02:00	33	25.0	moderate	0	away					0	0	0	0	0	0	0	47.9	0	0.6	2.6
2026-09-16T10:09:00+02:00	2	1.5	low	0	away					0	0	0	0	0	0	0	47.7	0	0.6	4.7
2026-09-16T10:10:00+02:00	2	1.5	low	0	away					0	0	0	0	0	0	0	47.4	0	0.6	3.6
2026-09-16T10:11:00+02:00	3	2.2	low	0	away					0	0	0	0	0	0	0	47.9	0	0.6	2.3
2026-09-16T10:12:00+02:00	1	0.7	low	0	away					0	0	0	0	0	0	0	47.9	0	0.6	4.3
2026-09-16T10:13:00+02:00	0	0.0	low	0	away					0	0	0	0	0	0	0	47.8	0	0.6	4.3
2026-09-16T10:14:00+02:00	4	2.9	low	0	away					0	0	0	0	0	0	0	47.7	0	0.6	3.6
2026-09-16T10:15:00+02:00	2	1.4	low	0	away					0	0	0	0	0	0	0	47.5	0	0.6	2.0
2026-09-16T10:16:00+02:00	33	23.2	moderate	0	away					0	0	0	0	0	0	0	47.7	0	0.6	4.1
2026-09-16T10:17:00+02:00	1	0.7	low	0	away					0	0	0	0	0	0	0	47.8	0	0.6	4.2
2026-09-16T10:18:00+02:00	1	0.7	low	0	away					0	0	0	0	0	0	0	47.5	0	0.6	3.9
2026-09-16T10:19:00+02:00	22	15.6	moderate	0	away					0	0	0	0	0	0	0	47.8	0	0.6	2.8
2026-09-16T10:20:00+02:00	22	14.3	moderate	0	away					0	0	0	0	0	0	0	47.5	0	0.6	4.7
2026-09-16T10:21:00+02:00	1	0.7	low	0	away					0	0	0	0	0	0	0	47.2	0	0.5	2.3
2026-09-16T10:22:00+02:00	3	2.2	low	0	away					0	0	0	0	0	0	0	47.4	0	0.6	4.6
2026-09-16T10:23:00+02:00	0	0.0	low	0	away					0	0	0	0	0	0	0	47.8	0	0.6	4.1
2026-09-16T10:24:00+02:00	19	13.2	low	0	away					0	0	0	0	0	0	0	47.7	0	0.6	2.9
2026-09-16T10:25:00+02:00	0	0.0	low	0	away					0	0	0	0	0	0	0	47.7	0	0.6	2.1
2026-09-16T10:26:00+02:00	4	2.6	low	0	away					0	0	0	0	0	0	0	47.8	0	0.7	2.2
2026-09-16T10:27:00+02:00	3	2.0	low	0	away					0	0	0	0	0	0	0	47.8	0	0.6	3.9
2026-09-16T10:28:00+02:00	1	0.7	low	0	away					0	0	0	0	0	0	0	47.2	0	0.6	2.6
2026-09-16T10:29:00+02:00	3	2.0	low	0	away					0	0	0	0	0	0	0	47.4	0	0.7	2.7
2026-09-16T10:30:00+02:00	3	1.9	low	0	away					0	0	0	0	0	0	0	47.6	0	0.6	3.3
2026-09-16T10:31:00+02:00	14	10.3	low	0	away					0	0	0	0	0	0	0	47.1	0	0.7	3.4
2026-09-16T10:32:00+02:00	19	12.4	low	0	away					0	0	0	0	0	0	0	47.2	0	0.7	3.9
2026-09-16T10:33:00+02:00	9	6.5	low	0	away					0	0	0	0	0	0	0	47.4	0	0.6	3.4
2026-09-16T10:34:00+02:00	13	9.9	low	0	away					0	0	0	0	0	0	0	47.5	0	0.6	3.1
2026-09-16T10:35:00+02:00	2	1.4	low	0	away					0	0	0	0	0	0	0	47.2	0	0.6	2.9
2026-09-16T10:36:00+02:00	18	12.5	low	0	away					0	0	0	0	0	0	0	47.4	0	0.6	4.4
2026-09-16T10:37:00+02:00	1	0.8	low	0	away					0	0	0	0	0	0	0	47.8	0	0.6	2.7
2026-09-16T10:38:00+02:00	4	2.8	low	0	away					0	0	0	0	0	0	0	47.7	0	0.6	2.1
2026-09-16T10:39:00+02:00	8	5.8	low	0	away					0	0	0	0	0	0	0	47.3	0	0.6	4.3
2026-09-16T10:40:00+02:00	1	0.7	low	0	away					0	0	0	0	0	0	0	47.4	0	0.6	4.0
2026-09-16T10:41:00+02:00	0	0.0	low	0	away					0	0	0	0	0	0	0	47.7	0	0.6	3.7
2026-09-16T10:42:00+02:00	4	2.7	low	0	away					0	0	0	0	0	0	0	47.2	0	0.6	2.6
2026-09-16T10:43:00+02:00	2	1.3	low	0	away					0	0	0	0	0	0	0	47.4	0	0.6	3.6
2026-09-16T10:44:00+02:00	0	0.0	low	0	away					0	0	0	0	0	0	0	47.8	0	0.7	3.6
2026-09-16T10:45:00+02:00	4	2.9	low	0	away					0	0	0	0	0	0	0	47.7	0	0.7	4.2
2026-09-16T10:46:00+02:00	3	2.0	low	0	away					0	0	0	0	0	0	0	47.6	0	0.6	2.5
2026-09-16T10:47:00+02:00	4	2.8	low	0	away					0	0	0	0	0	0	0	47.2	0	0.6	3.2
2026-09-16T10:48:00+02:00	2	1.4	low	0	away					0	0	0	0	0	0	0	47.7	0	0.6	4.0
2026-09-16T10:49:00+02:00	2	1.4	low	0	away					0	0	0	0	0	0	0	47.1	0	0.5	2.2
2026-09-16T10:50:00+02:00	2	1.4	low	0	away					0	0	0	0	0	0	0	47.1	0	0.7	4.2
2026-09-16T10:51:00+02:00	0	0.0	low	0	away					0	0	0	0	0	0	0	47.3	0	0.6	4.7
2026-09-16T10:52:00+02:00	1	0.7	low	0	away					0	0	0	0	0	0	0	47.5	0	0.6	4.7
2026-09-16T10:53:00+02:00	0	0.0	low	0	away					0	0	0	0	0	0	0	47.2	0	0.5	2.1
2026-09-16T10:54:00+02:00	1	0.7	low	0	away					0	0	0	0	0	0	0	47.1	0	0.6	2.2
2026-09-16T10:55:00+02:00	1	0.7	low	0	away					0	0	0	0	0	0	0	47.3	0	0.6	3.6
2026-09-16T10:56:00+02:00	2	1.5	low	0	away					0	0	0	0	0	0	0	47.3	0	0.6	3.8
2026-09-16T10:57:00+02:00	34	23.0	moderate	0	away					0	0	0	0	0	0	0	47.5	0	0.6	5.0
2026-09-16T10:58:00+02:00	3	2.0	low	0	away					0	0	0	0	0	0	0	47.7	0	0.6	4.2
2026-09-16T10:59:00+02:00	31	22.6	moderate	0	away					0	0	0	0	0	0	0	46.9	0	0.5	3.4
2026-09-16T11:00:00+02:00	0	0.0	low	0	away					0	0	0	0	0	0	0	47.3	0	0.6	3.2
2026-09-16T11:01:00+02:00	22	14.9	moderate	0	away					0	0	0	0	0	0	0	47.2	0	0.6	3.3
2026-09-16T11:02:00+02:00	2	1.5	low	0	away					0	0	0	0	0	0	0	46.9	0	0.6	5.0
2026-09-16T11:03:00+02:00	0	0.0	low	0	away					0	0	0	0	0	0	0	47.0	0	0.6	4.6
2026-09-16T11:04:00+02:00	4	2.9	low	0	away					0	0	0	0	0	0	0	47.6	0	0.5	2.2
2026-09-16T11:05:00+02:00	4	2.6	low	0	away					0	0	0	0	0	0	0	47.5	0	0.6	4.7
2026-09-16T11:06:00+02:00	4	2.8	low	0	away					0	0	0	0	0	0	0	46.9	0	0.7	4.6
2026-09-16T11:07:00+02:00	4	3.0	low	0	away					0	0	0	0	0	0	0	47.2	0	0.6	4.7
2026-09-16T11:08:00+02:00	1	0.8	low	0	away					0	0	0	0	0	0	0	47.2	0	0.7	3.6
2026-09-16T11:09:00+02:00	33	25.0	moderate	0	away					0	0	0	0	0	0	0	47.6	0	0.6	3.0
2026-09-16T11:10:00+02:00	2	1.4	low	0	away					0	0	0	0	0	0	0	47.2	0	0.5	2.9
2026-09-16T11:11:00+02:00	16	11.7	low	0	away					0	0	0	0	0	0	0	47.1	0	0.6	5.0
2026-09-16T11:12:00+02:00	0	0.0	low	0	away					0	0	0	0	0	0	0	47.3	0	0.6	4.5
2026-09-16T11:13:00+02:00	1	0.7	low	0	away					0	0	0	0	0	0	0	47.5	0	0.7	2.2
2026-09-16T11:14:00+02:00	2	1.4	low	0	away					0	0	0	0	0	0	0	47.3	0	0.6	3.8
2026-09-16T11:15:00+02:00	3	2.1	low	0	away					0	0	0	0	0	0	0	47.2	0	0.6	4.7
2026-09-16T11:16:00+02:00	0	0.0	low	0	away					0	0	0	0	0	0	0	47.6	0	0.6	2.8
2026-09-16T11:17:00+02:00	3	2.0	low	0	away					0	0	0	0	0	0	0	46.9	0	0.6	3.2
2026-09-16T11:18:00+02:00	13	9.4	low	0	away					0	0	0	0	0	0	0	47.4	0	0.7	4.4
2026-09-16T11:19:00+02:00	14	9.6	low	0	away					0	0	0	0	0	0	0	47.3	0	0.5	3.1
2026-09-16T11:20:00+02:00	27	18.8	moderate	0	away					0	0	0	0	0	0	0	47.5	0	0.6	3.6
2026-09-16T11:21:00+02:00	23	15.2	moderate	0	away					0	0	0	0	0	0	0	47.4	0	0.5	3.9
2026-09-16T11:22:00+02:00	18	13.3	low	0	away					0	0	0	0	0	0	0	47.3	0	0.6	4.8
2026-09-16T11:23:00+02:00	1	0.7	low	0	away					0	0	0	0	0	0	0	47.2	0	0.5	2.4
2026-09-16T11:24:00+02:00	15	10.7	low	0	away					0	0	0	0	0	0	0	47.1	0	0.6	4.6
2026-09-16T11:25:00+02:00	1	0.7	low	0	away					0	0	0	0	0	0	0	47.6	0	0.7	4.3
2026-09-16T11:26:00+02:00	10	7.1	low	0	away					0	0	0	0	0	0	0	47.0	0	0.6	4.1
2026-09-16T11:27:00+02:00	2	1.4	low	0	away					0	0	0	0	0	0	0	47.5	0	0.6	4.1
2026-09-16T11:28:00+02:00	2	1.5	low	0	away					0	0	0	0	0	0	0	47.5	0	0.6	3.3
2026-09-16T11:29:00+02:00	3	2.0	low	0	away					0	0	0	0	0	0	0	46.9	0	0.6	4.4
2026-09-16T11:30:00+02:00	5	3.7	low	0	away					0	0	0	0	0	0	0	47.4	0	0.6	4.8
2026-09-16T11:31:00+02:00	16	11.5	low	0	away					0	0	0	0	0	0	0	46.8	0	0.5	3.6
2026-09-16T11:32:00+02:00	2	1.4	low	0	away					0	0	0	0	0	0	0	47.3	0	0.6	3.6
2026-09-16T11:33:00+02:00	4	3.0	low	0	away					0	0	0	0	0	0	0	47.1	0	0.6	3.0
2026-09-16T11:34:00+02:00	0	0.0	low	0	away					0	0	0	0	0	0	0	47.5	0	0.7	2.5
2026-09-16T11:35:00+02:00	26	18.8	moderate	0	away					0	0	0	0	0	0	0	47.1	0	0.6	4.8
2026-09-16T11:36:00+02:00	0	0.0	low	0	away					0	0	0	0	0	0	0	47.0	0	0.6	2.3
2026-09-16T11:37:00+02:00	26	17.3	moderate	0	away					0	0	0	0	0	0	0	46.8	0	0.7	2.3
2026-09-16T11:38:00+02:00	3	2.0	low	0	away					0	0	0	0	0	0	0	47.3	0	0.6	3.3
2026-09-16T11:39:00+02:00	1	0.7	low	0	away					0	0	0	0	0	0	0	47.1	0	0.6	3.4
2026-09-16T11:40:00+02:00	33	23.5	moderate	0	away					0	0	0	0	0	0	0	47.1	0	0.6	2.1
2026-09-16T11:41:00+02:00	26	16.8	moderate	0	away					0	0	0	0	0	0	0	47.2	0	0.6	4.3
2026-09-16T11:42:00+02:00	0	0.0	low	0	away					0	0	0	0	0	0	0	47.4	0	0.5	4.8
2026-09-16T11:43:00+02:00	5	3.7	low	0	away					0	0	0	0	0	0	0	47.0	0	0.6	4.0
2026-09-16T11:44:00+02:00	0	0.0	low	0	away					0	0	0	0	0	0	0	47.4	0	0.6	4.9
2026-09-16T11:45:00+02:00	2	1.5	low	0	away					0	0	0	0	0	0	0	46.8	0	0.6	3.5
2026-09-16T11:46:00+02:00	22	16.1	moderate	0	away					0	0	0	0	0	0	0	46.7	0	0.6	4.6
2026-09-16T11:47:00+02:00	2	1.4	low	0	away					0	0	0	0	0	0	0	47.0	0	0.6	4.7
2026-09-16T11:48:00+02:00	3	2.3	low	0	away					0	0	0	0	0	0	0	47.0	0	0.6	3.5
2026-09-16T11:49:00+02:00	25	16.6	moderate	0	away					0	0	0	0	0	0	0	47.3	0	0.6	4.5
2026-09-16T11:50:00+02:00	0	0.0	low	0	away					0	0	0	0	0	0	0	47.4	0	0.6	2.7
2026-09-16T11:51:00+02:00	0	0.0	low	0	away					0	0	0	0	0	0	0	46.8	0	0.6	2.4
2026-09-16T11:52:00+02:00	0	0.0	low	0	away					0	0	0	0	0	0	0	47.0	0	0.6	2.5
2026-09-16T11:53:00+02:00	20	15.1	moderate	0	away					0	0	0	0	0	0	0	47.2	0	0.6	3.6
2026-09-16T11:54:00+02:00	1	0.7	low	0	away					0	0	0	0	0	0	0	47.3	0	0.6	4.6
2026-09-16T11:55:00+02:00	1	0.7	low	0	away					0	0	0	0	0	0	0	46.8	0	0.5	4.2
2026-09-16T11:56:00+02:00	3	1.9	low	0	away					0	0	0	0	0	0	0	47.2	0	0.6	5.0
2026-09-16T11:57:00+02:00	3	2.0	low	0	away					0	0	0	0	0	0	0	46.6	0	0.6	3.5
2026-09-16T11:58:00+02:00	27	18.5	moderate	0	away					0	0	0	0	0	0	0	46.6	0	0.7	2.8
2026-09-16T11:59:00+02:00	2	1.3	low	0	away					0	0	0	0	0	0	0	47.1	0	0.6	3.5
2026-09-16T12:00:00+02:00	2	1.4	low	0	away					0	0	0	0	0	0	0	46.6	0	0.6	2.7
2026-09-16T12:01:00+02:00	1	0.7	low	0	away					0	0	0	0	0	0	0	46.9	0	0.6	4.0
2026-09-16T12:02:00+02:00	2	1.4	low	0	away					0	0	0	0	0	0	0	46.8	0	0.6	4.5
2026-09-16T12:03:00+02:00	4	2.8	low	0	away					0	0	0	0	0	0	0	47.1	0	0.6	4.1
2026-09-16T12:04:00+02:00	2	1.5	low	0	away					0	0	0	0	0	0	0	46.8	0	0.6	3.0
2026-09-16T12:05:00+02:00	20	14.1	moderate	0	away					0	0	0	0	0	0	0	47.3	0	0.6	2.6
2026-09-16T12:06:00+02:00	4	2.7	low	0	away					0	0	0	0	0	0	0	47.3	0	0.6	4.7
2026-09-16T12:07:00+02:00	18	13.6	low	0	away					0	0	0	0	0	0	0	47.1	0	0.6	2.1
2026-09-16T12:08:00+02:00	0	0.0	low	0	away					0	0	0	0	0	0	0	46.8	0	0.6	3.9
2026-09-16T12:09:00+02:00	17	11.6	low	0	away					0	0	0	0	0	0	0	47.1	0	0.7	3.0
2026-09-16T12:10:00+02:00	2	1.4	low	0	away					0	0	0	0	0	0	0	47.1	0	0.7	4.6
2026-09-16T12:11:00+02:00	2	1.4	low	0	away					0	0	0	0	0	0	0	46.8	0	0.6	4.5
2026-09-16T12:12:00+02:00	33	22.4	moderate	0	away					0	0	0	0	0	0	0	46.9	0	0.6	3.8
2026-09-16T12:13:00+02:00	1	0.7	low	0	away					0	0	0	0	0	0	0	47.2	0	0.6	4.7
2026-09-16T12:14:00+02:00	2	1.4	low	0	away					0	0	0	0	0	0	0	47.2	0	0.6	3.6
2026-09-16T12:15:00+02:00	25	18.6	moderate	0	away					0	0	0	0	0	0	0	46.8	0	0.7	2.8
2026-09-16T12:16:00+02:00	19	12.2	low	0	away					0	0	0	0	0	0	0	46.8	0	0.6	3.8
2026-09-16T12:17:00+02:00	27	18.9	moderate	0	away					0	0	0	0	0	0	0	47.0	0	0.6	2.5
2026-09-16T12:18:00+02:00	3	2.2	low	0	away					0	0	0	0	0	0	0	47.2	0	0.6	2.8
2026-09-16T12:19:00+02:00	2	1.5	low	0	away					0	0	0	0	0	0	0	46.6	0	0.5	3.5
2026-09-16T12:20:00+02:00	0	0.0	low	0	away					0	0	0	0	0	0	0	46.9	0	0.6	2.2
2026-09-16T12:21:00+02:00	28	19.0	moderate	0	away					0	0	0	0	0	0	0	46.8	0	0.6	3.3
2026-09-16T12:22:00+02:00	4	2.9	low	0	away					0	0	0	0	0	0	0	46.6	0	0.6	3.7
2026-09-16T12:23:00+02:00	4	2.9	low	0	away					0	0	0	0	0	0	0	46.6	0	0.6	2.7
2026-09-16T12:24:00+02:00	0	0.0	low	0	away					0	0	0	0	0	0	0	46.9	0	0.6	4.1
2026-09-16T12:25:00+02:00	25	17.7	moderate	0	away					0	0	0	0	0	0	0	46.6	0	0.6	2.6
2026-09-16T12:26:00+02:00	0	0.0	low	0	away					0	0	0	0	0	0	0	47.1	0	0.6	2.9
2026-09-16T12:27:00+02:00	0	0.0	low	0	away					0	0	0	0	0	0	0	47.1	0	0.6	4.1
2026-09-16T12:28:00+02:00	27	18.3	moderate	0	away					0	0	0	0	0	0	0	46.8	0	0.6	3.9
2026-09-16T12:29:00+02:00	3	2.1	low	0	away					0	0	0	0	0	0	0	46.8	0	0.6	3.9
2026-09-16T12:30:00+02:00	18	11.9	low	0	away					0	0	0	0	0	0	0	46.6	0	0.6	2.9
2026-09-16T12:31:00+02:00	4	2.6	low	0	away					0	0	0	0	0	0	0	46.5	0	0.6	3.7
2026-09-16T12:32:00+02:00	4	3.0	low	0	away					0	0	0	0	0	0	0	47.2	0	0.6	4.0
2026-09-16T12:33:00+02:00	1	0.7	low	0	away					0	0	0	0	0	0	0	46.8	0	0.7	2.1
2026-09-16T12:34:00+02:00	2	1.4	low	0	away					0	0	0	0	0	0	0	47.0	0	0.7	4.6
2026-09-16T12:35:00+02:00	9	6.1	low	0	away					0	0	0	0	0	0	0	47.0	0	0.6	2.1
2026-09-16T12:36:00+02:00	34	24.6	moderate	0	away					0	0	0	0	0	0	0	47.0	0	0.5	4.0
2026-09-16T12:37:00+02:00	9	6.4	low	0	away					0	0	0	0	0	0	0	46.6	0	0.6	3.3
2026-09-16T12:38:00+02:00	15	10.2	low	0	away					0	0	0	0	0	0	0	47.1	0	0.6	3.2
2026-09-16T12:39:00+02:00	1	0.7	low	0	away					0	0	0	0	0	0	0	46.4	0	0.6	4.3
2026-09-16T12:40:00+02:00	1	0.7	low	0	away					0	0	0	0	0	0	0	47.1	0	0.6	4.9
2026-09-16T12:41:00+02:00	23	14.7	moderate	0	away					0	0	0	0	0	0	0	47.0	0	0.6	2.2
2026-09-16T12:42:00+02:00	4	2.7	low	0	away					0	0	0	0	0	0	0	46.5	0	0.6	2.4
2026-09-16T12:43:00+02:00	2	1.4	low	0	away					0	0	0	0	0	0	0	46.9	0	0.5	2.6
2026-09-16T12:44:00+02:00	3	2.0	low	0	away					0	0	0	0	0	0	0	46.8	0	0.6	4.1
2026-09-16T12:45:00+02:00	33	22.2	moderate	0	away					0	0	0	0	0	0	0	47.0	0	0.6	2.6
2026-09-16T12:46:00+02:00	4	2.9	low	0	away					0	0	0	0	0	0	0	46.5	0	0.6	4.3
2026-09-16T12:47:00+02:00	13	9.3	low	0	away					0	0	0	0	0	0	0	46.8	0	0.6	3.4
2026-09-16T12:48:00+02:00	2	1.3	low	0	away					0	0	0	0	0	0	0	46.6	0	0.5	3.6
2026-09-16T12:49:00+02:00	3	2.2	low	0	away					0	0	0	0	0	0	0	46.4	0	0.6	3.9
2026-09-16T12:50:00+02:00	4	2.7	low	0	away					0	0	0	0	0	0	0	46.6	0	0.6	3.1
2026-09-16T12:51:00+02:00	4	2.7	low	0	away					0	0	0	0	0	0	0	46.7	0	0.6	4.8
2026-09-16T12:52:00+02:00	2	1.4	low	0	away					0	0	0	0	0	0	0	46.8	0	0.6	2.1
2026-09-16T12:53:00+02:00	5	3.8	low	0	away					0	0	0	0	0	0	0	46.8	0	0.6	4.4
2026-09-16T12:54:00+02:00	8	6.0	low	0	away					0	0	0	0	0	0	0	46.6	0	0.6	2.4
2026-09-16T12:55:00+02:00	4	2.9	low	0	away					0	0	0	0	0	0	0	46.8	0	0.6	3.0
2026-09-16T12:56:00+02:00	3	2.0	low	0	away					0	0	0	0	0	0	0	46.7	0	0.7	3.3
2026-09-16T12:57:00+02:00	23	15.3	moderate	0	away					0	0	0	0	0	0	0	46.9	0	0.6	2.7
2026-09-16T12:58:00+02:00	1	0.6	low	0	away					0	0	0	0	0	0	0	46.5	0	0.6	3.3
2026-09-16T12:59:00+02:00	1	0.7	low	0	away					0	0	0	0	0	0	0	46.8	0	0.6	2.9
2026-09-16T13:00:00+02:00	1	0.7	low	0	away					0	0	0	0	0	0	0	46.3	0	0.6	3.2
2026-09-16T13:01:00+02:00	3	2.3	low	0	away					0	0	0	0	0	0	0	46.8	0	0.6	4.5
2026-09-16T13:02:00+02:00	4	3.0	low	0	away					0	0	0	0	0	0	0	46.9	0	0.6	4.3
2026-09-16T13:03:00+02:00	3	2.0	low	0	away					0	0	0	0	0	0	0	46.4	0	0.6	3.8
2026-09-16T13:04:00+02:00	31	22.3	moderate	0	away					0	0	0	0	0	0	0	47.0	0	0.7	3.9
2026-09-16T13:05:00+02:00	13	8.5	low	0	away					0	0	0	0	0	0	0	46.5	0	0.7	3.8
2026-09-16T13:06:00+02:00	2	1.5	low	0	away					0	0	0	0	0	0	0	46.7	0	0.6	4.1
2026-09-16T13:07:00+02:00	11	8.2	low	0	away					0	0	0	0	0	0	0	46.4	0	0.6	4.7
2026-09-16T13:08:00+02:00	10	7.4	low	0	away					0	0	0	0	0	0	0	46.4	0	0.6	4.5
2026-09-16T13:09:00+02:00	0	0.0	low	0	away					0	0	0	0	0	0	0	46.7	0	0.5	4.6
2026-09-16T13:10:00+02:00	19	12.8	low	0	away					0	0	0	0	0	0	0	46.8	0	0.6	2.5
2026-09-16T13:11:00+02:00	0	0.0	low	0	away					0	0	0	0	0	0	0	47.0	0	0.6	2.1
2026-09-16T13:12:00+02:00	1	0.7	low	0	away					0	0	0	0	0	0	0	46.7	0	0.6	3.6
2026-09-16T13:13:00+02:00	0	0.0	low	0	away					0	0	0	0	0	0	0	46.3	0	0.5	2.3
2026-09-16T13:14:00+02:00	14	9.0	low	0	away					0	0	0	0	0	0	0	46.9	0	0.7	3.4
2026-09-16T13:15:00+02:00	0	0.0	low	0	away					0	0	0	0	0	0	0	47.0	0	0.6	4.9
2026-09-16T13:16:00+02:00	1	0.7	low	0	away					0	0	0	0	0	0	0	46.5	0	0.6	2.4
2026-09-16T13:17:00+02:00	3	2.1	low	0	away					0	0	0	0	0	0	0	46.2	0	0.6	3.5
2026-09-16T13:18:00+02:00	2	1.5	low	0	away					0	0	0	0	0	0	0	46.2	0	0.6	4.2
2026-09-16T13:19:00+02:00	4	2.8	low	0	away					0	0	0	0	0	0	0	46.3	0	0.6	2.5
2026-09-16T13:20:00+02:00	4	2.7	low	0	away					0	0	0	0	0	0	0	46.2	0	0.6	4.4
2026-09-16T13:21:00+02:00	34	23.3	moderate	0	away					0	0	0	0	0	0	0	46.7	0	0.6	4.3
2026-09-16T13:22:00+02:00	1	0.7	low	0	away					0	0	0	0	0	0	0	46.2	0	0.6	4.8
2026-09-16T13:23:00+02:00	4	3.0	low	0	away					0	0	0	0	0	0	0	46.8	0	0.6	3.9
2026-09-16T13:24:00+02:00	0	0.0	low	0	away					0	0	0	0	0	0	0	46.9	0	0.6	4.1
2026-09-16T13:25:00+02:00	3	2.1	low	0	away					0	0	0	0	0	0	0	46.6	0	0.6	4.3
2026-09-16T13:26:00+02:00	6	3.9	low	0	away					0	0	0	0	0	0	0	46.5	0	0.6	3.5
2026-09-16T13:27:00+02:00	0	0.0	low	0	away					0	0	0	0	0	0	0	46.2	0	0.5	3.5
2026-09-16T13:28:00+02:00	13	9.1	low	0	away					0	0	0	0	0	0	0	46.9	0	0.6	5.0
2026-09-16T13:29:00+02:00	1	0.7	low	0	away					0	0	0	0	0	0	0	46.3	0	0.6	3.5
2026-09-16T13:30:00+02:00	10	7.3	low	0	kitchen	9.13	6.06	4.31	1.26	0	0	0	1	0	0	0	46.8	0	0.6	2.6
2026-09-16T13:31:00+02:00	15	9.9	low	0	kitchen	8.62	5.72	4.37	1.22	0	0	0	1	0	0	0	46.2	0	0.6	2.6
2026-09-16T13:32:00+02:00	11	7.3	low	0	kitchen	9.27	5.56	4.07	0.71	0	0	0	1	1	0	0	46.1	0	0.6	3.9
2026-09-16T13:33:00+02:00	18	12.0	low	0	kitchen	9.28	5.94	4.18	0.91	0	0	0	1	1	0	0	46.8	0	0.6	4.3
2026-09-16T13:34:00+02:00	8	5.5	low	0	kitchen	9.31	6.17	4.51	0.95	0	0	0	1	0	0	0	46.2	0	0.6	4.5
2026-09-16T13:35:00+02:00	8	5.5	low	0	kitchen	8.81	5.62	4.57	1.48	0	0	0	1	0	0	0	46.7	1	0.6	2.8
2026-09-16T13:36:00+02:00	6	4.1	low	0	kitchen	9.04	6.02	4.92	1.48	0	0	0	1	0	0	0	46.7	1	0.6	3.5
2026-09-16T13:37:00+02:00	8	5.4	low	0	kitchen	8.67	5.73	4.79	1.42	0	0	0	1	0	0	0	46.9	0	0.6	3.2
2026-09-16T13:38:00+02:00	17	12.7	low	0	kitchen	8.97	6.29	4.70	1.46	0	0	0	1	0	0	1	46.6	0	0.6	2.9
2026-09-16T13:39:00+02:00	18	12.2	low	0	kitchen	9.42	5.95	4.70	1.05	0	0	0	1	0	0	1	46.2	0	0.6	2.1
2026-09-16T13:40:00+02:00	5	3.6	low	0	kitchen	8.85	5.94	4.27	1.10	0	0	0	1	0	0	1	46.8	0	0.6	2.1
2026-09-16T13:41:00+02:00	9	6.1	low	0	kitchen	8.89	5.79	4.81	1.52	0	0	0	1	0	0	1	46.2	0	0.7	4.3
2026-09-16T13:42:00+02:00	3	2.2	low	0	kitchen	8.94	5.86	4.57	1.44	0	0	0	1	0	0	0	46.4	0	0.6	2.2
2026-09-16T13:43:00+02:00	4	2.9	low	0	kitchen	9.35	5.90	4.15	1.16	0	0	0	1	0	0	0	46.6	0	0.6	3.9
2026-09-16T13:44:00+02:00	7	5.3	low	0	kitchen	8.58	5.80	4.98	1.21	0	0	0	1	0	0	0	46.8	0	0.6	3.1
2026-09-16T13:45:00+02:00	10	7.2	low	0	kitchen	9.18	6.29	4.72	0.77	0	0	0	1	0	0	0	46.1	0	0.6	3.9
2026-09-16T13:46:00+02:00	11	7.1	low	0	kitchen	8.52	5.53	4.08	0.73	0	0	0	1	0	0	0	46.6	0	0.6	3.7
2026-09-16T13:47:00+02:00	8	5.2	low	0	kitchen	8.83	6.32	4.51	0.75	0	0	0	1	0	0	0	46.4	0	0.6	3.9
2026-09-16T13:48:00+02:00	17	12.0	low	0	kitchen	8.53	5.88	4.72	1.08	0	0	0	1	0	0	0	46.8	0	0.6	2.8
2026-09-16T13:49:00+02:00	3	2.3	low	0	kitchen	9.00	5.54	4.04	0.79	0	0	0	1	0	0	0	46.4	0	0.6	4.9
2026-09-16T13:50:00+02:00	18	11.6	low	0	kitchen	9.15	6.12	4.32	0.90	0	0	0	1	0	0	0	46.5	0	0.6	3.5
2026-09-16T13:51:00+02:00	12	8.1	low	0	kitchen	8.70	5.55	4.26	1.52	0	0	0	1	0	0	0	46.7	0	0.6	3.3
2026-09-16T13:52:00+02:00	4	2.7	low	0	kitchen	9.01	5.61	4.36	1.50	0	0	0	1	0	0	0	46.7	0	0.5	4.0
2026-09-16T13:53:00+02:00	8	5.4	low	0	kitchen	8.62	6.50	4.57	1.21	0	0	0	1	0	0	0	46.5	0	0.6	3.0
2026-09-16T13:54:00+02:00	15	10.6	low	0	kitchen	9.27	5.71	4.95	1.36	0	0	0	1	0	0	0	46.6	0	0.7	3.2
2026-09-16T13:55:00+02:00	11	7.6	low	0	kitchen	8.78	5.72	4.37	1.35	0	0	0	1	1	0	0	46.8	0	0.6	2.1
2026-09-16T13:56:00+02:00	17	11.2	low	0	kitchen	9.31	5.63	4.49	1.03	0	0	0	1	0	0	0	46.4	0	0.6	4.2
2026-09-16T13:57:00+02:00	3	2.0	low	0	kitchen	9.23	5.53	4.24	1.53	0	0	0	1	0	0	0	46.3	0	0.6	4.3
2026-09-16T13:58:00+02:00	10	6.8	low	0	kitchen	8.73	5.64	4.76	1.08	0	0	0	1	0	0	0	46.3	0	0.6	3.6
2026-09-16T13:59:00+02:00	13	9.2	low	0	kitchen	8.78	6.48	4.32	1.25	0	0	0	1	0	0	0	46.4	0	0.6	3.3
2026-09-16T14:00:00+02:00	5	3.7	low	0	kitchen	9.44	5.55	4.83	1.43	0	0	0	1	0	0	0	46.1	0	0.6	4.3
2026-09-16T14:01:00+02:00	9	6.0	low	0	kitchen	8.99	5.63	4.58	1.00	0	0	0	1	0	0	0	46.1	0	0.6	3.0
2026-09-16T14:02:00+02:00	10	7.1	low	0	kitchen	9.08	6.46	4.87	1.23	0	0	0	1	0	0	0	46.1	0	0.6	3.8
2026-09-16T14:03:00+02:00	9	6.8	low	0	kitchen	9.01	6.41	4.11	0.99	0	0	0	1	0	0	0	46.5	0	0.6	2.2
2026-09-16T14:04:00+02:00	15	10.6	low	0	kitchen	8.58	6.45	5.00	1.17	0	0	0	1	0	0	0	46.0	0	0.6	4.3
2026-09-16T14:05:00+02:00	14	10.2	low	0	kitchen	8.56	6.34	4.10	1.59	0	0	0	1	0	0	0	46.3	0	0.6	2.3
2026-09-16T14:06:00+02:00	3	2.1	low	0	kitchen	8.94	5.98	4.73	1.34	0	0	0	1	0	0	0	46.2	0	0.6	5.0
2026-09-16T14:07:00+02:00	14	10.2	low	0	kitchen	9.00	5.55	4.06	1.03	0	0	0	1	0	0	0	46.2	0	0.5	4.9
2026-09-16T14:08:00+02:00	16	11.5	low	0	kitchen	8.89	5.52	4.11	1.58	0	0	0	1	0	0	0	46.6	0	0.6	2.0
2026-09-16T14:09:00+02:00	3	2.0	low	0	kitchen	9.18	5.95	4.17	0.89	0	0	0	1	0	0	0	46.4	0	0.6	2.5
2026-09-16T14:10:00+02:00	10	7.6	low	0	kitchen	9.16	6.19	4.93	0.89	0	0	0	1	0	0	0	46.2	0	0.6	3.8
2026-09-16T14:11:00+02:00	11	8.2	low	0	kitchen	8.69	5.69	4.78	1.58	0	0	0	1	0	0	0	46.4	0	0.6	2.6
2026-09-16T14:12:00+02:00	18	11.6	low	0	kitchen	9.17	5.58	4.24	1.31	0	0	0	1	0	0	0	46.6	0	0.5	4.7
2026-09-16T14:13:00+02:00	7	4.5	low	0	kitchen	9.28	5.87	4.93	1.32	0	0	0	1	0	0	0	46.7	0	0.6	3.9
2026-09-16T14:14:00+02:00	12	9.0	low	0	kitchen	9.35	6.44	4.47	1.21	0	0	0	1	0	0	0	46.5	0	0.6	2.4
2026-09-16T14:15:00+02:00	3	2.0	low	0	living_room	7.00	4.90	1.76	4.23	0	0	1	0	0	0	0	46.3	0	0.6	4.2
2026-09-16T14:16:00+02:00	0	0.0	low	0	living_room	6.71	4.98	1.55	4.72	0	0	1	0	0	0	0	46.7	0	0.7	4.4
2026-09-16T14:17:00+02:00	0	0.0	low	0	living_room	6.59	5.25	1.30	4.43	0	0	0	0	0	0	0	46.0	0	0.5	4.3
2026-09-16T14:18:00+02:00	0	0.0	low	0	living_room	6.53	5.16	1.31	4.78	0	0	0	0	0	0	0	46.4	0	0.6	2.1
2026-09-16T14:19:00+02:00	4	2.9	low	0	living_room	6.35	5.01	1.72	4.30	0	0	1	0	0	0	0	46.5	0	0.6	3.0
2026-09-16T14:20:00+02:00	1	0.7	low	0	living_room	6.65	5.31	0.96	4.11	0	0	1	0	0	0	0	46.0	0	0.5	2.8
2026-09-16T14:21:00+02:00	0	0.0	low	0	living_room	6.32	4.76	1.43	4.44	0	0	0	0	0	0	0	45.9	0	0.5	2.6
2026-09-16T14:22:00+02:00	0	0.0	low	0	living_room	6.35	5.19	1.10	4.18	0	0	0	0	0	0	0	46.2	0	0.6	2.4
2026-09-16T14:23:00+02:00	2	1.3	low	0	living_room	6.33	4.62	1.49	4.34	0	0	1	0	0	0	0	46.3	0	0.6	5.0
2026-09-16T14:24:00+02:00	0	0.0	low	0	living_room	6.38	5.01	1.40	4.98	0	0	0	0	0	0	0	46.7	0	0.5	3.0
2026-09-16T14:25:00+02:00	0	0.0	low	0	living_room	6.95	5.22	1.52	4.97	0	0	0	0	0	0	0	46.1	0	0.6	2.2
2026-09-16T14:26:00+02:00	0	0.0	low	0	living_room	6.12	5.12	1.11	4.24	0	0	0	0	0	0	0	45.9	0	0.7	3.3
2026-09-16T14:27:00+02:00	0	0.0	low	0	living_room	7.00	5.34	0.87	4.47	0	0	0	0	0	0	0	46.4	0	0.6	4.4
2026-09-16T14:28:00+02:00	0	0.0	low	0	living_room	6.77	5.07	1.60	4.62	0	0	0	0	0	0	0	46.0	0	0.5	3.9
2026-09-16T14:29:00+02:00	0	0.0	low	0	living_room	6.69	4.91	1.68	4.16	0	0	0	0	0	0	0	46.0	0	0.5	4.7
2026-09-16T14:30:00+02:00	0	0.0	low	0	living_room	6.98	5.02	1.75	4.64	0	0	0	0	0	0	0	46.1	0	0.7	5.0
2026-09-16T14:31:00+02:00	0	0.0	low	0	living_room	6.97	4.92	1.08	4.10	0	0	0	0	0	0	0	46.7	0	0.6	4.1
2026-09-16T14:32:00+02:00	0	0.0	low	0	living_room	6.56	5.33	1.01	4.61	0	0	0	0	0	0	0	46.4	0	0.6	4.9
2026-09-16T14:33:00+02:00	0	0.0	low	0	living_room	6.66	4.98	1.35	4.84	0	0	0	0	0	0	0	46.4	0	0.6	3.0
2026-09-16T14:34:00+02:00	0	0.0	low	0	living_room	6.05	4.98	1.17	4.76	0	0	0	0	0	0	0	45.9	0	0.7	3.9
2026-09-16T14:35:00+02:00	0	0.0	low	0	living_room	6.42	5.34	1.05	4.32	0	0	0	0	0	0	0	46.5	0	0.7	3.3
2026-09-16T14:36:00+02:00	2	1.4	low	0	living_room	6.56	4.64	1.44	4.52	0	0	1	0	0	0	0	46.5	0	0.6	4.4
2026-09-16T14:37:00+02:00	0	0.0	low	0	living_room	6.53	4.55	1.13	4.37	0	0	0	0	0	0	0	46.0	0	0.6	4.9
2026-09-16T14:38:00+02:00	2	1.3	low	0	living_room	6.07	4.85	1.40	4.64	0	0	1	0	0	0	0	45.9	0	0.6	2.9
2026-09-16T14:39:00+02:00	0	0.0	low	0	living_room	6.30	4.62	1.57	4.78	0	0	0	0	0	0	0	46.2	0	0.6	4.6
2026-09-16T14:40:00+02:00	0	0.0	low	0	living_room	6.00	5.39	1.13	4.79	0	0	1	0	0	0	0	46.3	0	0.7	4.0
2026-09-16T14:41:00+02:00	0	0.0	low	0	living_room	6.79	5.08	1.71	4.41	0	0	0	0	0	0	0	46.2	0	0.5	2.2
2026-09-16T14:42:00+02:00	0	0.0	low	0	living_room	6.10	5.08	1.64	4.99	0	0	0	0	0	0	0	46.0	0	0.6	3.6
2026-09-16T14:43:00+02:00	0	0.0	low	0	living_room	6.95	5.29	1.30	4.96	0	0	0	0	0	0	0	46.2	0	0.5	3.8
2026-09-16T14:44:00+02:00	0	0.0	low	0	living_room	6.60	4.79	1.32	4.23	0	0	0	0	0	0	0	46.1	0	0.6	2.8
2026-09-16T14:45:00+02:00	3	2.1	low	0	away					0	0	0	0	0	0	0	46.2	0	0.5	3.1
2026-09-16T14:46:00+02:00	4	2.8	low	0	away					0	0	0	0	0	0	0	46.0	0	0.6	2.2
2026-09-16T14:47:00+02:00	0	0.0	low	0	away					0	0	0	0	0	0	0	45.9	0	0.6	3.5
2026-09-16T14:48:00+02:00	1	0.7	low	0	away					0	0	0	0	0	0	0	46.1	0	0.6	3.5
2026-09-16T14:49:00+02:00	3	2.0	low	0	away					0	0	0	0	0	0	0	46.4	0	0.6	4.9
2026-09-16T14:50:00+02:00	14	9.9	low	0	away					0	0	0	0	0	0	0	46.4	0	0.6	2.4
2026-09-16T14:51:00+02:00	11	7.7	low	0	away					0	0	0	0	0	0	0	46.1	0	0.6	4.4
2026-09-16T14:52:00+02:00	18	12.3	low	0	away					0	0	0	0	0	0	0	46.4	0	0.6	2.9
2026-09-16T14:53:00+02:00	3	2.0	low	0	away					0	0	0	0	0	0	0	46.4	0	0.7	3.9
2026-09-16T14:54:00+02:00	2	1.3	low	0	away					0	0	0	0	0	0	0	46.0	0	0.6	4.6
2026-09-16T14:55:00+02:00	1	0.7	low	0	away					0	0	0	0	0	0	0	46.5	0	0.6	2.5
2026-09-16T14:56:00+02:00	3	2.2	low	0	away					0	0	0	0	0	0	0	45.9	0	0.6	4.4
2026-09-16T14:57:00+02:00	4	2.8	low	0	away					0	0	0	0	0	0	0	46.5	0	0.7	3.6
2026-09-16T14:58:00+02:00	0	0.0	low	0	away					0	0	0	0	0	0	0	46.4	0	0.6	2.3
2026-09-16T14:59:00+02:00	2	1.4	low	0	away					0	0	0	0	0	0	0	46.2	0	0.6	2.8
2026-09-16T15:00:00+02:00	4	3.0	low	0	away					0	0	0	0	0	0	0	46.0	0	0.6	3.9
2026-09-16T15:01:00+02:00	15	9.6	low	0	away					0	0	0	0	0	0	0	46.3	0	0.6	2.5
2026-09-16T15:02:00+02:00	4	2.9	low	0	away					0	0	0	0	0	0	0	45.9	0	0.6	4.1
2026-09-16T15:03:00+02:00	1	0.7	low	0	away					0	0	0	0	0	0	0	46.0	0	0.7	4.1
2026-09-16T15:04:00+02:00	3	1.9	low	0	away					0	0	0	0	0	0	0	46.3	0	0.6	3.1
2026-09-16T15:05:00+02:00	11	7.4	low	0	away					0	0	0	0	0	0	0	46.0	0	0.7	3.2
2026-09-16T15:06:00+02:00	1	0.7	low	0	away					0	0	0	0	0	0	0	46.5	0	0.6	3.0
2026-09-16T15:07:00+02:00	14	9.2	low	0	away					0	0	0	0	0	0	0	46.1	0	0.6	3.4
2026-09-16T15:08:00+02:00	35	26.0	moderate	0	away					0	0	0	0	0	0	0	45.9	0	0.6	2.5
2026-09-16T15:09:00+02:00	2	1.5	low	0	away					0	0	0	0	0	0	0	46.3	0	0.6	3.8
2026-09-16T15:10:00+02:00	1	0.7	low	0	away					0	0	0	0	0	0	0	46.0	0	0.6	3.9
2026-09-16T15:11:00+02:00	4	2.9	low	0	away					0	0	0	0	0	0	0	46.4	0	0.6	4.8
2026-09-16T15:12:00+02:00	4	2.6	low	0	away					0	0	0	0	0	0	0	46.2	0	0.6	4.0
2026-09-16T15:13:00+02:00	4	2.6	low	0	away					0	0	0	0	0	0	0	46.5	0	0.6	2.6
2026-09-16T15:14:00+02:00	5	3.5	low	0	away					0	0	0	0	0	0	0	46.2	0	0.7	3.4
2026-09-16T15:15:00+02:00	9	5.9	low	0	away					0	0	0	0	0	0	0	45.7	0	0.6	4.4
2026-09-16T15:16:00+02:00	0	0.0	low	0	away					0	0	0	0	0	0	0	45.7	0	0.5	3.3
2026-09-16T15:17:00+02:00	3	2.1	low	0	away					0	0	0	0	0	0	0	46.0	0	0.5	3.2
2026-09-16T15:18:00+02:00	3	2.2	low	0	away					0	0	0	0	0	0	0	46.4	0	0.6	4.0
2026-09-16T15:19:00+02:00	2	1.4	low	0	away					0	0	0	0	0	0	0	45.9	0	0.7	4.6
2026-09-16T15:20:00+02:00	4	2.8	low	0	away					0	0	0	0	0	0	0	46.4	0	0.6	3.1
2026-09-16T15:21:00+02:00	2	1.3	low	0	away					0	0	0	0	0	0	0	45.8	0	0.7	3.2
2026-09-16T15:22:00+02:00	2	1.3	low	0	away					0	0	0	0	0	0	0	46.4	0	0.7	2.3
2026-09-16T15:23:00+02:00	30	19.3	moderate	0	away					0	0	0	0	0	0	0	45.9	0	0.6	3.2
2026-09-16T15:24:00+02:00	0	0.0	low	0	away					0	0	0	0	0	0	0	46.0	0	0.6	4.7
2026-09-16T15:25:00+02:00	1	0.7	low	0	away					0	0	0	0	0	0	0	45.8	0	0.5	4.2
2026-09-16T15:26:00+02:00	3	2.1	low	0	away					0	0	0	0	0	0	0	46.4	0	0.5	4.8
2026-09-16T15:27:00+02:00	19	13.1	low	0	away					0	0	0	0	0	0	0	46.1	0	0.6	3.9
2026-09-16T15:28:00+02:00	4	2.7	low	0	away					0	0	0	0	0	0	0	46.0	0	0.6	4.8
2026-09-16T15:29:00+02:00	1	0.7	low	0	away					0	0	0	0	0	0	0	46.0	0	0.6	2.5
2026-09-16T15:30:00+02:00	24	17.1	moderate	0	away					0	0	0	0	0	0	0	45.8	0	0.6	3.0
2026-09-16T15:31:00+02:00	2	1.3	low	0	away					0	0	0	0	0	0	0	46.4	0	0.6	4.6
2026-09-16T15:32:00+02:00	3	2.2	low	0	away					0	0	0	0	0	0	0	46.3	0	0.6	3.7
2026-09-16T15:33:00+02:00	0	0.0	low	0	away					0	0	0	0	0	0	0	45.7	0	0.6	3.5
2026-09-16T15:34:00+02:00	3	2.3	low	0	away					0	0	0	0	0	0	0	46.0	0	0.6	3.1
2026-09-16T15:35:00+02:00	11	8.1	low	0	away					0	0	0	0	0	0	0	46.2	0	0.6	3.2
2026-09-16T15:36:00+02:00	20	14.9	moderate	0	away					0	0	0	0	0	0	0	45.9	0	0.6	4.9
2026-09-16T15:37:00+02:00	3	2.1	low	0	away					0	0	0	0	0	0	0	46.2	0	0.6	2.8
2026-09-16T15:38:00+02:00	1	0.6	low	0	away					0	0	0	0	0	0	0	46.4	0	0.6	2.7
2026-09-16T15:39:00+02:00	3	2.2	low	0	away					0	0	0	0	0	0	0	46.0	0	0.6	3.1
2026-09-16T15:40:00+02:00	34	24.2	moderate	0	away					0	0	0	0	0	0	0	46.4	0	0.6	3.1
2026-09-16T15:41:00+02:00	0	0.0	low	0	away					0	0	0	0	0	0	0	45.9	0	0.6	2.4
2026-09-16T15:42:00+02:00	0	0.0	low	0	away					0	0	0	0	0	0	0	46.0	0	0.6	4.9
2026-09-16T15:43:00+02:00	2	1.4	low	0	away					0	0	0	0	0	0	0	45.8	0	0.6	2.8
2026-09-16T15:44:00+02:00	26	19.4	moderate	0	away					0	0	0	0	0	0	0	46.0	0	0.6	4.3
2026-09-16T15:45:00+02:00	13	9.4	low	0	away					0	0	0	0	0	0	0	45.6	0	0.6	2.3
2026-09-16T15:46:00+02:00	1	0.7	low	0	away					0	0	0	0	0	0	0	45.9	0	0.6	2.5
2026-09-16T15:47:00+02:00	0	0.0	low	0	away					0	0	0	0	0	0	0	46.2	0	0.6	3.3
2026-09-16T15:48:00+02:00	24	17.3	moderate	0	away					0	0	0	0	0	0	0	45.8	0	0.6	3.5
2026-09-16T15:49:00+02:00	1	0.6	low	0	away					0	0	0	0	0	0	0	45.6	0	0.6	4.0
2026-09-16T15:50:00+02:00	4	2.9	low	0	away					0	0	0	0	0	0	0	46.0	0	0.6	3.1
2026-09-16T15:51:00+02:00	10	7.2	low	0	away					0	0	0	0	0	0	0	45.7	0	0.6	2.7
2026-09-16T15:52:00+02:00	2	1.5	low	0	away					0	0	0	0	0	0	0	46.0	0	0.6	3.8
2026-09-16T15:53:00+02:00	1	0.7	low	0	away					0	0	0	0	0	0	0	46.1	0	0.6	3.8
2026-09-16T15:54:00+02:00	4	3.0	low	0	away					0	0	0	0	0	0	0	46.0	0	0.5	3.0
2026-09-16T15:55:00+02:00	4	2.8	low	0	away					0	0	0	0	0	0	0	46.3	0	0.6	2.2
2026-09-16T15:56:00+02:00	3	2.1	low	0	away					0	0	0	0	0	0	0	46.3	0	0.6	2.0
2026-09-16T15:57:00+02:00	3	2.1	low	0	away					0	0	0	0	0	0	0	45.8	0	0.6	4.0
2026-09-16T15:58:00+02:00	12	8.2	low	0	away					0	0	0	0	0	0	0	46.2	0	0.6	2.4
2026-09-16T15:59:00+02:00	2	1.5	low	0	away					0	0	0	0	0	0	0	45.6	0	0.6	2.7
2026-09-16T16:00:00+02:00	0	0.0	low	0	away					0	0	0	0	0	0	0	45.6	0	0.5	3.0
2026-09-16T16:01:00+02:00	4	3.0	low	0	away					0	0	0	0	0	0	0	46.2	0	0.6	2.3
2026-09-16T16:02:00+02:00	4	3.0	low	0	away					0	0	0	0	0	0	0	46.3	0	0.6	2.4
2026-09-16T16:03:00+02:00	27	19.2	moderate	0	away					0	0	0	0	0	0	0	46.3	0	0.6	3.7
2026-09-16T16:04:00+02:00	34	25.8	moderate	0	away					0	0	0	0	0	0	0	45.6	0	0.6	2.2
2026-09-16T16:05:00+02:00	2	1.3	low	0	away					0	0	0	0	0	0	0	45.9	0	0.6	2.1
2026-09-16T16:06:00+02:00	3	2.0	low	0	away					0	0	0	0	0	0	0	45.9	0	0.6	3.2
2026-09-16T16:07:00+02:00	24	16.2	moderate	0	away					0	0	0	0	0	0	0	45.7	0	0.6	4.7
2026-09-16T16:08:00+02:00	5	3.3	low	0	away					0	0	0	0	0	0	0	45.9	0	0.6	4.1
2026-09-16T16:09:00+02:00	3	2.0	low	0	away					0	0	0	0	0	0	0	46.3	0	0.6	3.1
2026-09-16T16:10:00+02:00	0	0.0	low	0	away					0	0	0	0	0	0	0	46.3	0	0.6	3.9
2026-09-16T16:11:00+02:00	4	2.9	low	0	away					0	0	0	0	0	0	0	46.2	0	0.6	3.3
2026-09-16T16:12:00+02:00	35	25.5	moderate	0	away					0	0	0	0	0	0	0	45.9	0	0.6	3.8
2026-09-16T16:13:00+02:00	2	1.5	low	0	away					0	0	0	0	0	0	0	45.8	0	0.6	2.2
2026-09-16T16:14:00+02:00	1	0.7	low	0	away					0	0	0	0	0	0	0	46.1	0	0.6	2.2
2026-09-16T16:15:00+02:00	3	2.2	low	0	away					0	0	0	0	0	0	0	46.2	0	0.6	4.0
2026-09-16T16:16:00+02:00	25	17.2	moderate	0	away					0	0	0	0	0	0	0	46.0	0	0.6	4.5
2026-09-16T16:17:00+02:00	0	0.0	low	0	away					0	0	0	0	0	0	0	45.6	0	0.5	3.6
2026-09-16T16:18:00+02:00	3	2.3	low	0	away					0	0	0	0	0	0	0	45.6	0	0.5	2.1
2026-09-16T16:19:00+02:00	19	13.3	low	0	away					0	0	0	0	0	0	0	46.2	0	0.6	3.2
2026-09-16T16:20:00+02:00	0	0.0	low	0	away					0	0	0	0	0	0	0	45.9	0	0.6	3.7
2026-09-16T16:21:00+02:00	29	20.3	moderate	0	away					0	0	0	0	0	0	0	46.2	0	0.6	3.2
2026-09-16T16:22:00+02:00	35	23.6	moderate	0	away					0	0	0	0	0	0	0	46.2	0	0.6	3.4
2026-09-16T16:23:00+02:00	5	3.4	low	0	away					0	0	0	0	0	0	0	46.0	0	0.6	3.6
2026-09-16T16:24:00+02:00	1	0.7	low	0	away					0	0	0	0	0	0	0	45.6	0	0.6	3.9
2026-09-16T16:25:00+02:00	3	2.2	low	0	away					0	0	0	0	0	0	0	46.0	0	0.6	4.7
2026-09-16T16:26:00+02:00	12	8.1	low	0	away					0	0	0	0	0	0	0	46.3	0	0.6	2.2
2026-09-16T16:27:00+02:00	1	0.7	low	0	away					0	0	0	0	0	0	0	45.9	0	0.6	3.1
2026-09-16T16:28:00+02:00	1	0.7	low	0	away					0	0	0	0	0	0	0	45.6	0	0.6	3.4
2026-09-16T16:29:00+02:00	3	2.3	low	0	away					0	0	0	0	0	0	0	45.6	0	0.6	4.7
2026-09-16T16:30:00+02:00	2	1.4	low	0	away					0	0	0	0	0	0	0	45.5	0	0.7	3.8
2026-09-16T16:31:00+02:00	2	1.5	low	0	away					0	0	0	0	0	0	0	46.2	0	0.6	2.5
2026-09-16T16:32:00+02:00	2	1.5	low	0	away					0	0	0	0	0	0	0	45.5	0	0.6	2.9
2026-09-16T16:33:00+02:00	3	2.2	low	0	away					0	0	0	0	0	0	0	45.8	0	0.6	2.2
2026-09-16T16:34:00+02:00	2	1.4	low	0	away					0	0	0	0	0	0	0	46.1	0	0.6	3.4
2026-09-16T16:35:00+02:00	2	1.4	low	0	away					0	0	0	0	0	0	0	46.1	0	0.7	2.6
2026-09-16T16:36:00+02:00	2	1.5	low	0	away					0	0	0	0	0	0	0	46.2	0	0.6	4.2
2026-09-16T16:37:00+02:00	3	2.0	low	0	away					0	0	0	0	0	0	0	46.2	0	0.7	3.7
2026-09-16T16:38:00+02:00	4	2.6	low	0	away					0	0	0	0	0	0	0	45.7	0	0.6	4.2
2026-09-16T16:39:00+02:00	0	0.0	low	0	away					0	0	0	0	0	0	0	46.0	0	0.6	4.3
2026-09-16T16:40:00+02:00	1	0.7	low	0	away					0	0	0	0	0	0	0	45.6	0	0.6	4.0
2026-09-16T16:41:00+02:00	16	11.3	low	0	away					0	0	0	0	0	0	0	45.5	0	0.6	4.2
2026-09-16T16:42:00+02:00	1	0.6	low	0	away					0	0	0	0	0	0	0	46.2	0	0.6	3.1
2026-09-16T16:43:00+02:00	3	2.1	low	0	away					0	0	0	0	0	0	0	46.1	0	0.6	4.6
2026-09-16T16:44:00+02:00	32	23.5	moderate	0	away					0	0	0	0	0	0	0	46.2	0	0.7	2.9
2026-09-16T16:45:00+02:00	2	1.4	low	0	away					0	0	0	0	0	0	0	45.8	0	0.6	3.7
2026-09-16T16:46:00+02:00	1	0.7	low	0	away					0	0	0	0	0	0	0	46.0	0	0.5	4.3
2026-09-16T16:47:00+02:00	3	2.1	low	0	away					0	0	0	0	0	0	0	46.2	0	0.6	4.9
2026-09-16T16:48:00+02:00	2	1.5	low	0	away					0	0	0	0	0	0	0	45.8	0	0.6	4.3
2026-09-16T16:49:00+02:00	3	2.2	low	0	away					0	0	0	0	0	0	0	45.5	0	0.5	4.3
2026-09-16T16:50:00+02:00	25	18.6	moderate	0	away					0	0	0	0	0	0	0	45.7	0	0.6	4.1
2026-09-16T16:51:00+02:00	35	23.6	moderate	0	away					0	0	0	0	0	0	0	46.2	0	0.7	2.7
2026-09-16T16:52:00+02:00	0	0.0	low	0	away					0	0	0	0	0	0	0	45.8	0	0.6	4.5
2026-09-16T16:53:00+02:00	0	0.0	low	0	away					0	0	0	0	0	0	0	45.9	0	0.6	2.1
2026-09-16T16:54:00+02:00	3	2.1	low	0	away					0	0	0	0	0	0	0	46.0	0	0.6	3.8
2026-09-16T16:55:00+02:00	12	8.0	low	0	away					0	0	0	0	0	0	0	46.1	0	0.6	4.6
2026-09-16T16:56:00+02:00	8	5.5	low	0	away					0	0	0	0	0	0	0	45.8	0	0.6	2.3
2026-09-16T16:57:00+02:00	3	2.1	low	0	away					0	0	0	0	0	0	0	46.0	0	0.6	4.7
2026-09-16T16:58:00+02:00	31	19.9	moderate	0	away					0	0	0	0	0	0	0	46.0	0	0.6	4.5
2026-09-16T16:59:00+02:00	3	2.0	low	0	away					0	0	0	0	0	0	0	46.0	0	0.5	2.2
2026-09-16T17:00:00+02:00	23	16.5	moderate	0	away					0	0	0	0	0	0	0	45.5	0	0.7	3.0
2026-09-16T17:01:00+02:00	1	0.7	low	0	away					0	0	0	0	0	0	0	45.5	0	0.5	2.7
2026-09-16T17:02:00+02:00	29	21.7	moderate	0	away					0	0	0	0	0	0	0	46.1	0	0.5	4.2
2026-09-16T17:03:00+02:00	7	4.5	low	0	away					0	0	0	0	0	0	0	45.6	0	0.6	4.7
2026-09-16T17:04:00+02:00	2	1.4	low	0	away					0	0	0	0	0	0	0	45.9	0	0.6	2.7
2026-09-16T17:05:00+02:00	2	1.5	low	0	away					0	0	0	0	0	0	0	45.6	0	0.6	4.9
2026-09-16T17:06:00+02:00	3	2.3	low	0	away					0	0	0	0	0	0	0	45.9	0	0.6	4.2
2026-09-16T17:07:00+02:00	2	1.4	low	0	away					0	0	0	0	0	0	0	46.0	0	0.6	4.8
2026-09-16T17:08:00+02:00	29	20.3	moderate	0	away					0	0	0	0	0	0	0	46.2	0	0.6	3.5
2026-09-16T17:09:00+02:00	29	19.2	moderate	0	away					0	0	0	0	0	0	0	46.0	0	0.6	2.7
2026-09-16T17:10:00+02:00	4	3.0	low	0	away					0	0	0	0	0	0	0	46.0	0	0.6	3.9
2026-09-16T17:11:00+02:00	3	2.1	low	0	away					0	0	0	0	0	0	0	45.9	0	0.6	4.2
2026-09-16T17:12:00+02:00	13	9.1	low	0	away					0	0	0	0	0	0	0	45.5	0	0.6	2.4
2026-09-16T17:13:00+02:00	2	1.4	low	0	away					0	0	0	0	0	0	0	45.5	0	0.6	3.8
2026-09-16T17:14:00+02:00	1	0.8	low	0	away					0	0	0	0	0	0	0	46.2	0	0.6	3.7
2026-09-16T17:15:00+02:00	29	19.5	moderate	0	away					0	0	0	0	0	0	0	45.7	0	0.6	2.4
2026-09-16T17:16:00+02:00	4	2.8	low	0	away					0	0	0	0	0	0	0	45.6	0	0.6	2.6
2026-09-16T17:17:00+02:00	2	1.5	low	0	away					0	0	0	0	0	0	0	45.9	0	0.6	5.0
2026-09-16T17:18:00+02:00	1	0.7	low	0	away					0	0	0	0	0	0	0	45.7	0	0.6	2.1
2026-09-16T17:19:00+02:00	1	0.7	low	0	away					0	0	0	0	0	0	0	45.7	0	0.6	2.9
2026-09-16T17:20:00+02:00	1	0.7	low	0	away					0	0	0	0	0	0	0	45.4	0	0.7	4.0
2026-09-16T17:21:00+02:00	35	23.8	moderate	0	away					0	0	0	0	0	0	0	46.1	0	0.6	3.1
2026-09-16T17:22:00+02:00	3	1.9	low	0	away					0	0	0	0	0	0	0	45.7	0	0.6	2.5
2026-09-16T17:23:00+02:00	0	0.0	low	0	away					0	0	0	0	0	0	0	45.5	0	0.6	4.1
2026-09-16T17:24:00+02:00	3	2.1	low	0	away					0	0	0	0	0	0	0	45.5	0	0.7	4.5
2026-09-16T17:25:00+02:00	0	0.0	low	0	away					0	0	0	0	0	0	0	46.1	0	0.6	2.9
2026-09-16T17:26:00+02:00	30	20.8	moderate	0	away					0	0	0	0	0	0	0	45.7	0	0.6	3.8
2026-09-16T17:27:00+02:00	14	9.6	low	0	away					0	0	0	0	0	0	0	45.7	0	0.6	4.2
2026-09-16T17:28:00+02:00	2	1.4	low	0	away					0	0	0	0	0	0	0	45.9	0	0.6	4.8
2026-09-16T17:29:00+02:00	1	0.7	low	0	away					0	0	0	0	0	0	0	45.7	0	0.6	3.4
2026-09-16T17:30:00+02:00	0	0.0	low	0	away					0	0	0	0	0	0	0	46.0	0	0.6	3.0
2026-09-16T17:31:00+02:00	2	1.4	low	0	away					0	0	0	0	0	0	0	45.8	0	0.6	2.9
2026-09-16T17:32:00+02:00	0	0.0	low	0	away					0	0	0	0	0	0	0	45.5	0	0.6	4.9
2026-09-16T17:33:00+02:00	3	2.2	low	0	away					0	0	0	0	0	0	0	45.5	0	0.6	4.1
2026-09-16T17:34:00+02:00	7	5.2	low	0	away					0	0	0	0	0	0	0	45.9	0	0.6	2.6
2026-09-16T17:35:00+02:00	31	22.9	moderate	0	away					0	0	0	0	0	0	0	45.7	0	0.7	2.5
2026-09-16T17:36:00+02:00	18	12.3	low	0	away					0	0	0	0	0	0	0	45.6	0	0.6	4.8
2026-09-16T17:37:00+02:00	2	1.4	low	0	away					0	0	0	0	0	0	0	45.5	0	0.6	4.9
2026-09-16T17:38:00+02:00	1	0.7	low	0	away					0	0	0	0	0	0	0	45.8	0	0.6	3.3
2026-09-16T17:39:00+02:00	3	2.3	low	0	away					0	0	0	0	0	0	0	45.8	0	0.6	2.4
2026-09-16T17:40:00+02:00	1	0.7	low	0	away					0	0	0	0	0	0	0	45.9	0	0.6	3.4
2026-09-16T17:41:00+02:00	3	2.2	low	0	away					0	0	0	0	0	0	0	45.7	0	0.6	3.0
2026-09-16T17:42:00+02:00	0	0.0	low	0	away					0	0	0	0	0	0	0	45.8	0	0.6	3.5
2026-09-16T17:43:00+02:00	0	0.0	low	0	away					0	0	0	0	0	0	0	45.6	0	0.6	4.6
2026-09-16T17:44:00+02:00	3	2.1	low	0	away					0	0	0	0	0	0	0	45.4	0	0.6	4.0
2026-09-16T17:45:00+02:00	0	0.0	low	0	away					0	0	0	0	0	0	0	45.9	0	0.6	3.4
2026-09-16T17:46:00+02:00	12	8.1	low	0	away					0	0	0	0	0	0	0	45.9	0	0.6	3.9
2026-09-16T17:47:00+02:00	3	2.0	low	0	away					0	0	0	0	0	0	0	45.4	0	0.6	4.7
2026-09-16T17:48:00+02:00	7	5.0	low	0	away					0	0	0	0	0	0	0	45.5	0	0.6	2.6
2026-09-16T17:49:00+02:00	23	17.5	moderate	0	away					0	0	0	0	0	0	0	45.7	0	0.5	2.1
2026-09-16T17:50:00+02:00	0	0.0	low	0	away					0	0	0	0	0	0	0	46.0	0	0.6	2.5
2026-09-16T17:51:00+02:00	4	2.7	low	0	away					0	0	0	0	0	0	0	46.0	0	0.6	2.1
2026-09-16T17:52:00+02:00	1	0.8	low	0	away					0	0	0	0	0	0	0	45.6	0	0.6	4.6
2026-09-16T17:53:00+02:00	3	1.9	low	0	away					0	0	0	0	0	0	0	45.8	0	0.6	2.4
2026-09-16T17:54:00+02:00	2	1.5	low	0	away					0	0	0	0	0	0	0	45.4	0	0.5	3.7
2026-09-16T17:55:00+02:00	0	0.0	low	0	away					0	0	0	0	0	0	0	46.0	0	0.6	4.4
2026-09-16T17:56:00+02:00	35	24.7	moderate	0	away					0	0	0	0	0	0	0	46.0	0	0.6	3.1
2026-09-16T17:57:00+02:00	35	25.5	moderate	0	away					0	0	0	0	0	0	0	45.4	0	0.7	2.5
2026-09-16T17:58:00+02:00	31	23.2	moderate	0	away					0	0	0	0	0	0	0	45.6	0	0.6	3.6
2026-09-16T17:59:00+02:00	4	2.7	low	0	away					0	0	0	0	0	0	0	46.0	0	0.6	4.2
2026-09-16T18:00:00+02:00	3	1.9	low	0	away					0	0	0	0	0	0	0	45.5	0	0.6	3.0
2026-09-16T18:01:00+02:00	0	0.0	low	0	away					0	0	0	0	0	0	0	46.2	0	0.5	4.3
2026-09-16T18:02:00+02:00	18	13.0	low	0	away					0	0	0	0	0	0	0	45.4	0	0.7	3.8
2026-09-16T18:03:00+02:00	2	1.4	low	0	away					0	0	0	0	0	0	0	46.1	0	0.6	3.0
2026-09-16T18:04:00+02:00	28	18.0	moderate	0	away					0	0	0	0	0	0	0	46.0	0	0.6	4.7
2026-09-16T18:05:00+02:00	25	16.5	moderate	0	away					0	0	0	0	0	0	0	46.1	0	0.6	3.6
2026-09-16T18:06:00+02:00	1	0.7	low	0	away					0	0	0	0	0	0	0	45.5	0	0.7	4.8
2026-09-16T18:07:00+02:00	4	2.8	low	0	away					0	0	0	0	0	0	0	46.0	0	0.6	4.9
2026-09-16T18:08:00+02:00	2	1.5	low	0	away					0	0	0	0	0	0	0	45.8	0	0.7	3.0
2026-09-16T18:09:00+02:00	3	2.2	low	0	away					0	0	0	0	0	0	0	46.0	0	0.6	3.6
2026-09-16T18:10:00+02:00	32	23.8	moderate	0	away					0	0	0	0	0	0	0	45.4	0	0.6	3.1
2026-09-16T18:11:00+02:00	1	0.7	low	0	away					0	0	0	0	0	0	0	46.2	0	0.6	3.2
2026-09-16T18:12:00+02:00	3	2.1	low	0	away					0	0	0	0	0	0	0	46.1	0	0.6	2.1
2026-09-16T18:13:00+02:00	0	0.0	low	0	away					0	0	0	0	0	0	0	45.9	0	0.6	3.4
2026-09-16T18:14:00+02:00	3	2.1	low	0	away					0	0	0	0	0	0	0	46.0	0	0.6	2.3
2026-09-16T18:15:00+02:00	4	3.0	low	0	away					0	0	0	0	0	0	0	46.2	0	0.6	3.4
2026-09-16T18:16:00+02:00	5	3.3	low	0	away					0	0	0	0	0	0	0	46.1	0	0.5	2.1
2026-09-16T18:17:00+02:00	0	0.0	low	0	away					0	0	0	0	0	0	0	45.5	0	0.6	2.0
2026-09-16T18:18:00+02:00	2	1.5	low	0	away					0	0	0	0	0	0	0	45.9	0	0.6	2.5
2026-09-16T18:19:00+02:00	24	18.1	moderate	0	away					0	0	0	0	0	0	0	45.9	0	0.6	2.3
2026-09-16T18:20:00+02:00	1	0.7	low	0	away					0	0	0	0	0	0	0	46.1	0	0.5	3.6
2026-09-16T18:21:00+02:00	31	22.9	moderate	0	away					0	0	0	0	0	0	0	45.5	0	0.6	3.7
2026-09-16T18:22:00+02:00	0	0.0	low	0	away					0	0	0	0	0	0	0	45.6	0	0.6	4.2
2026-09-16T18:23:00+02:00	13	8.8	low	0	away					0	0	0	0	0	0	0	45.8	0	0.6	4.1
2026-09-16T18:24:00+02:00	0	0.0	low	0	away					0	0	0	0	0	0	0	45.9	0	0.6	2.1
2026-09-16T18:25:00+02:00	4	2.6	low	0	away					0	0	0	0	0	0	0	46.0	0	0.6	2.4
2026-09-16T18:26:00+02:00	15	10.9	low	0	away					0	0	0	0	0	0	0	45.8	0	0.6	3.1
2026-09-16T18:27:00+02:00	0	0.0	low	0	away					0	0	0	0	0	0	0	45.6	0	0.6	4.3
2026-09-16T18:28:00+02:00	1	0.8	low	0	away					0	0	0	0	0	0	0	46.1	0	0.6	3.2
2026-09-16T18:29:00+02:00	14	9.3	low	0	away					0	0	0	0	0	0	0	45.7	0	0.7	4.4
2026-09-16T18:30:00+02:00	6	4.0	low	0	toilet	7.54	0.71	5.43	6.28	0	1	0	0	0	0	0	47.7	0	0.6	115.0
2026-09-16T18:31:00+02:00	0	0.0	low	0	toilet	7.80	0.85	4.53	5.70	0	1	0	0	0	0	0	48.2	0	0.6	120.0
2026-09-16T18:32:00+02:00	6	4.1	low	0	toilet	7.69	1.02	5.35	5.61	0	1	0	0	0	0	0	48.7	0	0.7	118.0
2026-09-16T18:33:00+02:00	6	4.4	low	0	toilet	7.88	0.91	5.44	6.42	0	1	0	0	0	0	0	48.5	0	0.6	121.0
2026-09-16T18:34:00+02:00	1	0.7	low	0	toilet	7.10	1.14	5.11	5.51	0	1	0	0	0	1	0	49.4	0	0.6	123.0
2026-09-16T18:35:00+02:00	5	3.5	low	0	toilet	7.32	1.25	5.48	6.32	0	1	0	0	0	1	0	49.5	0	0.6	113.0
2026-09-16T18:36:00+02:00	6	4.0	low	0	toilet	7.57	0.64	5.46	5.99	0	1	0	0	0	0	0	50.1	0	0.6	121.0
2026-09-16T18:37:00+02:00	3	2.1	low	0	toilet	7.68	0.62	4.97	6.49	0	1	0	0	0	0	0	49.3	0	0.6	116.0
2026-09-16T18:38:00+02:00	0	0.0	low	0	toilet	7.28	1.10	5.03	6.17	0	1	0	0	0	0	0	49.2	0	0.6	117.0
2026-09-16T18:39:00+02:00	3	2.1	low	0	toilet	7.68	1.27	4.65	6.18	0	1	0	0	0	0	0	49.0	0	0.6	122.0
2026-09-16T18:40:00+02:00	9	5.8	low	0	kitchen	8.84	5.92	4.10	1.13	0	0	0	1	0	0	0	48.6	0	0.6	4.3
2026-09-16T18:41:00+02:00	14	9.2	low	0	kitchen	8.89	6.16	4.61	0.98	0	0	0	1	0	0	0	47.9	0	0.6	2.1
2026-09-16T18:42:00+02:00	4	2.7	low	0	kitchen	8.81	5.52	4.17	0.96	0	0	0	1	1	0	0	47.9	0	0.5	2.3
2026-09-16T18:43:00+02:00	10	7.3	low	0	kitchen	8.80	5.73	4.57	0.92	0	0	0	1	1	0	0	47.7	0	0.6	2.2
2026-09-16T18:44:00+02:00	6	4.2	low	0	kitchen	8.54	5.56	4.03	1.58	0	0	0	1	0	0	0	46.9	0	0.6	3.8
2026-09-16T18:45:00+02:00	18	11.7	low	0	kitchen	9.17	6.22	4.69	0.81	0	0	0	1	0	0	0	46.8	0	0.6	4.3
2026-09-16T18:46:00+02:00	7	4.6	low	0	kitchen	9.04	6.04	4.35	1.12	0	0	0	1	0	0	0	46.1	1	0.6	2.4
2026-09-16T18:47:00+02:00	15	10.7	low	0	kitchen	8.70	5.97	4.10	0.72	0	0	0	1	0	0	0	46.1	1	0.6	4.9
2026-09-16T18:48:00+02:00	12	8.2	low	0	kitchen	9.36	5.53	4.01	1.32	0	0	0	1	0	0	0	45.6	0	0.6	3.2
2026-09-16T18:49:00+02:00	16	10.6	low	0	kitchen	8.72	6.03	4.86	0.93	0	0	0	1	0	0	1	45.9	0	0.6	2.4
2026-09-16T18:50:00+02:00	14	9.8	low	0	kitchen	9.22	5.74	4.04	0.88	0	0	0	1	0	0	1	45.5	0	0.6	4.7
2026-09-16T18:51:00+02:00	11	7.2	low	0	kitchen	9.19	6.25	4.52	1.09	0	0	0	1	0	0	1	46.1	0	0.7	4.7
2026-09-16T18:52:00+02:00	16	10.8	low	0	kitchen	8.80	6.07	4.89	0.78	0	0	0	1	0	0	1	45.6	0	0.6	4.9
2026-09-16T18:53:00+02:00	4	2.7	low	0	kitchen	9.19	5.70	4.42	1.54	0	0	0	1	0	0	0	46.1	0	0.6	2.4
2026-09-16T18:54:00+02:00	11	8.0	low	0	kitchen	8.79	5.71	4.22	1.30	0	0	0	1	0	0	0	45.6	0	0.7	4.4
2026-09-16T18:55:00+02:00	3	2.1	low	0	kitchen	8.93	5.94	4.96	1.10	0	0	0	1	0	0	0	45.7	0	0.6	3.0
2026-09-16T18:56:00+02:00	5	3.3	low	0	kitchen	8.77	5.59	4.73	1.39	0	0	0	1	0	0	0	46.0	0	0.6	4.1
2026-09-16T18:57:00+02:00	18	12.8	low	0	kitchen	9.41	6.37	4.71	0.78	0	0	0	1	0	0	0	45.8	0	0.5	2.7
2026-09-16T18:58:00+02:00	10	6.9	low	0	kitchen	9.18	5.91	4.28	1.12	0	0	0	1	0	0	0	45.8	0	0.6	2.2
2026-09-16T18:59:00+02:00	6	4.3	low	0	kitchen	8.75	6.29	4.24	1.37	0	0	0	1	0	0	0	45.8	0	0.7	3.8
2026-09-16T19:00:00+02:00	18	13.4	low	0	kitchen	9.42	5.84	4.32	0.76	0	0	0	1	0	0	0	45.5	0	0.6	3.6
2026-09-16T19:01:00+02:00	16	10.8	low	0	kitchen	9.27	6.50	4.97	1.55	0	0	0	1	0	0	0	45.5	0	0.7	3.3
2026-09-16T19:02:00+02:00	7	4.9	low	0	kitchen	8.63	5.54	4.26	1.22	0	0	0	1	0	0	0	45.9	0	0.6	4.3
2026-09-16T19:03:00+02:00	17	12.7	low	0	kitchen	8.91	6.35	4.70	1.38	0	0	0	1	0	0	0	46.2	0	0.6	4.2
2026-09-16T19:04:00+02:00	7	5.3	low	0	kitchen	8.77	5.52	4.24	1.18	0	0	0	1	0	0	0	46.0	0	0.6	3.5
2026-09-16T19:05:00+02:00	16	10.7	low	0	kitchen	8.91	5.70	4.12	1.15	0	0	0	1	0	0	0	45.9	0	0.6	4.8
2026-09-16T19:06:00+02:00	6	3.9	low	0	kitchen	9.15	6.47	4.95	0.96	0	0	0	1	0	0	0	45.8	0	0.6	4.9
2026-09-16T19:07:00+02:00	5	3.2	low	0	kitchen	9.50	5.81	4.61	1.45	0	0	0	1	0	0	0	45.8	0	0.6	3.3
2026-09-16T19:08:00+02:00	11	8.1	low	0	kitchen	9.37	5.86	4.46	1.26	0	0	0	1	0	0	0	45.6	0	0.6	4.0
2026-09-16T19:09:00+02:00	4	2.6	low	0	kitchen	9.29	6.14	4.49	1.57	0	0	0	1	0	0	0	45.9	0	0.7	2.9
2026-09-16T19:10:00+02:00	0	0.0	low	0	living_room	6.92	5.33	1.36	4.10	0	0	0	0	0	0	0	46.1	0	80.4	3.9
2026-09-16T19:11:00+02:00	0	0.0	low	0	living_room	6.38	4.73	1.01	4.79	0	0	0	0	0	0	0	45.7	0	81.5	3.2
2026-09-16T19:12:00+02:00	0	0.0	low	0	living_room	6.37	5.05	1.30	4.87	0	0	0	0	0	0	0	46.0	0	79.5	4.3
2026-09-16T19:13:00+02:00	0	0.0	low	0	living_room	6.44	5.06	1.24	4.03	0	0	1	0	0	0	0	45.6	0	81.0	3.4
2026-09-16T19:14:00+02:00	0	0.0	low	0	living_room	6.98	5.46	1.03	4.50	0	0	0	0	0	0	0	46.0	0	85.8	2.4
2026-09-16T19:15:00+02:00	0	0.0	low	0	living_room	6.92	5.20	1.02	4.30	0	0	0	0	0	0	0	45.7	0	85.3	3.1
2026-09-16T19:16:00+02:00	0	0.0	low	0	living_room	6.91	5.06	1.25	4.24	0	0	0	0	0	0	0	45.7	0	80.4	3.7
2026-09-16T19:17:00+02:00	0	0.0	low	0	living_room	6.75	5.00	1.70	4.96	0	0	0	0	0	0	0	45.7	0	80.9	4.5
2026-09-16T19:18:00+02:00	0	0.0	low	0	living_room	6.97	5.42	1.46	4.28	0	0	1	0	0	0	0	46.0	0	83.2	3.3
2026-09-16T19:19:00+02:00	0	0.0	low	0	living_room	6.93	5.38	1.13	4.52	0	0	0	0	0	0	0	45.6	0	81.1	3.8
2026-09-16T19:20:00+02:00	0	0.0	low	0	living_room	6.43	5.09	0.88	4.22	0	0	0	0	0	0	0	46.2	0	79.7	3.4
2026-09-16T19:21:00+02:00	0	0.0	low	0	living_room	6.55	5.49	1.65	4.51	0	0	0	0	0	0	0	45.5	0	82.5	4.1
2026-09-16T19:22:00+02:00	0	0.0	low	0	living_room	7.00	4.97	1.55	4.14	0	0	0	0	0	0	0	46.2	0	81.3	2.4
2026-09-16T19:23:00+02:00	0	0.0	low	0	living_room	6.23	5.17	1.50	4.39	0	0	0	0	0	0	0	46.2	0	85.3	2.2
2026-09-16T19:24:00+02:00	0	0.0	low	0	living_room	6.56	4.72	1.68	4.31	0	0	0	0	0	0	0	46.1	0	81.8	3.9
2026-09-16T19:25:00+02:00	0	0.0	low	0	living_room	6.57	5.24	1.38	4.68	0	0	0	0	0	0	0	45.6	0	82.5	4.7
2026-09-16T19:26:00+02:00	0	0.0	low	0	living_room	6.24	4.56	1.59	4.85	0	0	0	0	0	0	0	46.2	0	82.5	4.5
2026-09-16T19:27:00+02:00	0	0.0	low	0	living_room	6.47	5.38	1.07	4.44	0	0	0	0	0	0	0	45.6	0	82.1	2.9
2026-09-16T19:28:00+02:00	0	0.0	low	0	living_room	6.97	4.61	1.74	4.88	0	0	0	0	0	0	0	46.2	0	80.7	3.1
2026-09-16T19:29:00+02:00	0	0.0	low	0	living_room	6.41	4.57	1.33	4.13	0	0	0	0	0	0	0	45.6	0	79.7	2.9
2026-09-16T19:30:00+02:00	0	0.0	low	0	living_room	6.42	4.79	0.82	4.80	0	0	0	0	0	0	0	46.1	0	78.1	3.4
2026-09-16T19:31:00+02:00	0	0.0	low	0	living_room	6.91	5.46	1.54	4.33	0	0	0	0	0	0	0	45.9	0	80.7	2.1
2026-09-16T19:32:00+02:00	0	0.0	low	0	living_room	6.19	4.61	1.80	4.81	0	0	0	0	0	0	0	45.7	0	79.8	2.0
2026-09-16T19:33:00+02:00	0	0.0	low	0	living_room	6.91	5.01	1.79	4.82	0	0	0	0	0	0	0	46.0	0	78.4	4.8
2026-09-16T19:34:00+02:00	0	0.0	low	0	living_room	6.41	4.66	1.46	4.98	0	0	0	0	0	0	0	46.1	0	80.5	2.7
2026-09-16T19:35:00+02:00	0	0.0	low	0	living_room	6.79	5.45	1.37	4.16	0	0	0	0	0	0	0	45.7	0	84.1	2.9
2026-09-16T19:36:00+02:00	0	0.0	low	0	living_room	6.39	4.59	0.83	4.26	0	0	0	0	0	0	0	45.7	0	84.4	4.9
2026-09-16T19:37:00+02:00	0	0.0	low	0	living_room	6.09	5.20	1.77	4.53	0	0	0	0	0	0	0	45.6	0	84.2	2.1
2026-09-16T19:38:00+02:00	0	0.0	low	0	living_room	6.78	4.62	1.39	4.25	0	0	0	0	0	0	0	46.0	0	79.5	3.0
2026-09-16T19:39:00+02:00	0	0.0	low	0	living_room	6.34	5.36	0.89	4.66	0	0	0	0	0	0	0	45.6	0	83.9	4.9
2026-09-16T19:40:00+02:00	0	0.0	low	0	living_room	6.35	5.22	1.22	4.86	0	0	0	0	0	0	0	45.9	0	81.5	2.6
2026-09-16T19:41:00+02:00	0	0.0	low	0	living_room	6.57	5.10	0.83	4.11	0	0	1	0	0	0	0	46.2	0	83.7	4.7
2026-09-16T19:42:00+02:00	0	0.0	low	0	living_room	6.56	5.38	1.30	4.87	0	0	0	0	0	0	0	45.9	0	82.8	4.0
2026-09-16T19:43:00+02:00	0	0.0	low	0	living_room	6.21	4.73	1.48	4.09	0	0	0	0	0	0	0	45.7	0	78.1	3.1
2026-09-16T19:44:00+02:00	0	0.0	low	0	living_room	6.35	5.44	1.53	4.18	0	0	0	0	0	0	0	45.6	0	81.7	4.9
2026-09-16T19:45:00+02:00	0	0.0	low	0	living_room	6.65	4.55	1.01	4.65	0	0	0	0	0	0	0	45.8	0	81.8	3.3
2026-09-16T19:46:00+02:00	0	0.0	low	0	living_room	6.91	4.65	1.47	4.36	0	0	0	0	0	0	0	46.1	0	81.5	2.3
2026-09-16T19:47:00+02:00	4	2.8	low	0	living_room	6.12	5.40	0.84	4.18	0	0	1	0	0	0	0	46.2	0	82.4	3.0
2026-09-16T19:48:00+02:00	0	0.0	low	0	living_room	6.25	4.80	1.70	4.51	0	0	0	0	0	0	0	46.2	0	84.1	4.7
2026-09-16T19:49:00+02:00	0	0.0	low	0	living_room	6.94	5.11	0.84	4.36	0	0	0	0	0	0	0	46.0	0	82.6	4.2
2026-09-16T19:50:00+02:00	0	0.0	low	0	living_room	6.98	4.59	1.13	4.76	0	0	0	0	0	0	0	45.7	0	84.3	4.4
2026-09-16T19:51:00+02:00	0	0.0	low	0	living_room	6.88	4.84	1.65	4.99	0	0	0	0	0	0	0	45.8	0	85.6	4.2
2026-09-16T19:52:00+02:00	0	0.0	low	0	living_room	6.54	4.61	1.01	4.94	0	0	0	0	0	0	0	45.7	0	78.8	3.1
2026-09-16T19:53:00+02:00	0	0.0	low	0	living_room	6.46	5.19	1.40	4.32	0	0	0	0	0	0	0	46.2	0	79.2	2.8
2026-09-16T19:54:00+02:00	0	0.0	low	0	living_room	6.75	5.11	1.26	4.07	0	0	0	0	0	0	0	46.3	0	83.1	2.7
2026-09-16T19:55:00+02:00	0	0.0	low	0	living_room	6.76	5.50	1.25	4.74	0	0	0	0	0	0	0	46.3	0	85.2	4.8
2026-09-16T19:56:00+02:00	0	0.0	low	0	living_room	6.52	4.88	1.39	4.80	0	0	0	0	0	0	0	45.8	0	85.3	2.5
2026-09-16T19:57:00+02:00	0	0.0	low	0	living_room	6.41	4.56	1.41	4.04	0	0	0	0	0	0	0	45.9	0	83.7	2.1
2026-09-16T19:58:00+02:00	0	0.0	low	0	living_room	6.98	4.99	1.12	4.07	0	0	0	0	0	0	0	46.0	0	80.3	2.1
2026-09-16T19:59:00+02:00	0	0.0	low	0	living_room	6.11	4.93	1.68	4.57	0	0	0	0	0	0	0	45.6	0	84.5	4.9
2026-09-16T20:00:00+02:00	0	0.0	low	0	living_room	6.49	5.12	1.51	4.36	0	0	0	0	0	0	0	45.8	0	83.6	0.3
2026-09-16T20:01:00+02:00	0	0.0	low	0	living_room	6.46	5.10	1.46	4.81	0	0	0	0	0	0	0	45.8	0	78.4	0.2
2026-09-16T20:02:00+02:00	0	0.0	low	0	living_room	6.19	4.81	1.22	4.48	0	0	0	0	0	0	0	45.7	0	80.3	0.3
2026-09-16T20:03:00+02:00	0	0.0	low	0	living_room	6.21	4.82	0.81	4.28	0	0	0	0	0	0	0	46.3	0	81.0	0.3
2026-09-16T20:04:00+02:00	0	0.0	low	0	living_room	6.05	4.88	1.20	4.84	0	0	0	0	0	0	0	46.4	0	85.8	0.3
2026-09-16T20:05:00+02:00	0	0.0	low	0	living_room	6.61	4.94	1.19	4.86	0	0	0	0	0	0	0	46.1	0	78.2	0.3
2026-09-16T20:06:00+02:00	0	0.0	low	0	living_room	6.72	4.67	0.88	4.38	0	0	0	0	0	0	0	45.9	0	84.7	0.3
2026-09-16T20:07:00+02:00	0	0.0	low	0	living_room	6.70	4.77	1.76	4.01	0	0	0	0	0	0	0	45.6	0	80.2	0.1
2026-09-16T20:08:00+02:00	0	0.0	low	0	living_room	6.42	5.15	1.66	4.83	0	0	0	0	0	0	0	45.9	0	84.2	0.2
2026-09-16T20:09:00+02:00	0	0.0	low	0	living_room	6.57	4.79	1.65	4.39	0	0	0	0	0	0	0	45.9	0	83.2	0.4
2026-09-16T20:10:00+02:00	3	2.2	low	0	living_room	6.25	5.10	1.76	4.03	0	0	1	0	0	0	0	46.1	0	85.2	0.2
2026-09-16T20:11:00+02:00	0	0.0	low	0	living_room	6.96	5.06	1.44	4.91	0	0	0	0	0	0	0	45.7	0	85.2	0.2
2026-09-16T20:12:00+02:00	0	0.0	low	0	living_room	6.82	4.61	1.06	4.86	0	0	0	0	0	0	0	46.1	0	83.8	0.3
2026-09-16T20:13:00+02:00	0	0.0	low	0	living_room	6.77	4.76	1.67	4.30	0	0	0	0	0	0	0	46.0	0	78.1	0.4
2026-09-16T20:14:00+02:00	0	0.0	low	0	living_room	6.99	4.66	1.75	4.57	0	0	0	0	0	0	0	46.1	0	84.3	0.2
2026-09-16T20:15:00+02:00	0	0.0	low	0	living_room	6.20	4.80	1.27	4.55	0	0	0	0	0	0	0	46.0	0	79.6	0.4
2026-09-16T20:16:00+02:00	3	2.3	low	0	living_room	6.08	4.51	1.23	4.17	0	0	1	0	0	0	0	46.1	0	83.4	0.4
2026-09-16T20:17:00+02:00	4	3.0	low	0	living_room	6.80	4.93	1.69	4.58	0	0	1	0	0	0	0	46.1	0	81.7	0.4
2026-09-16T20:18:00+02:00	0	0.0	low	0	living_room	6.91	4.63	1.78	4.13	0	0	0	0	0	0	0	46.0	0	80.4	0.3
2026-09-16T20:19:00+02:00	0	0.0	low	0	living_room	6.97	5.38	0.81	4.24	0	0	0	0	0	0	0	46.1	0	82.0	0.3
2026-09-16T20:20:00+02:00	0	0.0	low	0	living_room	6.68	4.90	1.29	4.27	0	0	0	0	0	0	0	45.8	0	85.4	0.5
2026-09-16T20:21:00+02:00	3	2.3	low	0	living_room	6.12	4.74	1.00	4.16	0	0	1	0	0	0	0	46.4	0	83.3	0.3
2026-09-16T20:22:00+02:00	0	0.0	low	0	living_room	6.05	5.48	1.14	4.81	0	0	0	0	0	0	0	46.2	0	81.9	0.2
2026-09-16T20:23:00+02:00	0	0.0	low	0	living_room	6.29	5.19	1.60	4.05	0	0	0	0	0	0	0	46.0	0	81.7	0.4
2026-09-16T20:24:00+02:00	0	0.0	low	0	living_room	6.21	4.55	1.30	4.94	0	0	0	0	0	0	0	45.8	0	85.5	0.4
2026-09-16T20:25:00+02:00	0	0.0	low	0	living_room	6.10	5.31	1.04	4.29	0	0	0	0	0	0	0	46.1	0	84.9	0.2
2026-09-16T20:26:00+02:00	0	0.0	low	0	living_room	6.92	5.44	1.55	4.01	0	0	0	0	0	0	0	46.1	0	85.2	0.2
2026-09-16T20:27:00+02:00	0	0.0	low	0	living_room	6.42	4.71	0.98	4.76	0	0	0	0	0	0	0	46.1	0	78.9	0.1
2026-09-16T20:28:00+02:00	0	0.0	low	0	living_room	6.17	5.12	0.87	4.73	0	0	0	0	0	0	0	45.8	0	83.5	0.4
2026-09-16T20:29:00+02:00	0	0.0	low	0	living_room	6.57	5.29	1.00	4.29	0	0	0	0	0	0	0	45.8	0	79.4	0.4
2026-09-16T20:30:00+02:00	0	0.0	low	0	living_room	6.46	4.73	0.84	4.69	0	0	1	0	0	0	0	46.3	0	82.0	0.2
2026-09-16T20:31:00+02:00	0	0.0	low	0	living_room	6.04	4.89	0.98	4.52	0	0	0	0	0	0	0	46.2	0	84.6	0.1
2026-09-16T20:32:00+02:00	0	0.0	low	0	living_room	6.12	5.05	0.81	4.90	0	0	0	0	0	0	0	45.7	0	82.3	0.5
2026-09-16T20:33:00+02:00	0	0.0	low	0	living_room	6.74	5.17	1.29	4.25	0	0	0	0	0	0	0	46.1	0	85.1	0.5
2026-09-16T20:34:00+02:00	0	0.0	low	0	living_room	6.60	5.02	1.42	4.00	0	0	0	0	0	0	0	46.4	0	78.3	0.1
2026-09-16T20:35:00+02:00	2	1.3	low	0	living_room	6.32	4.97	1.22	4.64	0	0	1	0	0	0	0	46.0	0	81.8	0.4
2026-09-16T20:36:00+02:00	0	0.0	low	0	living_room	6.36	4.75	1.75	4.20	0	0	1	0	0	0	0	46.2	0	83.7	0.2
2026-09-16T20:37:00+02:00	0	0.0	low	0	living_room	6.37	4.74	1.54	4.81	0	0	0	0	0	0	0	45.9	0	85.0	0.5
2026-09-16T20:38:00+02:00	1	0.7	low	0	living_room	6.14	5.04	1.02	4.79	0	0	1	0	0	0	0	46.5	0	78.2	0.1
2026-09-16T20:39:00+02:00	0	0.0	low	0	living_room	6.22	4.74	1.24	4.75	0	0	1	0	0	0	0	45.9	0	83.1	0.1
2026-09-16T20:40:00+02:00	0	0.0	low	0	living_room	6.74	5.46	1.68	4.72	0	0	0	0	0	0	0	46.4	0	80.1	0.1
2026-09-16T20:41:00+02:00	0	0.0	low	0	living_room	6.51	4.98	1.45	4.69	0	0	0	0	0	0	0	45.8	0	78.4	0.3
2026-09-16T20:42:00+02:00	0	0.0	low	0	living_room	6.69	4.63	0.96	4.01	0	0	0	0	0	0	0	46.3	0	80.4	0.4
2026-09-16T20:43:00+02:00	0	0.0	low	0	living_room	6.63	5.35	1.02	4.21	0	0	0	0	0	0	0	46.0	0	84.6	0.3
2026-09-16T20:44:00+02:00	0	0.0	low	0	living_room	6.61	4.97	1.20	4.03	0	0	0	0	0	0	0	46.2	0	83.3	0.5
2026-09-16T20:45:00+02:00	0	0.0	low	0	living_room	6.03	5.22	1.74	4.99	0	0	0	0	0	0	0	46.1	0	85.4	0.4
2026-09-16T20:46:00+02:00	4	2.9	low	0	living_room	6.13	4.81	1.75	4.54	0	0	1	0	0	0	0	45.8	0	78.9	0.5
2026-09-16T20:47:00+02:00	2	1.4	low	0	living_room	6.96	5.39	1.61	4.81	0	0	1	0	0	0	0	46.3	0	84.0	0.4
2026-09-16T20:48:00+02:00	0	0.0	low	0	living_room	6.77	5.12	1.18	4.70	0	0	0	0	0	0	0	45.8	0	85.7	0.1
2026-09-16T20:49:00+02:00	2	1.4	low	0	living_room	6.17	4.69	1.13	4.34	0	0	1	0	0	0	0	45.8	0	79.2	0.2
2026-09-16T20:50:00+02:00	0	0.0	low	0	living_room	6.71	4.50	0.89	4.47	0	0	0	0	0	0	0	46.2	0	84.5	0.5
2026-09-16T20:51:00+02:00	0	0.0	low	0	living_room	6.86	4.89	1.43	4.67	0	0	0	0	0	0	0	45.7	0	84.3	0.2
2026-09-16T20:52:00+02:00	2	1.4	low	0	living_room	6.67	4.80	0.80	4.85	0	0	1	0	0	0	0	45.8	0	81.5	0.4
2026-09-16T20:53:00+02:00	0	0.0	low	0	living_room	6.35	5.31	1.66	4.71	0	0	0	0	0	0	0	45.9	0	79.6	0.3
2026-09-16T20:54:00+02:00	0	0.0	low	0	living_room	6.21	4.87	0.95	4.98	0	0	0	0	0	0	0	45.9	0	78.3	0.5
2026-09-16T20:55:00+02:00	0	0.0	low	0	living_room	6.55	4.77	0.87	4.62	0	0	0	0	0	0	0	45.9	0	80.3	0.3
2026-09-16T20:56:00+02:00	0	0.0	low	0	living_room	6.47	4.88	0.86	4.09	0	0	0	0	0	0	0	46.2	0	85.2	0.4
2026-09-16T20:57:00+02:00	0	0.0	low	0	living_room	6.00	5.01	1.20	4.30	0	0	0	0	0	0	0	45.9	0	78.6	0.3
2026-09-16T20:58:00+02:00	0	0.0	low	0	living_room	6.79	5.39	1.41	4.43	0	0	1	0	0	0	0	46.4	0	82.4	0.4
2026-09-16T20:59:00+02:00	0	0.0	low	0	living_room	6.11	5.05	1.36	4.52	0	0	0	0	0	0	0	46.2	0	79.4	0.4
2026-09-16T21:00:00+02:00	0	0.0	low	0	living_room	6.33	4.54	1.24	4.37	0	0	0	0	0	0	0	46.2	0	82.1	0.5
2026-09-16T21:01:00+02:00	0	0.0	low	0	living_room	6.60	5.02	1.08	4.97	0	0	0	0	0	0	0	46.6	0	78.7	0.5
2026-09-16T21:02:00+02:00	0	0.0	low	0	living_room	6.25	4.85	1.27	4.08	0	0	0	0	0	0	0	45.8	0	82.5	0.3
2026-09-16T21:03:00+02:00	0	0.0	low	0	living_room	6.68	5.43	1.41	4.55	0	0	0	0	0	0	0	46.3	0	81.5	0.4
2026-09-16T21:04:00+02:00	0	0.0	low	0	living_room	6.46	4.69	0.83	4.21	0	0	0	0	0	0	0	46.5	0	78.8	0.2
2026-09-16T21:05:00+02:00	2	1.5	low	0	living_room	6.24	4.75	1.45	4.49	0	0	1	0	0	0	0	46.2	0	83.3	0.3
2026-09-16T21:06:00+02:00	0	0.0	low	0	living_room	6.53	5.15	1.48	4.62	0	0	0	0	0	0	0	46.1	0	83.4	0.3
2026-09-16T21:07:00+02:00	0	0.0	low	0	living_room	6.52	4.52	1.15	4.16	0	0	0	0	0	0	0	46.4	0	84.3	0.3
2026-09-16T21:08:00+02:00	0	0.0	low	0	living_room	6.48	4.68	1.64	4.98	0	0	0	0	0	0	0	46.4	0	79.7	0.5
2026-09-16T21:09:00+02:00	0	0.0	low	0	living_room	6.79	4.81	1.33	4.51	0	0	0	0	0	0	0	46.5	0	80.4	0.3
2026-09-16T21:10:00+02:00	0	0.0	low	0	living_room	6.85	4.96	1.44	4.68	0	0	1	0	0	0	0	46.4	0	80.6	0.5
2026-09-16T21:11:00+02:00	0	0.0	low	0	living_room	6.86	5.32	0.82	4.95	0	0	0	0	0	0	0	45.9	0	80.5	0.3
2026-09-16T21:12:00+02:00	0	0.0	low	0	living_room	6.52	5.12	1.13	4.43	0	0	0	0	0	0	0	46.4	0	82.5	0.5
2026-09-16T21:13:00+02:00	0	0.0	low	0	living_room	6.56	4.56	0.95	4.94	0	0	0	0	0	0	0	46.4	0	81.7	0.2
2026-09-16T21:14:00+02:00	0	0.0	low	0	living_room	6.74	5.32	1.18	4.48	0	0	0	0	0	0	0	46.3	0	84.7	0.3
2026-09-16T21:15:00+02:00	0	0.0	low	0	living_room	6.38	5.11	1.42	4.28	0	0	0	0	0	0	0	46.0	0	79.9	0.3
2026-09-16T21:16:00+02:00	0	0.0	low	0	living_room	6.66	5.06	0.90	4.29	0	0	0	0	0	0	0	46.5	0	78.8	0.4
2026-09-16T21:17:00+02:00	0	0.0	low	0	living_room	6.02	4.67	1.11	4.36	0	0	0	0	0	0	0	45.9	0	83.4	0.2
2026-09-16T21:18:00+02:00	0	0.0	low	0	living_room	6.28	4.99	1.05	5.00	0	0	0	0	0	0	0	46.2	0	78.5	0.3
2026-09-16T21:19:00+02:00	0	0.0	low	0	living_room	6.17	5.48	1.31	4.73	0	0	0	0	0	0	0	46.0	0	83.7	0.3
2026-09-16T21:20:00+02:00	0	0.0	low	0	living_room	6.39	4.98	0.95	4.29	0	0	0	0	0	0	0	45.8	0	83.4	0.3
2026-09-16T21:21:00+02:00	0	0.0	low	0	living_room	6.49	5.25	1.61	4.80	0	0	0	0	0	0	0	46.3	0	82.4	0.4
2026-09-16T21:22:00+02:00	0	0.0	low	0	living_room	6.30	4.63	0.98	4.26	0	0	0	0	0	0	0	45.9	0	81.8	0.5
2026-09-16T21:23:00+02:00	2	1.4	low	0	living_room	6.34	4.62	1.19	4.37	0	0	1	0	0	0	0	46.1	0	83.9	0.4
2026-09-16T21:24:00+02:00	0	0.0	low	0	living_room	6.07	4.67	1.44	4.42	0	0	0	0	0	0	0	46.2	0	79.6	0.4
2026-09-16T21:25:00+02:00	0	0.0	low	0	living_room	6.79	5.17	1.32	4.38	0	0	0	0	0	0	0	46.1	0	86.0	0.2
2026-09-16T21:26:00+02:00	0	0.0	low	0	living_room	6.73	4.77	1.29	4.08	0	0	1	0	0	0	0	46.4	0	85.9	0.4
2026-09-16T21:27:00+02:00	0	0.0	low	0	living_room	6.27	5.16	1.58	4.90	0	0	0	0	0	0	0	46.3	0	85.9	0.4
2026-09-16T21:28:00+02:00	0	0.0	low	0	living_room	6.62	4.82	1.05	4.55	0	0	0	0	0	0	0	46.6	0	81.5	0.1
2026-09-16T21:29:00+02:00	0	0.0	low	0	living_room	6.92	4.72	1.79	4.49	0	0	0	0	0	0	0	46.2	0	81.0	0.2
2026-09-16T21:30:00+02:00	5	3.4	low	0	toilet	7.94	0.69	4.78	5.55	0	1	0	0	0	0	0	47.5	0	0.6	114.0
2026-09-16T21:31:00+02:00	0	0.0	low	0	toilet	7.39	1.28	5.01	5.99	0	1	0	0	0	0	0	47.7	0	0.5	115.0
2026-09-16T21:32:00+02:00	6	4.5	low	0	toilet	7.52	1.19	4.57	5.54	0	1	0	0	0	0	0	47.7	0	0.6	119.0
2026-09-16T21:33:00+02:00	3	2.0	low	0	toilet	7.08	0.92	4.54	5.79	0	1	0	0	0	0	0	48.0	0	0.5	122.0
2026-09-16T21:34:00+02:00	2	1.4	low	0	toilet	7.81	0.77	5.07	5.76	0	1	0	0	0	1	0	48.4	0	0.6	117.0
2026-09-16T21:35:00+02:00	5	3.5	low	0	toilet	7.68	0.65	4.64	6.10	0	1	0	0	0	1	0	49.0	0	0.6	117.0
2026-09-16T21:36:00+02:00	6	3.9	low	0	toilet	7.62	0.82	5.31	5.74	0	1	0	0	0	0	0	49.7	0	0.7	116.0
2026-09-16T21:37:00+02:00	0	0.0	low	0	toilet	7.23	0.74	5.20	6.38	0	1	0	0	0	0	0	48.9	0	0.6	119.0
2026-09-16T21:38:00+02:00	3	2.1	low	0	toilet	7.38	0.92	4.50	5.56	0	1	0	0	0	0	0	48.7	0	0.6	120.0
2026-09-16T21:39:00+02:00	1	0.7	low	0	toilet	7.68	1.23	5.37	6.35	0	1	0	0	0	0	0	48.2	0	0.6	119.0
2026-09-16T21:40:00+02:00	0	0.0	low	0	bedroom	1.27	7.57	6.11	8.66	1	0	0	0	0	0	0	48.4	0	0.5	0.4
2026-09-16T21:41:00+02:00	0	0.0	low	0	bedroom	1.21	7.03	6.83	9.03	1	0	0	0	0	0	0	47.9	0	0.6	0.4
2026-09-16T21:42:00+02:00	0	0.0	low	0	bedroom	0.87	7.47	6.73	8.78	1	0	0	0	0	0	0	47.5	0	0.5	0.3
2026-09-16T21:43:00+02:00	1	0.7	low	0	bedroom	0.73	7.50	6.22	9.26	1	0	0	0	0	0	0	47.0	0	0.6	0.3
2026-09-16T21:44:00+02:00	0	0.0	low	0	bedroom	0.92	7.05	6.74	8.87	1	0	0	0	0	0	0	46.7	0	0.7	0.3
2026-09-16T21:45:00+02:00	0	0.0	low	0	bedroom	0.70	7.12	6.93	8.94	1	0	0	0	0	0	0	46.4	0	0.6	0.4
2026-09-16T21:46:00+02:00	0	0.0	low	0	bedroom	0.95	7.20	6.82	9.17	1	0	0	0	0	0	0	46.7	0	0.6	0.1
2026-09-16T21:47:00+02:00	0	0.0	low	0	bedroom	0.94	7.65	6.60	9.26	1	0	0	0	0	0	0	46.7	0	0.6	0.4
2026-09-16T21:48:00+02:00	0	0.0	low	0	bedroom	1.28	7.30	6.07	8.71	1	0	0	0	0	0	0	46.1	0	0.6	0.4
2026-09-16T21:49:00+02:00	0	0.0	low	0	bedroom	1.40	7.07	6.40	9.21	1	0	0	0	0	0	0	46.1	0	0.6	0.5
2026-09-16T21:50:00+02:00	1	0.7	low	0	bedroom	1.40	7.63	6.21	8.95	1	0	0	0	0	0	0	46.1	0	0.6	0.4
2026-09-16T21:51:00+02:00	0	0.0	low	0	bedroom	0.75	7.22	6.81	9.14	1	0	0	0	0	0	0	46.5	0	0.6	0.3
2026-09-16T21:52:00+02:00	1	0.7	low	0	bedroom	0.86	7.53	6.96	9.22	1	0	0	0	0	0	0	46.0	0	0.6	0.1
2026-09-16T21:53:00+02:00	0	0.0	low	0	bedroom	1.11	7.31	6.15	8.95	1	0	0	0	0	0	0	46.2	0	0.7	0.2
2026-09-16T21:54:00+02:00	0	0.0	low	0	bedroom	1.11	7.67	6.80	9.36	1	0	0	0	0	0	0	46.6	0	0.6	0.4
2026-09-16T21:55:00+02:00	0	0.0	low	0	bedroom	0.70	7.48	6.51	8.90	1	0	0	0	0	0	0	46.7	0	0.6	0.2
2026-09-16T21:56:00+02:00	0	0.0	low	0	bedroom	1.09	7.39	6.43	9.42	1	0	0	0	0	0	0	46.1	0	0.6	0.4
2026-09-16T21:57:00+02:00	0	0.0	low	0	bedroom	0.76	7.58	6.02	9.48	1	0	0	0	0	0	0	46.7	0	0.6	0.1
2026-09-16T21:58:00+02:00	0	0.0	low	0	bedroom	1.01	7.71	6.73	9.31	1	0	0	0	0	0	0	46.6	0	0.6	0.2
2026-09-16T21:59:00+02:00	0	0.0	low	0	bedroom	1.17	7.45	6.36	8.66	1	0	0	0	0	0	0	46.6	0	0.6	0.2
2026-09-16T22:00:00+02:00	0	0.0	low	0	bedroom	1.46	7.69	6.52	8.62	1	0	0	0	0	0	0	46.2	0	0.6	0.4
2026-09-16T22:01:00+02:00	0	0.0	low	0	bedroom	0.95	7.13	6.92	9.05	1	0	0	0	0	0	0	46.1	0	0.6	0.5
2026-09-16T22:02:00+02:00	0	0.0	low	0	bedroom	1.27	7.25	6.32	9.05	1	0	0	0	0	0	0	46.3	0	0.6	0.2
2026-09-16T22:03:00+02:00	0	0.0	low	0	bedroom	0.85	7.28	6.68	9.18	1	0	0	0	0	0	0	46.5	0	0.6	0.2
2026-09-16T22:04:00+02:00	0	0.0	low	0	bedroom	1.04	7.69	6.58	8.65	1	0	0	0	0	0	0	46.2	0	0.6	0.4
2026-09-16T22:05:00+02:00	0	0.0	low	0	bedroom	1.25	7.25	6.15	9.08	1	0	0	0	0	0	0	46.2	0	0.6	0.1
2026-09-16T22:06:00+02:00	3	1.9	low	0	bedroom	1.03	7.37	6.43	9.32	1	0	0	0	0	0	0	46.1	0	0.7	0.2
2026-09-16T22:07:00+02:00	0	0.0	low	0	bedroom	1.07	7.60	6.41	9.21	1	0	0	0	0	0	0	46.2	0	0.6	0.2
2026-09-16T22:08:00+02:00	0	0.0	low	0	bedroom	1.03	7.28	6.26	8.98	1	0	0	0	0	0	0	46.6	0	0.6	0.4
2026-09-16T22:09:00+02:00	3	2.1	low	0	bedroom	1.49	7.30	6.74	9.31	1	0	0	0	0	0	0	46.3	0	0.6	0.4
2026-09-16T22:10:00+02:00	0	0.0	low	0	bedroom	1.06	7.72	6.96	8.60	1	0	0	0	0	0	0	46.1	0	0.6	0.3
2026-09-16T22:11:00+02:00	0	0.0	low	0	bedroom	1.24	7.61	6.33	8.94	1	0	0	0	0	0	0	46.2	0	0.6	0.5
2026-09-16T22:12:00+02:00	0	0.0	low	0	bedroom	0.83	7.48	6.65	9.11	1	0	0	0	0	0	0	46.5	0	0.6	0.4
2026-09-16T22:13:00+02:00	0	0.0	low	0	bedroom	1.17	7.31	6.53	8.50	1	0	0	0	0	0	0	46.8	0	0.6	0.2
2026-09-16T22:14:00+02:00	0	0.0	low	0	bedroom	1.38	7.68	6.53	8.75	1	0	0	0	0	0	0	46.4	0	0.6	0.3
2026-09-16T22:15:00+02:00	0	0.0	sleep	1	bedroom	0.79	7.77	6.47	8.83	0	0	0	0	0	0	0	46.6	0	0.6	0.1
2026-09-16T22:16:00+02:00	0	0.0	sleep	1	bedroom	1.29	7.74	6.16	9.22	0	0	0	0	0	0	0	46.5	0	0.6	0.3
2026-09-16T22:17:00+02:00	0	0.0	sleep	1	bedroom	0.71	7.68	6.31	8.53	0	0	0	0	0	0	0	46.6	0	0.6	0.2
2026-09-16T22:18:00+02:00	0	0.0	sleep	1	bedroom	0.70	7.19	6.92	9.07	0	0	0	0	0	0	0	46.8	0	0.6	0.3
2026-09-16T22:19:00+02:00	0	0.0	sleep	1	bedroom	0.80	7.39	6.00	9.03	0	0	0	0	0	0	0	46.7	0	0.7	0.4
2026-09-16T22:20:00+02:00	0	0.0	sleep	1	bedroom	1.46	7.53	6.06	9.06	0	0	0	0	0	0	0	46.9	0	0.6	0.3
2026-09-16T22:21:00+02:00	0	0.0	sleep	1	bedroom	1.32	7.01	6.13	9.06	0	0	0	0	0	0	0	46.4	0	0.6	0.4
2026-09-16T22:22:00+02:00	0	0.0	sleep	1	bedroom	1.21	7.32	6.07	8.95	0	0	0	0	0	0	0	46.2	0	0.6	0.3
2026-09-16T22:23:00+02:00	0	0.0	sleep	1	bedroom	1.13	7.26	6.31	8.82	0	0	0	0	0	0	0	46.4	0	0.6	0.3
2026-09-16T22:24:00+02:00	0	0.0	sleep	1	bedroom	0.89	7.22	6.87	8.84	0	0	0	0	0	0	0	46.8	0	0.6	0.5
2026-09-16T22:25:00+02:00	0	0.0	sleep	1	bedroom	1.16	7.13	6.48	9.46	0	0	0	0	0	0	0	46.2	0	0.6	0.1
2026-09-16T22:26:00+02:00	0	0.0	sleep	1	bedroom	1.12	7.10	6.09	8.89	0	0	0	0	0	0	0	46.1	0	0.6	0.5
2026-09-16T22:27:00+02:00	0	0.0	sleep	1	bedroom	1.29	7.35	6.45	8.95	0	0	0	0	0	0	0	46.7	0	0.6	0.1
2026-09-16T22:28:00+02:00	0	0.0	sleep	1	bedroom	1.28	7.39	6.06	9.25	0	0	0	0	0	0	0	46.5	0	0.6	0.2
2026-09-16T22:29:00+02:00	0	0.0	sleep	1	bedroom	0.83	7.10	6.48	8.56	0	0	0	0	0	0	0	46.4	0	0.5	0.2
2026-09-16T22:30:00+02:00	1	0.7	sleep	1	bedroom	0.82	7.73	6.55	9.24	1	0	0	0	0	0	0	46.8	0	0.6	0.2
2026-09-16T22:31:00+02:00	0	0.0	sleep	1	bedroom	0.78	7.75	6.04	9.16	0	0	0	0	0	0	0	46.7	0	0.5	0.4
2026-09-16T22:32:00+02:00	0	0.0	sleep	1	bedroom	1.46	7.60	6.61	8.53	0	0	0	0	0	0	0	46.5	0	0.6	0.4
2026-09-16T22:33:00+02:00	0	0.0	sleep	1	bedroom	0.70	7.70	6.03	8.54	0	0	0	0	0	0	0	46.3	0	0.6	0.1
2026-09-16T22:34:00+02:00	0	0.0	sleep	1	bedroom	1.10	7.41	6.99	9.28	0	0	0	0	0	0	0	46.4	0	0.6	0.5
2026-09-16T22:35:00+02:00	0	0.0	sleep	1	bedroom	0.87	7.51	6.39	8.65	0	0	0	0	0	0	0	46.5	0	0.6	0.2
2026-09-16T22:36:00+02:00	0	0.0	sleep	1	bedroom	0.82	7.74	6.83	9.03	0	0	0	0	0	0	0	46.6	0	0.6	0.3
2026-09-16T22:37:00+02:00	0	0.0	sleep	1	bedroom	0.87	7.65	6.50	8.80	0	0	0	0	0	0	0	46.6	0	0.6	0.2
2026-09-16T22:38:00+02:00	0	0.0	sleep	1	bedroom	0.99	7.18	6.96	8.67	0	0	0	0	0	0	0	46.3	0	0.6	0.3
2026-09-16T22:39:00+02:00	0	0.0	sleep	1	bedroom	1.23	7.18	6.24	8.60	0	0	0	0	0	0	0	46.6	0	0.6	0.2
2026-09-16T22:40:00+02:00	0	0.0	sleep	1	bedroom	1.39	7.26	6.36	9.13	0	0	0	0	0	0	0	46.6	0	0.6	0.2
2026-09-16T22:41:00+02:00	0	0.0	sleep	1	bedroom	0.89	7.62	6.39	9.11	0	0	0	0	0	0	0	46.6	0	0.6	0.3
2026-09-16T22:42:00+02:00	0	0.0	sleep	1	bedroom	1.38	7.14	6.29	9.13	0	0	0	0	0	0	0	46.2	0	0.6	0.4
2026-09-16T22:43:00+02:00	0	0.0	sleep	1	bedroom	0.92	7.29	6.84	8.67	0	0	0	0	0	0	0	46.5	0	0.6	0.3
2026-09-16T22:44:00+02:00	0	0.0	sleep	1	bedroom	1.06	7.64	6.30	8.84	0	0	0	0	0	0	0	46.6	0	0.6	0.1
2026-09-16T22:45:00+02:00	0	0.0	sleep	1	bedroom	1.15	7.05	6.27	9.03	0	0	0	0	0	0	0	46.5	0	0.6	0.4
2026-09-16T22:46:00+02:00	0	0.0	sleep	1	bedroom	0.73	7.17	6.90	8.83	0	0	0	0	0	0	0	46.7	0	0.6	0.4
2026-09-16T22:47:00+02:00	0	0.0	sleep	1	bedroom	1.43	7.37	6.88	9.32	0	0	0	0	0	0	0	46.6	0	0.6	0.2
2026-09-16T22:48:00+02:00	0	0.0	sleep	1	bedroom	1.14	7.47	6.30	9.02	0	0	0	0	0	0	0	46.9	0	0.6	0.5
2026-09-16T22:49:00+02:00	0	0.0	sleep	1	bedroom	1.29	7.59	6.01	9.31	0	0	0	0	0	0	0	46.8	0	0.6	0.3
2026-09-16T22:50:00+02:00	0	0.0	sleep	1	bedroom	1.07	7.34	6.96	9.38	0	0	0	0	0	0	0	46.6	0	0.6	0.3
2026-09-16T22:51:00+02:00	0	0.0	sleep	1	bedroom	1.40	7.47	6.20	9.10	0	0	0	0	0	0	0	47.0	0	0.6	0.2
2026-09-16T22:52:00+02:00	0	0.0	sleep	1	bedroom	0.94	7.14	6.87	8.68	0	0	0	0	0	0	0	46.3	0	0.6	0.4
2026-09-16T22:53:00+02:00	0	0.0	sleep	1	bedroom	1.13	7.68	6.06	9.19	0	0	0	0	0	0	0	47.0	0	0.6	0.4
2026-09-16T22:54:00+02:00	0	0.0	sleep	1	bedroom	1.00	7.24	6.14	8.76	0	0	0	0	0	0	0	46.8	0	0.6	0.1
2026-09-16T22:55:00+02:00	0	0.0	sleep	1	bedroom	1.22	7.12	6.68	8.62	0	0	0	0	0	0	0	46.8	0	0.6	0.3
2026-09-16T22:56:00+02:00	0	0.0	sleep	1	bedroom	1.47	7.28	6.24	8.83	0	0	0	0	0	0	0	46.9	0	0.6	0.2
2026-09-16T22:57:00+02:00	0	0.0	sleep	1	bedroom	1.19	7.35	6.74	8.78	0	0	0	0	0	0	0	46.6	0	0.7	0.3
2026-09-16T22:58:00+02:00	0	0.0	sleep	1	bedroom	1.36	7.23	6.16	9.37	0	0	0	0	0	0	0	47.1	0	0.6	0.1
2026-09-16T22:59:00+02:00	0	0.0	sleep	1	bedroom	1.13	7.15	6.85	8.57	0	0	0	0	0	0	0	46.4	0	0.6	0.1
2026-09-16T23:00:00+02:00	0	0.0	sleep	1	bedroom	1.16	7.59	6.96	9.26	0	0	0	0	0	0	0	46.7	0	0.6	0.5
2026-09-16T23:01:00+02:00	0	0.0	sleep	1	bedroom	0.87	7.47	6.38	8.66	0	0	0	0	0	0	0	46.6	0	0.6	0.2
2026-09-16T23:02:00+02:00	0	0.0	sleep	1	bedroom	1.03	7.80	6.32	8.54	0	0	0	0	0	0	0	46.7	0	0.6	0.4
2026-09-16T23:03:00+02:00	0	0.0	sleep	1	bedroom	1.38	7.33	6.07	8.66	0	0	0	0	0	0	0	46.3	0	0.7	0.4
2026-09-16T23:04:00+02:00	0	0.0	sleep	1	bedroom	1.49	7.02	6.33	9.50	0	0	0	0	0	0	0	47.1	0	0.6	0.1
2026-09-16T23:05:00+02:00	0	0.0	sleep	1	bedroom	1.30	7.40	6.03	9.07	0	0	0	0	0	0	0	46.7	0	0.6	0.4
2026-09-16T23:06:00+02:00	0	0.0	sleep	1	bedroom	1.47	7.45	6.93	8.94	0	0	0	0	0	0	0	46.5	0	0.6	0.2
2026-09-16T23:07:00+02:00	0	0.0	sleep	1	bedroom	1.15	7.36	6.39	9.42	0	0	0	0	0	0	0	46.4	0	0.6	0.1
2026-09-16T23:08:00+02:00	0	0.0	sleep	1	bedroom	1.18	7.37	6.28	8.89	0	0	0	0	0	0	0	46.4	0	0.6	0.1
2026-09-16T23:09:00+02:00	0	0.0	sleep	1	bedroom	0.96	7.42	6.13	9.33	0	0	0	0	0	0	0	46.7	0	0.7	0.5
2026-09-16T23:10:00+02:00	0	0.0	sleep	1	bedroom	1.30	7.58	6.81	8.83	0	0	0	0	0	0	0	46.8	0	0.6	0.3
2026-09-16T23:11:00+02:00	0	0.0	sleep	1	bedroom	1.32	7.72	6.36	9.20	0	0	0	0	0	0	0	46.5	0	0.6	0.5
2026-09-16T23:12:00+02:00	0	0.0	sleep	1	bedroom	1.02	7.48	6.44	8.54	0	0	0	0	0	0	0	46.7	0	0.5	0.2
2026-09-16T23:13:00+02:00	0	0.0	sleep	1	bedroom	1.20	7.27	6.57	9.47	0	0	0	0	0	0	0	46.4	0	0.5	0.5
2026-09-16T23:14:00+02:00	0	0.0	sleep	1	bedroom	1.44	7.61	6.08	9.26	0	0	0	0	0	0	0	46.8	0	0.6	0.4
2026-09-16T23:15:00+02:00	0	0.0	sleep	1	bedroom	0.88	7.01	6.33	8.79	0	0	0	0	0	0	0	47.0	0	0.6	0.2
2026-09-16T23:16:00+02:00	0	0.0	sleep	1	bedroom	0.88	7.05	6.41	9.43	0	0	0	0	0	0	0	47.0	0	0.6	0.2
2026-09-16T23:17:00+02:00	0	0.0	sleep	1	bedroom	1.10	7.75	6.76	8.98	0	0	0	0	0	0	0	47.0	0	0.6	0.2
2026-09-16T23:18:00+02:00	0	0.0	sleep	1	bedroom	0.88	7.28	6.18	9.45	0	0	0	0	0	0	0	46.7	0	0.6	0.1
2026-09-16T23:19:00+02:00	0	0.0	sleep	1	bedroom	1.34	7.24	6.28	8.50	0	0	0	0	0	0	0	46.8	0	0.6	0.4
2026-09-16T23:20:00+02:00	0	0.0	sleep	1	bedroom	1.06	7.01	6.51	9.16	0	0	0	0	0	0	0	47.2	0	0.5	0.3
2026-09-16T23:21:00+02:00	0	0.0	sleep	1	bedroom	1.08	7.10	6.71	9.43	0	0	0	0	0	0	0	46.7	0	0.6	0.3
2026-09-16T23:22:00+02:00	0	0.0	sleep	1	bedroom	0.89	7.65	6.65	8.96	0	0	0	0	0	0	0	47.0	0	0.6	0.3
2026-09-16T23:23:00+02:00	0	0.0	sleep	1	bedroom	1.32	7.29	6.94	8.71	0	0	0	0	0	0	0	46.8	0	0.6	0.4
2026-09-16T23:24:00+02:00	0	0.0	sleep	1	bedroom	0.98	7.54	6.48	9.00	0	0	0	0	0	0	0	46.4	0	0.6	0.1
2026-09-16T23:25:00+02:00	0	0.0	sleep	1	bedroom	1.34	7.34	6.39	9.19	0	0	0	0	0	0	0	46.7	0	0.6	0.5
2026-09-16T23:26:00+02:00	2	1.5	sleep	1	bedroom	1.17	7.14	6.03	9.30	1	0	0	0	0	0	0	47.1	0	0.6	0.4
2026-09-16T23:27:00+02:00	0	0.0	sleep	1	bedroom	1.06	7.67	6.63	8.66	0	0	0	0	0	0	0	47.1	0	0.7	0.2
2026-09-16T23:28:00+02:00	0	0.0	sleep	1	bedroom	1.31	7.01	6.66	9.19	0	0	0	0	0	0	0	47.1	0	0.6	0.3
2026-09-16T23:29:00+02:00	0	0.0	sleep	1	bedroom	1.40	7.54	6.03	9.28	0	0	0	0	0	0	0	47.2	0	0.5	0.3
2026-09-16T23:30:00+02:00	0	0.0	sleep	1	bedroom	1.20	7.76	6.06	8.80	0	0	0	0	0	0	0	46.7	0	0.6	0.2
2026-09-16T23:31:00+02:00	0	0.0	sleep	1	bedroom	0.70	7.46	6.78	9.23	0	0	0	0	0	0	0	46.6	0	0.6	0.4
2026-09-16T23:32:00+02:00	0	0.0	sleep	1	bedroom	0.70	7.74	6.11	9.05	0	0	0	0	0	0	0	46.9	0	0.6	0.4
2026-09-16T23:33:00+02:00	0	0.0	sleep	1	bedroom	0.79	7.56	6.39	8.83	0	0	0	0	0	0	0	47.0	0	0.6	0.2
2026-09-16T23:34:00+02:00	0	0.0	sleep	1	bedroom	0.85	7.24	6.24	8.61	0	0	0	0	0	0	0	47.0	0	0.6	0.4
2026-09-16T23:35:00+02:00	0	0.0	sleep	1	bedroom	1.40	7.34	6.49	8.61	0	0	0	0	0	0	0	46.7	0	0.6	0.2
2026-09-16T23:36:00+02:00	0	0.0	sleep	1	bedroom	1.43	7.40	6.19	9.39	0	0	0	0	0	0	0	46.8	0	0.6	0.1
2026-09-16T23:37:00+02:00	0	0.0	sleep	1	bedroom	1.05	7.47	6.52	9.22	0	0	0	0	0	0	0	46.7	0	0.7	0.1
2026-09-16T23:38:00+02:00	0	0.0	sleep	1	bedroom	1.00	7.13	6.67	9.00	0	0	0	0	0	0	0	46.9	0	0.6	0.5
2026-09-16T23:39:00+02:00	0	0.0	sleep	1	bedroom	0.74	7.12	6.41	9.44	0	0	0	0	0	0	0	46.6	0	0.6	0.3
2026-09-16T23:40:00+02:00	0	0.0	sleep	1	bedroom	1.20	7.20	6.00	9.10	0	0	0	0	0	0	0	47.2	0	0.6	0.2
2026-09-16T23:41:00+02:00	0	0.0	sleep	1	bedroom	0.76	7.48	6.89	9.12	0	0	0	0	0	0	0	47.0	0	0.5	0.2
2026-09-16T23:42:00+02:00	0	0.0	sleep	1	bedroom	1.48	7.73	6.52	9.25	0	0	0	0	0	0	0	47.1	0	0.6	0.2
2026-09-16T23:43:00+02:00	0	0.0	sleep	1	bedroom	0.75	7.27	6.80	8.52	0	0	0	0	0	0	0	46.7	0	0.6	0.2
2026-09-16T23:44:00+02:00	0	0.0	sleep	1	bedroom	0.98	7.10	6.24	9.34	0	0	0	0	0	0	0	46.9	0	0.6	0.2
2026-09-16T23:45:00+02:00	0	0.0	sleep	1	bedroom	1.24	7.30	6.40	9.20	0	0	0	0	0	0	0	47.0	0	0.6	0.1
2026-09-16T23:46:00+02:00	0	0.0	sleep	1	bedroom	1.34	7.40	6.12	9.32	0	0	0	0	0	0	0	47.0	0	0.7	0.2
2026-09-16T23:47:00+02:00	0	0.0	sleep	1	bedroom	1.08	7.07	6.11	9.09	0	0	0	0	0	0	0	47.1	0	0.6	0.3
2026-09-16T23:48:00+02:00	0	0.0	sleep	1	bedroom	1.27	7.74	6.88	8.90	0	0	0	0	0	0	0	47.0	0	0.6	0.2
2026-09-16T23:49:00+02:00	1	0.7	sleep	1	bedroom	1.30	7.41	6.33	8.69	1	0	0	0	0	0	0	47.1	0	0.6	0.3
2026-09-16T23:50:00+02:00	0	0.0	sleep	1	bedroom	1.48	7.79	6.74	8.57	0	0	0	0	0	0	0	46.7	0	0.6	0.2
2026-09-16T23:51:00+02:00	0	0.0	sleep	1	bedroom	1.10	7.12	6.40	9.44	0	0	0	0	0	0	0	46.7	0	0.6	0.3
2026-09-16T23:52:00+02:00	0	0.0	sleep	1	bedroom	0.99	7.05	6.51	9.13	0	0	0	0	0	0	0	46.6	0	0.6	0.4
2026-09-16T23:53:00+02:00	0	0.0	sleep	1	bedroom	0.99	7.07	6.04	8.84	0	0	0	0	0	0	0	46.6	0	0.6	0.5
2026-09-16T23:54:00+02:00	0	0.0	sleep	1	bedroom	1.43	7.20	6.89	9.33	0	0	0	0	0	0	0	47.2	0	0.6	0.2
2026-09-16T23:55:00+02:00	0	0.0	sleep	1	bedroom	1.06	7.67	6.81	8.75	0	0	0	0	0	0	0	46.7	0	0.6	0.5
2026-09-16T23:56:00+02:00	0	0.0	sleep	1	bedroom	0.92	7.73	6.37	8.93	0	0	0	0	0	0	0	47.0	0	0.6	0.5
2026-09-16T23:57:00+02:00	0	0.0	sleep	1	bedroom	1.43	7.63	6.08	9.02	0	0	0	0	0	0	0	47.0	0	0.6	0.4
2026-09-16T23:58:00+02:00	0	0.0	sleep	1	bedroom	0.88	7.22	6.26	8.61	0	0	0	0	0	0	0	46.7	0	0.6	0.4
2026-09-16T23:59:00+02:00	0	0.0	sleep	1	bedroom	1.16	7.59	6.42	9.06	0	0	0	0	0	0	0	47.1	0	0.6	0.2
